                 	
                 	; Compact mu-law remains in RAM. A byte selects a deduplicated packet row;
                 	; the row was calculated with the full standard16-bit G.711 decoded level.
                 	; Main BC=00FE, D=16, E=feedback ordinal*4, HL=current FIRST /table cursor,
                 	; IY=current SECOND. Alternate DE is the compressed-byte cursor. IX holds
                 	; the next bank tail. SP reads four-byte records, never writes a PCM buffer.
                 	; FIRST pointers are64-byte aligned: low six bits carry the successor state.
                 	; The two eight-pulse routines overlap lookup of the following sample.
                 	
8000              	first_address: EQU 57344
8000              	progress_first: EQU 3
8000              	packet_map: EQU 44800
8000              	initial_feedback_offset: EQU 20
8000              	guard_feedback_offset: EQU 40
8000              	first_resume_offset: EQU 9
8000              	loop_idle_pairs: EQU 0
8000              	resident_reserve: EQU 12544
8000              	idle_pad_loads: EQU 0
8000              	idle_pad_nops: EQU 0
8000              	idle_count_0: EQU 0
8000              	idle_count_1: EQU 0
8000              	idle_count_2: EQU 0
8000              	idle_count_3: EQU 0
8000              	idle_count_4: EQU 0
8000              	idle_count_5: EQU 0
8000              	first_address_0: EQU 33792
8000              	second_address_0: EQU 39872
8000              	first_address_1: EQU 33856
8000              	second_address_1: EQU 39916
8000              	first_address_2: EQU 33920
8000              	second_address_2: EQU 39960
8000              	first_address_3: EQU -1
8000              	second_address_3: EQU -1
8000              	first_address_4: EQU 33984
8000              	second_address_4: EQU 40004
8000              	first_address_5: EQU -1
8000              	second_address_5: EQU -1
8000              	first_address_6: EQU -1
8000              	second_address_6: EQU -1
8000              	first_address_7: EQU -1
8000              	second_address_7: EQU -1
8000              	first_address_8: EQU 34048
8000              	second_address_8: EQU 40048
8000              	first_address_9: EQU -1
8000              	second_address_9: EQU 40092
8000              	first_address_10: EQU -1
8000              	second_address_10: EQU -1
8000              	first_address_11: EQU -1
8000              	second_address_11: EQU -1
8000              	first_address_12: EQU -1
8000              	second_address_12: EQU -1
8000              	first_address_13: EQU -1
8000              	second_address_13: EQU -1
8000              	first_address_14: EQU -1
8000              	second_address_14: EQU -1
8000              	first_address_15: EQU -1
8000              	second_address_15: EQU -1
8000              	first_address_16: EQU 34112
8000              	second_address_16: EQU 40136
8000              	first_address_17: EQU 34176
8000              	second_address_17: EQU 40180
8000              	first_address_18: EQU 34240
8000              	second_address_18: EQU 40224
8000              	first_address_19: EQU -1
8000              	second_address_19: EQU -1
8000              	first_address_20: EQU -1
8000              	second_address_20: EQU 40268
8000              	first_address_21: EQU -1
8000              	second_address_21: EQU -1
8000              	first_address_22: EQU -1
8000              	second_address_22: EQU -1
8000              	first_address_23: EQU -1
8000              	second_address_23: EQU -1
8000              	first_address_24: EQU -1
8000              	second_address_24: EQU -1
8000              	first_address_25: EQU -1
8000              	second_address_25: EQU -1
8000              	first_address_26: EQU -1
8000              	second_address_26: EQU -1
8000              	first_address_27: EQU -1
8000              	second_address_27: EQU -1
8000              	first_address_28: EQU -1
8000              	second_address_28: EQU -1
8000              	first_address_29: EQU -1
8000              	second_address_29: EQU -1
8000              	first_address_30: EQU -1
8000              	second_address_30: EQU -1
8000              	first_address_31: EQU -1
8000              	second_address_31: EQU -1
8000              	first_address_32: EQU 34304
8000              	second_address_32: EQU 40312
8000              	first_address_33: EQU 34368
8000              	second_address_33: EQU 40356
8000              	first_address_34: EQU 34432
8000              	second_address_34: EQU 40400
8000              	first_address_35: EQU -1
8000              	second_address_35: EQU -1
8000              	first_address_36: EQU 34496
8000              	second_address_36: EQU 40444
8000              	first_address_37: EQU -1
8000              	second_address_37: EQU 40488
8000              	first_address_38: EQU -1
8000              	second_address_38: EQU -1
8000              	first_address_39: EQU -1
8000              	second_address_39: EQU -1
8000              	first_address_40: EQU -1
8000              	second_address_40: EQU 40532
8000              	first_address_41: EQU 34560
8000              	second_address_41: EQU 40576
8000              	first_address_42: EQU 34624
8000              	second_address_42: EQU 40620
8000              	first_address_43: EQU -1
8000              	second_address_43: EQU -1
8000              	first_address_44: EQU -1
8000              	second_address_44: EQU 40664
8000              	first_address_45: EQU -1
8000              	second_address_45: EQU 40708
8000              	first_address_46: EQU -1
8000              	second_address_46: EQU -1
8000              	first_address_47: EQU -1
8000              	second_address_47: EQU -1
8000              	first_address_48: EQU -1
8000              	second_address_48: EQU -1
8000              	first_address_49: EQU -1
8000              	second_address_49: EQU -1
8000              	first_address_50: EQU -1
8000              	second_address_50: EQU 40752
8000              	first_address_51: EQU -1
8000              	second_address_51: EQU 40796
8000              	first_address_52: EQU -1
8000              	second_address_52: EQU -1
8000              	first_address_53: EQU -1
8000              	second_address_53: EQU 40840
8000              	first_address_54: EQU -1
8000              	second_address_54: EQU -1
8000              	first_address_55: EQU -1
8000              	second_address_55: EQU -1
8000              	first_address_56: EQU -1
8000              	second_address_56: EQU -1
8000              	first_address_57: EQU -1
8000              	second_address_57: EQU -1
8000              	first_address_58: EQU -1
8000              	second_address_58: EQU -1
8000              	first_address_59: EQU -1
8000              	second_address_59: EQU -1
8000              	first_address_60: EQU -1
8000              	second_address_60: EQU -1
8000              	first_address_61: EQU -1
8000              	second_address_61: EQU -1
8000              	first_address_62: EQU -1
8000              	second_address_62: EQU -1
8000              	first_address_63: EQU -1
8000              	second_address_63: EQU -1
8000              	first_address_64: EQU 34688
8000              	second_address_64: EQU 40884
8000              	first_address_65: EQU 34752
8000              	second_address_65: EQU 40928
8000              	first_address_66: EQU 34816
8000              	second_address_66: EQU 40972
8000              	first_address_67: EQU -1
8000              	second_address_67: EQU -1
8000              	first_address_68: EQU 34880
8000              	second_address_68: EQU 41016
8000              	first_address_69: EQU -1
8000              	second_address_69: EQU -1
8000              	first_address_70: EQU -1
8000              	second_address_70: EQU -1
8000              	first_address_71: EQU -1
8000              	second_address_71: EQU -1
8000              	first_address_72: EQU 34944
8000              	second_address_72: EQU 41060
8000              	first_address_73: EQU 35008
8000              	second_address_73: EQU 41104
8000              	first_address_74: EQU 35072
8000              	second_address_74: EQU 41148
8000              	first_address_75: EQU -1
8000              	second_address_75: EQU -1
8000              	first_address_76: EQU 35136
8000              	second_address_76: EQU 41192
8000              	first_address_77: EQU -1
8000              	second_address_77: EQU 41236
8000              	first_address_78: EQU -1
8000              	second_address_78: EQU -1
8000              	first_address_79: EQU -1
8000              	second_address_79: EQU -1
8000              	first_address_80: EQU 35200
8000              	second_address_80: EQU -1
8000              	first_address_81: EQU 35264
8000              	second_address_81: EQU 41280
8000              	first_address_82: EQU 35328
8000              	second_address_82: EQU 41324
8000              	first_address_83: EQU 35392
8000              	second_address_83: EQU 41368
8000              	first_address_84: EQU 35456
8000              	second_address_84: EQU 41412
8000              	first_address_85: EQU 35520
8000              	second_address_85: EQU 41456
8000              	first_address_86: EQU -1
8000              	second_address_86: EQU 41500
8000              	first_address_87: EQU -1
8000              	second_address_87: EQU -1
8000              	first_address_88: EQU -1
8000              	second_address_88: EQU -1
8000              	first_address_89: EQU 35584
8000              	second_address_89: EQU 41544
8000              	first_address_90: EQU 35648
8000              	second_address_90: EQU 41588
8000              	first_address_91: EQU -1
8000              	second_address_91: EQU 41632
8000              	first_address_92: EQU -1
8000              	second_address_92: EQU -1
8000              	first_address_93: EQU -1
8000              	second_address_93: EQU 41676
8000              	first_address_94: EQU -1
8000              	second_address_94: EQU -1
8000              	first_address_95: EQU -1
8000              	second_address_95: EQU -1
8000              	first_address_96: EQU -1
8000              	second_address_96: EQU -1
8000              	first_address_97: EQU -1
8000              	second_address_97: EQU -1
8000              	first_address_98: EQU 35712
8000              	second_address_98: EQU -1
8000              	first_address_99: EQU -1
8000              	second_address_99: EQU -1
8000              	first_address_100: EQU 35776
8000              	second_address_100: EQU -1
8000              	first_address_101: EQU 35840
8000              	second_address_101: EQU 41720
8000              	first_address_102: EQU 35904
8000              	second_address_102: EQU 41764
8000              	first_address_103: EQU -1
8000              	second_address_103: EQU -1
8000              	first_address_104: EQU -1
8000              	second_address_104: EQU -1
8000              	first_address_105: EQU 35968
8000              	second_address_105: EQU -1
8000              	first_address_106: EQU 36032
8000              	second_address_106: EQU 41808
8000              	first_address_107: EQU 36096
8000              	second_address_107: EQU 41852
8000              	first_address_108: EQU 36160
8000              	second_address_108: EQU -1
8000              	first_address_109: EQU 36224
8000              	second_address_109: EQU 41896
8000              	first_address_110: EQU -1
8000              	second_address_110: EQU 41940
8000              	first_address_111: EQU -1
8000              	second_address_111: EQU -1
8000              	first_address_112: EQU -1
8000              	second_address_112: EQU -1
8000              	first_address_113: EQU -1
8000              	second_address_113: EQU -1
8000              	first_address_114: EQU 36288
8000              	second_address_114: EQU -1
8000              	first_address_115: EQU 36352
8000              	second_address_115: EQU -1
8000              	first_address_116: EQU 36416
8000              	second_address_116: EQU -1
8000              	first_address_117: EQU 36480
8000              	second_address_117: EQU 41984
8000              	first_address_118: EQU 36544
8000              	second_address_118: EQU 42028
8000              	first_address_119: EQU 36608
8000              	second_address_119: EQU 42072
8000              	first_address_120: EQU -1
8000              	second_address_120: EQU -1
8000              	first_address_121: EQU -1
8000              	second_address_121: EQU -1
8000              	first_address_122: EQU 36672
8000              	second_address_122: EQU -1
8000              	first_address_123: EQU 36736
8000              	second_address_123: EQU 42116
8000              	first_address_124: EQU -1
8000              	second_address_124: EQU -1
8000              	first_address_125: EQU 36800
8000              	second_address_125: EQU 42160
8000              	first_address_126: EQU 36864
8000              	second_address_126: EQU 42204
8000              	first_address_127: EQU 36928
8000              	second_address_127: EQU 42248
8000              	first_address_128: EQU 36992
8000              	second_address_128: EQU 42292
8000              	first_address_129: EQU 37056
8000              	second_address_129: EQU 42336
8000              	first_address_130: EQU 37120
8000              	second_address_130: EQU 42380
8000              	first_address_131: EQU -1
8000              	second_address_131: EQU -1
8000              	first_address_132: EQU 37184
8000              	second_address_132: EQU 42424
8000              	first_address_133: EQU 37248
8000              	second_address_133: EQU -1
8000              	first_address_134: EQU -1
8000              	second_address_134: EQU -1
8000              	first_address_135: EQU -1
8000              	second_address_135: EQU -1
8000              	first_address_136: EQU -1
8000              	second_address_136: EQU 42468
8000              	first_address_137: EQU 37312
8000              	second_address_137: EQU 42512
8000              	first_address_138: EQU 37376
8000              	second_address_138: EQU 42556
8000              	first_address_139: EQU 37440
8000              	second_address_139: EQU -1
8000              	first_address_140: EQU 37504
8000              	second_address_140: EQU -1
8000              	first_address_141: EQU 37568
8000              	second_address_141: EQU -1
8000              	first_address_142: EQU -1
8000              	second_address_142: EQU -1
8000              	first_address_143: EQU -1
8000              	second_address_143: EQU -1
8000              	first_address_144: EQU -1
8000              	second_address_144: EQU -1
8000              	first_address_145: EQU -1
8000              	second_address_145: EQU 42600
8000              	first_address_146: EQU 37632
8000              	second_address_146: EQU 42644
8000              	first_address_147: EQU 37696
8000              	second_address_147: EQU -1
8000              	first_address_148: EQU 37760
8000              	second_address_148: EQU 42688
8000              	first_address_149: EQU 37824
8000              	second_address_149: EQU 42732
8000              	first_address_150: EQU 37888
8000              	second_address_150: EQU -1
8000              	first_address_151: EQU -1
8000              	second_address_151: EQU -1
8000              	first_address_152: EQU -1
8000              	second_address_152: EQU -1
8000              	first_address_153: EQU 37952
8000              	second_address_153: EQU 42776
8000              	first_address_154: EQU 38016
8000              	second_address_154: EQU 42820
8000              	first_address_155: EQU 38080
8000              	second_address_155: EQU -1
8000              	first_address_156: EQU -1
8000              	second_address_156: EQU -1
8000              	first_address_157: EQU 38144
8000              	second_address_157: EQU -1
8000              	first_address_158: EQU -1
8000              	second_address_158: EQU -1
8000              	first_address_159: EQU -1
8000              	second_address_159: EQU -1
8000              	first_address_160: EQU -1
8000              	second_address_160: EQU -1
8000              	first_address_161: EQU -1
8000              	second_address_161: EQU -1
8000              	first_address_162: EQU -1
8000              	second_address_162: EQU 42864
8000              	first_address_163: EQU -1
8000              	second_address_163: EQU -1
8000              	first_address_164: EQU -1
8000              	second_address_164: EQU 42908
8000              	first_address_165: EQU 38208
8000              	second_address_165: EQU 42952
8000              	first_address_166: EQU 38272
8000              	second_address_166: EQU 42996
8000              	first_address_167: EQU -1
8000              	second_address_167: EQU -1
8000              	first_address_168: EQU -1
8000              	second_address_168: EQU -1
8000              	first_address_169: EQU -1
8000              	second_address_169: EQU 43040
8000              	first_address_170: EQU 38336
8000              	second_address_170: EQU 43084
8000              	first_address_171: EQU 38400
8000              	second_address_171: EQU 43128
8000              	first_address_172: EQU -1
8000              	second_address_172: EQU 43172
8000              	first_address_173: EQU 38464
8000              	second_address_173: EQU 43216
8000              	first_address_174: EQU 38528
8000              	second_address_174: EQU 43260
8000              	first_address_175: EQU 38592
8000              	second_address_175: EQU -1
8000              	first_address_176: EQU -1
8000              	second_address_176: EQU -1
8000              	first_address_177: EQU -1
8000              	second_address_177: EQU -1
8000              	first_address_178: EQU -1
8000              	second_address_178: EQU 43304
8000              	first_address_179: EQU -1
8000              	second_address_179: EQU 43348
8000              	first_address_180: EQU -1
8000              	second_address_180: EQU -1
8000              	first_address_181: EQU 38656
8000              	second_address_181: EQU 43392
8000              	first_address_182: EQU 38720
8000              	second_address_182: EQU 43436
8000              	first_address_183: EQU 38784
8000              	second_address_183: EQU 43480
8000              	first_address_184: EQU -1
8000              	second_address_184: EQU -1
8000              	first_address_185: EQU -1
8000              	second_address_185: EQU -1
8000              	first_address_186: EQU -1
8000              	second_address_186: EQU -1
8000              	first_address_187: EQU 38848
8000              	second_address_187: EQU 43524
8000              	first_address_188: EQU -1
8000              	second_address_188: EQU -1
8000              	first_address_189: EQU 38912
8000              	second_address_189: EQU 43568
8000              	first_address_190: EQU 38976
8000              	second_address_190: EQU 43612
8000              	first_address_191: EQU 39040
8000              	second_address_191: EQU 43656
8000              	first_address_192: EQU -1
8000              	second_address_192: EQU -1
8000              	first_address_193: EQU -1
8000              	second_address_193: EQU -1
8000              	first_address_194: EQU -1
8000              	second_address_194: EQU -1
8000              	first_address_195: EQU -1
8000              	second_address_195: EQU -1
8000              	first_address_196: EQU -1
8000              	second_address_196: EQU -1
8000              	first_address_197: EQU -1
8000              	second_address_197: EQU -1
8000              	first_address_198: EQU -1
8000              	second_address_198: EQU -1
8000              	first_address_199: EQU -1
8000              	second_address_199: EQU -1
8000              	first_address_200: EQU -1
8000              	second_address_200: EQU -1
8000              	first_address_201: EQU -1
8000              	second_address_201: EQU -1
8000              	first_address_202: EQU -1
8000              	second_address_202: EQU 43700
8000              	first_address_203: EQU -1
8000              	second_address_203: EQU -1
8000              	first_address_204: EQU -1
8000              	second_address_204: EQU 43744
8000              	first_address_205: EQU -1
8000              	second_address_205: EQU 43788
8000              	first_address_206: EQU -1
8000              	second_address_206: EQU -1
8000              	first_address_207: EQU -1
8000              	second_address_207: EQU -1
8000              	first_address_208: EQU -1
8000              	second_address_208: EQU -1
8000              	first_address_209: EQU -1
8000              	second_address_209: EQU -1
8000              	first_address_210: EQU -1
8000              	second_address_210: EQU 43832
8000              	first_address_211: EQU -1
8000              	second_address_211: EQU 43876
8000              	first_address_212: EQU -1
8000              	second_address_212: EQU -1
8000              	first_address_213: EQU -1
8000              	second_address_213: EQU 43920
8000              	first_address_214: EQU 39104
8000              	second_address_214: EQU 43964
8000              	first_address_215: EQU -1
8000              	second_address_215: EQU 44008
8000              	first_address_216: EQU -1
8000              	second_address_216: EQU -1
8000              	first_address_217: EQU -1
8000              	second_address_217: EQU -1
8000              	first_address_218: EQU -1
8000              	second_address_218: EQU 44052
8000              	first_address_219: EQU 39168
8000              	second_address_219: EQU 44096
8000              	first_address_220: EQU -1
8000              	second_address_220: EQU -1
8000              	first_address_221: EQU 39232
8000              	second_address_221: EQU 44140
8000              	first_address_222: EQU 39296
8000              	second_address_222: EQU 44184
8000              	first_address_223: EQU 39360
8000              	second_address_223: EQU 44228
8000              	first_address_224: EQU -1
8000              	second_address_224: EQU -1
8000              	first_address_225: EQU -1
8000              	second_address_225: EQU -1
8000              	first_address_226: EQU -1
8000              	second_address_226: EQU -1
8000              	first_address_227: EQU -1
8000              	second_address_227: EQU -1
8000              	first_address_228: EQU -1
8000              	second_address_228: EQU -1
8000              	first_address_229: EQU -1
8000              	second_address_229: EQU -1
8000              	first_address_230: EQU -1
8000              	second_address_230: EQU -1
8000              	first_address_231: EQU -1
8000              	second_address_231: EQU -1
8000              	first_address_232: EQU -1
8000              	second_address_232: EQU -1
8000              	first_address_233: EQU -1
8000              	second_address_233: EQU -1
8000              	first_address_234: EQU -1
8000              	second_address_234: EQU -1
8000              	first_address_235: EQU -1
8000              	second_address_235: EQU 44272
8000              	first_address_236: EQU -1
8000              	second_address_236: EQU -1
8000              	first_address_237: EQU -1
8000              	second_address_237: EQU 44316
8000              	first_address_238: EQU 39424
8000              	second_address_238: EQU 44360
8000              	first_address_239: EQU 39488
8000              	second_address_239: EQU 44404
8000              	first_address_240: EQU -1
8000              	second_address_240: EQU -1
8000              	first_address_241: EQU -1
8000              	second_address_241: EQU -1
8000              	first_address_242: EQU -1
8000              	second_address_242: EQU -1
8000              	first_address_243: EQU -1
8000              	second_address_243: EQU -1
8000              	first_address_244: EQU -1
8000              	second_address_244: EQU -1
8000              	first_address_245: EQU -1
8000              	second_address_245: EQU -1
8000              	first_address_246: EQU -1
8000              	second_address_246: EQU 44448
8000              	first_address_247: EQU 39552
8000              	second_address_247: EQU 44492
8000              	first_address_248: EQU -1
8000              	second_address_248: EQU -1
8000              	first_address_249: EQU -1
8000              	second_address_249: EQU -1
8000              	first_address_250: EQU -1
8000              	second_address_250: EQU -1
8000              	first_address_251: EQU 39616
8000              	second_address_251: EQU 44536
8000              	first_address_252: EQU -1
8000              	second_address_252: EQU -1
8000              	first_address_253: EQU 39680
8000              	second_address_253: EQU 44580
8000              	first_address_254: EQU 39744
8000              	second_address_254: EQU 44624
8000              	first_address_255: EQU 39808
8000              	second_address_255: EQU 44668
8000              	        INCLUDE "config.inc"
8000              	        ORG 0x8000
                 	
8000              	LOAD_AUDIO: MACRO
8000              	        LD BC,0x7FFD
8000              	        LD A,\0+24
8000              	        OUT (C),A
8000              	        LD (load_bank),A
8000              	        LD DE,\1
8000              	        LD HL,\2
8000              	        LD B,\3
8000              	        CALL read_n
8000              	        ENDM
8000              	SILENCE: MACRO
8000              	        LD BC,0xFFFD
8000              	        LD A,\0
8000              	        OUT (C),A
8000              	        LD BC,0xBFFD
8000              	        XOR A
8000              	        OUT (C),A
8000              	        ENDM
8000 F3           	start:  DI
8001 31 00 60     	        LD SP,0x6000
8004 FD 21 3A 5C  	        LD IY,0x5C3A
8008 ED 56        	        IM 1
800A AF           	        XOR A
800B D3 FE        	        OUT (0xFE),A
800D 21 00 C0     	        LD HL,screen_data
8010 11 00 40     	        LD DE,0x4000
8013 01 00 1B     	        LD BC,6912
8016 ED B0        	        LDIR
8018 01 FD 7F     	        LD BC,0x7FFD
801B 3E 1F        	        LD A,31
801D ED 79        	        OUT (C),A
801F 21 00 40     	        LD HL,0x4000
8022 11 00 C0     	        LD DE,0xC000
8025 01 00 1B     	        LD BC,6912
8028 ED B0        	        LDIR
802A 21 00 D8     	        LD HL,0xD800
802D 06 60        	        LD B,96
                 	show_loading:
802F 36 47        	        LD (HL),0x47
8031 2C           	        INC L
8032 10 FB        	        DJNZ show_loading
8034 21 A0 D8     	        LD HL,0xD8A0
8037 06 20        	        LD B,32
                 	show_progress:
8039 36 08        	        LD (HL),0x08
803B 2C           	        INC L
803C 10 FB        	        DJNZ show_progress
                 	loading_visible:
803E FB           	        EI
                 	
803F 11 0C 06     	        LD DE,1548
8042 21 00 40     	        LD HL,16384
8045 06 1C        	        LD B,28
8047 CD 00 81     	        CALL read_n
804A 11 08 08     	        LD DE,2056
804D 21 00 60     	        LD HL,24576
8050 06 20        	        LD B,32
8052 CD 00 81     	        CALL read_n
8055 01 FD 7F     		LD BC,0x7FFD
8058 3E 18        		LD A,0+24
805A ED 79        		OUT (C),A
805C 32 5D 81     		LD (load_bank),A
805F 11 08 0A     		LD DE,2568
8062 21 00 E0     		LD HL,57344
8065 06 20        		LD B,32
8067 CD 00 81     		CALL read_n
806A              	        LOAD_AUDIO 0,2568,57344,32
806A              	        INCLUDE "loads.inc"
806A F3           	        DI
806B 01 FD 7F     	        LD BC,0x7FFD
806E 3E 1F        	        LD A,31
8070 ED 79        	        OUT (C),A
8072 21 00 D8     	        LD HL,0xD800
8075 06 60        	        LD B,96
                 	hide_loading:
8077 36 00        	        LD (HL),0
8079 2C           	        INC L
807A 10 FB        	        DJNZ hide_loading
807C 21 A0 D8     	        LD HL,0xD8A0
807F 06 20        	        LD B,32
                 	hide_progress:
8081 36 00        	        LD (HL),0
8083 2C           	        INC L
8084 10 FB        	        DJNZ hide_progress
                 	loading_hidden:
8086 01 FD FF     		LD BC,0xFFFD
8089 3E 08        		LD A,8
808B ED 79        		OUT (C),A
808D 01 FD BF     		LD BC,0xBFFD
8090 AF           		XOR A
8091 ED 79        		OUT (C),A
8093              	        SILENCE 8
8093 01 FD FF     		LD BC,0xFFFD
8096 3E 09        		LD A,9
8098 ED 79        		OUT (C),A
809A 01 FD BF     		LD BC,0xBFFD
809D AF           		XOR A
809E ED 79        		OUT (C),A
80A0              	        SILENCE 9
80A0 01 FD FF     		LD BC,0xFFFD
80A3 3E 0A        		LD A,10
80A5 ED 79        		OUT (C),A
80A7 01 FD BF     		LD BC,0xBFFD
80AA AF           		XOR A
80AB ED 79        		OUT (C),A
80AD              	        SILENCE 10
80AD 01 FD 7F     	        LD BC,0x7FFD
80B0 3E 18        	        LD A,24
80B2 ED 79        	        OUT (C),A
80B4 FB           	        EI
80B5 76           	        HALT
80B6 F3           	        DI
80B7              	        INCLUDE "startup.inc"
80B7 DD 21 EB 80  	ready:  LD IX,bank_tail_0
80BB 11 00 E0     	        LD DE,first_address
80BE 1A           	        LD A,(DE)
80BF 13           	        INC DE
80C0 D9           	        EXX
80C1 1E 14        	        LD E,initial_feedback_offset
80C3 6F           	        LD L,A
80C4 26 AF        	        LD H,packet_map >> 8
80C6 7E           	        LD A,(HL)
80C7 24           	        INC H
80C8 66           	        LD H,(HL)
80C9 B3           	        OR E
80CA 6F           	        LD L,A
80CB F9           	        LD SP,HL
80CC FD E1        	        POP IY
80CE E1           	        POP HL
80CF 7D           	        LD A,L
80D0 E6 3F        	        AND 63
80D2 5F           	        LD E,A
80D3 7D           	        LD A,L
80D4 E6 C0        	        AND 192
80D6 6F           	        LD L,A
80D7 16 10        	        LD D,16
80D9 01 FE 00     	        LD BC,0x00FE
80DC E9           	        JP (HL)
                 	
                 	; Only a page boundary takes this detour. Main HL still holds the aligned
                 	; current FIRST address. OR9 constructs its return without a stack write.
                 	; AF' protects the prefetched byte while the paging/continuation code uses A.
                 	advance_page:
80DD 14           	        INC D
80DE CA E9 80     	        JP Z,bank_handoff
80E1 08           	        EX AF,AF'
80E2 D9           	        EXX
                 	resume_first:
80E3 7D           	        LD A,L
80E4 F6 09        	        OR first_resume_offset
80E6 6F           	        LD L,A
80E7 08           	        EX AF,AF'
80E8 E9           	        JP (HL)
                 	bank_handoff:
80E9 DD E9        	        JP (IX)
                 	
                 	; Balanced silent filler aligns complete loops to the same ULA field phase.
                 	; It runs only before the final silent packet, not in the audible source.
80EB              	IDLE_BLOCK: MACRO
80EB              	        IF \0 > 0
80EB              	        LD A,\0
80EB              	idle_block_\1: ASSERT 1
80EB              	        OUT (C),D
80EB              	        JP $+3
80EB              	        NOP
80EB              	        DB 0xED,0x71
80EB              	        DEC A
80EB              	        JP NZ,idle_block_\1
80EB              	        ENDIF
80EB              	        ENDM
80EB              	BANK_TAIL: MACRO
80EB              	bank_tail_\0: ASSERT 1
80EB              	        EX AF,AF'
80EB              	        LD BC,0x7FFD
80EB              	        LD A,\1+24
80EB              	page_\0: OUT (C),A
80EB              	        LD DE,\2
80EB              	        LD IX,bank_tail_\3
80EB              	        EXX
80EB              	        IF \4
80EB              	        IF loop_idle_pairs > 0
80EB              	        IDLE_BLOCK idle_count_0,0
80EB              	        IDLE_BLOCK idle_count_1,1
80EB              	        IDLE_BLOCK idle_count_2,2
80EB              	        IDLE_BLOCK idle_count_3,3
80EB              	        IDLE_BLOCK idle_count_4,4
80EB              	        IDLE_BLOCK idle_count_5,5
80EB              	        IF idle_pad_loads > 0
80EB              	        LD A,0
80EB              	        ENDIF
80EB              	        IF idle_pad_loads > 1
80EB              	        LD A,0
80EB              	        ENDIF
80EB              	        IF idle_pad_loads > 2
80EB              	        LD A,0
80EB              	        ENDIF
80EB              	        DS idle_pad_nops
80EB              	        ENDIF
                 	        ; The last code is zero. Its predecessor state maps exactly to the
                 	        ; initial feedback, closing the repeat without changing source bytes.
80EB              	        LD E,guard_feedback_offset
80EB              	        ENDIF
80EB              	        JP resume_first
80EB              	        ENDM
                 	
80EB              	bank_tail_0:	ASSERT 1
80EB 08           		EX AF,AF'
80EC 01 FD 7F     		LD BC,0x7FFD
80EF 3E 18        		LD A,0+24
80F1 ED 79        	page_0:	OUT (C),A
80F3 11 00 E0     		LD DE,57344
80F6 DD 21 EB 80  		LD IX,bank_tail_0
80FA D9           		EXX
80FB              		IF 1
80FB              		IF loop_idle_pairs > 0
80FB              		IDLE_BLOCK idle_count_0,0
80FB              		IDLE_BLOCK idle_count_1,1
80FB              		IDLE_BLOCK idle_count_2,2
80FB              		IDLE_BLOCK idle_count_3,3
80FB              		IDLE_BLOCK idle_count_4,4
80FB              		IDLE_BLOCK idle_count_5,5
80FB              		IF idle_pad_loads > 0
80FB              		LD A,0
80FB              		ENDIF
80FB              		IF idle_pad_loads > 1
80FB              		LD A,0
80FB              		ENDIF
80FB              		IF idle_pad_loads > 2
80FB              		LD A,0
80FB              		ENDIF
80FB              		DS idle_pad_nops
80FB              		ENDIF
80FB 1E 28        		LD E,guard_feedback_offset
80FD              		ENDIF
80FD C3 E3 80     		JP resume_first
8100              	        BANK_TAIL 0,0,57344,0,1
8100              	        INCLUDE "tails.inc"
                 	
8100 ED 53 29 81  	read_n: LD (disk_position),DE
                 	read_next:
8104 C5           	        PUSH BC
8105 E5           	        PUSH HL
8106 ED 5B 29 81  	        LD DE,(disk_position)
810A 01 05 01     	        LD BC,0x0105
810D CD 13 3D     	disk_call: CALL 0x3D13
8110 E1           	        POP HL
8111 C1           	        POP BC
8112 24           	        INC H
8113 ED 5B 29 81  	        LD DE,(disk_position)
8117 1C           	        INC E
8118 CB 63        	        BIT 4,E
811A 28 03        	        JR Z,sector_ok
811C 1E 00        	        LD E,0
811E 14           	        INC D
                 	sector_ok:
811F ED 53 29 81  	        LD (disk_position),DE
8123 CD 2B 81     	        CALL update_progress
8126 10 DC        	        DJNZ read_next
8128 C9           	        RET
8129 00 00        	disk_position: DW 0
                 	update_progress:
812B E5           	        PUSH HL
812C 21 5F 81     	        LD HL,progress_remaining
812F 35           	        DEC (HL)
8130 20 29        	        JR NZ,progress_return
8132 C5           	        PUSH BC
8133 F3           	        DI
8134 01 FD 7F     	        LD BC,0x7FFD
8137 3E 1F        	        LD A,31
8139 ED 79        	        OUT (C),A
813B 3A 5E 81     	        LD A,(load_progress)
813E C6 A0        	        ADD A,0xA0
8140 6F           	        LD L,A
8141 26 D8        	        LD H,0xD8
8143 36 20        	        LD (HL),0x20
8145 21 5E 81     	        LD HL,load_progress
8148 34           	        INC (HL)
                 	load_progress_event:
8149 3A 5D 81     	        LD A,(load_bank)
814C ED 79        	        OUT (C),A
814E 2A 60 81     	        LD HL,(progress_cursor)
8151 7E           	        LD A,(HL)
8152 32 5F 81     	        LD (progress_remaining),A
8155 23           	        INC HL
8156 22 60 81     	        LD (progress_cursor),HL
8159 FB           	        EI
815A C1           	        POP BC
                 	progress_return:
815B E1           	        POP HL
815C C9           	        RET
815D 1F           	load_bank: DB 31
815E 00           	load_progress: DB 0
815F 03           	progress_remaining: DB progress_first
8160 62 81        	progress_cursor: DW progress_steps
8162 03 03 03 03 03 03 02 03 03 03 03 03 03 03 02 03 03 03 03 03 03 03 02 03 03 03 03 03 03 03 02 FF 	progress_steps: MDAT "progress-steps.bin"
8182              	        INCLUDE "loader.inc"
8182              	        ASSERT $ <= 0x8400
8182              	        DS 0x8400-$
                 	
8400              	PULSE: MACRO
8400              	        IF \0
8400              	        OUT (C),D
8400              	        ELSE
8400              	        DB 0xED,0x71
8400              	        ENDIF
8400              	        ENDM
8400              	FIRST: MACRO
8400              	        ASSERT $ == first_address_\0
8400              	        PULSE ((\0)>>7) & 1
8400              	        EXX
8400              	        LD A,(DE)
8400              	        INC E
8400              	        JP Z,advance_page
8400              	        EXX
8400              	        ASSERT $ == first_address_\0+first_resume_offset
8400              	        PULSE ((\0)>>6) & 1
8400              	        LD L,A
8400              	        LD H,packet_map >> 8
8400              	        PULSE ((\0)>>5) & 1
8400              	        LD A,(HL)
8400              	        INC H
8400              	        PULSE ((\0)>>4) & 1
8400              	        LD H,(HL)
8400              	        OR E
8400              	        PULSE ((\0)>>3) & 1
8400              	        LD L,A
8400              	        LD SP,HL
8400              	        PULSE ((\0)>>2) & 1
8400              	        LD A,0
8400              	        LD A,0
8400              	        PULSE ((\0)>>1) & 1
8400              	        LD A,0
8400              	        LD A,0
8400              	        PULSE (\0) & 1
8400              	        LD BC,0x00FE
8400              	        JP (IY)
8400              	        ASSERT $ <= first_address_\0+64
8400              	        DS first_address_\0+64-$
8400              	        ENDM
                 	
8400              		ASSERT $ == first_address_0
8400              		IF ((0)>>7) & 1
8400              		OUT (C),D
8400              		ELSE
8400 71           		DB 0xED,0x71
8402              		ENDIF
8402              		PULSE ((0)>>7) & 1
8402 D9           		EXX
8403 1A           		LD A,(DE)
8404 1C           		INC E
8405 CA DD 80     		JP Z,advance_page
8408 D9           		EXX
8409              		ASSERT $ == first_address_0+first_resume_offset
8409              		IF ((0)>>6) & 1
8409              		OUT (C),D
8409              		ELSE
8409 71           		DB 0xED,0x71
840B              		ENDIF
840B              		PULSE ((0)>>6) & 1
840B 6F           		LD L,A
840C 26 AF        		LD H,packet_map >> 8
840E              		IF ((0)>>5) & 1
840E              		OUT (C),D
840E              		ELSE
840E 71           		DB 0xED,0x71
8410              		ENDIF
8410              		PULSE ((0)>>5) & 1
8410 7E           		LD A,(HL)
8411 24           		INC H
8412              		IF ((0)>>4) & 1
8412              		OUT (C),D
8412              		ELSE
8412 71           		DB 0xED,0x71
8414              		ENDIF
8414              		PULSE ((0)>>4) & 1
8414 66           		LD H,(HL)
8415 B3           		OR E
8416              		IF ((0)>>3) & 1
8416              		OUT (C),D
8416              		ELSE
8416 71           		DB 0xED,0x71
8418              		ENDIF
8418              		PULSE ((0)>>3) & 1
8418 6F           		LD L,A
8419 F9           		LD SP,HL
841A              		IF ((0)>>2) & 1
841A              		OUT (C),D
841A              		ELSE
841A 71           		DB 0xED,0x71
841C              		ENDIF
841C              		PULSE ((0)>>2) & 1
841C 3E 00        		LD A,0
841E 3E 00        		LD A,0
8420              		IF ((0)>>1) & 1
8420              		OUT (C),D
8420              		ELSE
8420 71           		DB 0xED,0x71
8422              		ENDIF
8422              		PULSE ((0)>>1) & 1
8422 3E 00        		LD A,0
8424 3E 00        		LD A,0
8426              		IF (0) & 1
8426              		OUT (C),D
8426              		ELSE
8426 71           		DB 0xED,0x71
8428              		ENDIF
8428              		PULSE (0) & 1
8428 01 FE 00     		LD BC,0x00FE
842B FD E9        		JP (IY)
842D              		ASSERT $ <= first_address_0+64
842D              		DS first_address_0+64-$
8440              	        FIRST 0
8440              		ASSERT $ == first_address_1
8440              		IF ((1)>>7) & 1
8440              		OUT (C),D
8440              		ELSE
8440 71           		DB 0xED,0x71
8442              		ENDIF
8442              		PULSE ((1)>>7) & 1
8442 D9           		EXX
8443 1A           		LD A,(DE)
8444 1C           		INC E
8445 CA DD 80     		JP Z,advance_page
8448 D9           		EXX
8449              		ASSERT $ == first_address_1+first_resume_offset
8449              		IF ((1)>>6) & 1
8449              		OUT (C),D
8449              		ELSE
8449 71           		DB 0xED,0x71
844B              		ENDIF
844B              		PULSE ((1)>>6) & 1
844B 6F           		LD L,A
844C 26 AF        		LD H,packet_map >> 8
844E              		IF ((1)>>5) & 1
844E              		OUT (C),D
844E              		ELSE
844E 71           		DB 0xED,0x71
8450              		ENDIF
8450              		PULSE ((1)>>5) & 1
8450 7E           		LD A,(HL)
8451 24           		INC H
8452              		IF ((1)>>4) & 1
8452              		OUT (C),D
8452              		ELSE
8452 71           		DB 0xED,0x71
8454              		ENDIF
8454              		PULSE ((1)>>4) & 1
8454 66           		LD H,(HL)
8455 B3           		OR E
8456              		IF ((1)>>3) & 1
8456              		OUT (C),D
8456              		ELSE
8456 71           		DB 0xED,0x71
8458              		ENDIF
8458              		PULSE ((1)>>3) & 1
8458 6F           		LD L,A
8459 F9           		LD SP,HL
845A              		IF ((1)>>2) & 1
845A              		OUT (C),D
845A              		ELSE
845A 71           		DB 0xED,0x71
845C              		ENDIF
845C              		PULSE ((1)>>2) & 1
845C 3E 00        		LD A,0
845E 3E 00        		LD A,0
8460              		IF ((1)>>1) & 1
8460              		OUT (C),D
8460              		ELSE
8460 71           		DB 0xED,0x71
8462              		ENDIF
8462              		PULSE ((1)>>1) & 1
8462 3E 00        		LD A,0
8464 3E 00        		LD A,0
8466              		IF (1) & 1
8466 ED 51        		OUT (C),D
8468              		ELSE
8468              		DB 0xED,0x71
8468              		ENDIF
8468              		PULSE (1) & 1
8468 01 FE 00     		LD BC,0x00FE
846B FD E9        		JP (IY)
846D              		ASSERT $ <= first_address_1+64
846D              		DS first_address_1+64-$
8480              	        FIRST 1
8480              		ASSERT $ == first_address_2
8480              		IF ((2)>>7) & 1
8480              		OUT (C),D
8480              		ELSE
8480 71           		DB 0xED,0x71
8482              		ENDIF
8482              		PULSE ((2)>>7) & 1
8482 D9           		EXX
8483 1A           		LD A,(DE)
8484 1C           		INC E
8485 CA DD 80     		JP Z,advance_page
8488 D9           		EXX
8489              		ASSERT $ == first_address_2+first_resume_offset
8489              		IF ((2)>>6) & 1
8489              		OUT (C),D
8489              		ELSE
8489 71           		DB 0xED,0x71
848B              		ENDIF
848B              		PULSE ((2)>>6) & 1
848B 6F           		LD L,A
848C 26 AF        		LD H,packet_map >> 8
848E              		IF ((2)>>5) & 1
848E              		OUT (C),D
848E              		ELSE
848E 71           		DB 0xED,0x71
8490              		ENDIF
8490              		PULSE ((2)>>5) & 1
8490 7E           		LD A,(HL)
8491 24           		INC H
8492              		IF ((2)>>4) & 1
8492              		OUT (C),D
8492              		ELSE
8492 71           		DB 0xED,0x71
8494              		ENDIF
8494              		PULSE ((2)>>4) & 1
8494 66           		LD H,(HL)
8495 B3           		OR E
8496              		IF ((2)>>3) & 1
8496              		OUT (C),D
8496              		ELSE
8496 71           		DB 0xED,0x71
8498              		ENDIF
8498              		PULSE ((2)>>3) & 1
8498 6F           		LD L,A
8499 F9           		LD SP,HL
849A              		IF ((2)>>2) & 1
849A              		OUT (C),D
849A              		ELSE
849A 71           		DB 0xED,0x71
849C              		ENDIF
849C              		PULSE ((2)>>2) & 1
849C 3E 00        		LD A,0
849E 3E 00        		LD A,0
84A0              		IF ((2)>>1) & 1
84A0 ED 51        		OUT (C),D
84A2              		ELSE
84A2              		DB 0xED,0x71
84A2              		ENDIF
84A2              		PULSE ((2)>>1) & 1
84A2 3E 00        		LD A,0
84A4 3E 00        		LD A,0
84A6              		IF (2) & 1
84A6              		OUT (C),D
84A6              		ELSE
84A6 71           		DB 0xED,0x71
84A8              		ENDIF
84A8              		PULSE (2) & 1
84A8 01 FE 00     		LD BC,0x00FE
84AB FD E9        		JP (IY)
84AD              		ASSERT $ <= first_address_2+64
84AD              		DS first_address_2+64-$
84C0              	        FIRST 2
84C0              		ASSERT $ == first_address_4
84C0              		IF ((4)>>7) & 1
84C0              		OUT (C),D
84C0              		ELSE
84C0 71           		DB 0xED,0x71
84C2              		ENDIF
84C2              		PULSE ((4)>>7) & 1
84C2 D9           		EXX
84C3 1A           		LD A,(DE)
84C4 1C           		INC E
84C5 CA DD 80     		JP Z,advance_page
84C8 D9           		EXX
84C9              		ASSERT $ == first_address_4+first_resume_offset
84C9              		IF ((4)>>6) & 1
84C9              		OUT (C),D
84C9              		ELSE
84C9 71           		DB 0xED,0x71
84CB              		ENDIF
84CB              		PULSE ((4)>>6) & 1
84CB 6F           		LD L,A
84CC 26 AF        		LD H,packet_map >> 8
84CE              		IF ((4)>>5) & 1
84CE              		OUT (C),D
84CE              		ELSE
84CE 71           		DB 0xED,0x71
84D0              		ENDIF
84D0              		PULSE ((4)>>5) & 1
84D0 7E           		LD A,(HL)
84D1 24           		INC H
84D2              		IF ((4)>>4) & 1
84D2              		OUT (C),D
84D2              		ELSE
84D2 71           		DB 0xED,0x71
84D4              		ENDIF
84D4              		PULSE ((4)>>4) & 1
84D4 66           		LD H,(HL)
84D5 B3           		OR E
84D6              		IF ((4)>>3) & 1
84D6              		OUT (C),D
84D6              		ELSE
84D6 71           		DB 0xED,0x71
84D8              		ENDIF
84D8              		PULSE ((4)>>3) & 1
84D8 6F           		LD L,A
84D9 F9           		LD SP,HL
84DA              		IF ((4)>>2) & 1
84DA ED 51        		OUT (C),D
84DC              		ELSE
84DC              		DB 0xED,0x71
84DC              		ENDIF
84DC              		PULSE ((4)>>2) & 1
84DC 3E 00        		LD A,0
84DE 3E 00        		LD A,0
84E0              		IF ((4)>>1) & 1
84E0              		OUT (C),D
84E0              		ELSE
84E0 71           		DB 0xED,0x71
84E2              		ENDIF
84E2              		PULSE ((4)>>1) & 1
84E2 3E 00        		LD A,0
84E4 3E 00        		LD A,0
84E6              		IF (4) & 1
84E6              		OUT (C),D
84E6              		ELSE
84E6 71           		DB 0xED,0x71
84E8              		ENDIF
84E8              		PULSE (4) & 1
84E8 01 FE 00     		LD BC,0x00FE
84EB FD E9        		JP (IY)
84ED              		ASSERT $ <= first_address_4+64
84ED              		DS first_address_4+64-$
8500              	        FIRST 4
8500              		ASSERT $ == first_address_8
8500              		IF ((8)>>7) & 1
8500              		OUT (C),D
8500              		ELSE
8500 71           		DB 0xED,0x71
8502              		ENDIF
8502              		PULSE ((8)>>7) & 1
8502 D9           		EXX
8503 1A           		LD A,(DE)
8504 1C           		INC E
8505 CA DD 80     		JP Z,advance_page
8508 D9           		EXX
8509              		ASSERT $ == first_address_8+first_resume_offset
8509              		IF ((8)>>6) & 1
8509              		OUT (C),D
8509              		ELSE
8509 71           		DB 0xED,0x71
850B              		ENDIF
850B              		PULSE ((8)>>6) & 1
850B 6F           		LD L,A
850C 26 AF        		LD H,packet_map >> 8
850E              		IF ((8)>>5) & 1
850E              		OUT (C),D
850E              		ELSE
850E 71           		DB 0xED,0x71
8510              		ENDIF
8510              		PULSE ((8)>>5) & 1
8510 7E           		LD A,(HL)
8511 24           		INC H
8512              		IF ((8)>>4) & 1
8512              		OUT (C),D
8512              		ELSE
8512 71           		DB 0xED,0x71
8514              		ENDIF
8514              		PULSE ((8)>>4) & 1
8514 66           		LD H,(HL)
8515 B3           		OR E
8516              		IF ((8)>>3) & 1
8516 ED 51        		OUT (C),D
8518              		ELSE
8518              		DB 0xED,0x71
8518              		ENDIF
8518              		PULSE ((8)>>3) & 1
8518 6F           		LD L,A
8519 F9           		LD SP,HL
851A              		IF ((8)>>2) & 1
851A              		OUT (C),D
851A              		ELSE
851A 71           		DB 0xED,0x71
851C              		ENDIF
851C              		PULSE ((8)>>2) & 1
851C 3E 00        		LD A,0
851E 3E 00        		LD A,0
8520              		IF ((8)>>1) & 1
8520              		OUT (C),D
8520              		ELSE
8520 71           		DB 0xED,0x71
8522              		ENDIF
8522              		PULSE ((8)>>1) & 1
8522 3E 00        		LD A,0
8524 3E 00        		LD A,0
8526              		IF (8) & 1
8526              		OUT (C),D
8526              		ELSE
8526 71           		DB 0xED,0x71
8528              		ENDIF
8528              		PULSE (8) & 1
8528 01 FE 00     		LD BC,0x00FE
852B FD E9        		JP (IY)
852D              		ASSERT $ <= first_address_8+64
852D              		DS first_address_8+64-$
8540              	        FIRST 8
8540              		ASSERT $ == first_address_16
8540              		IF ((16)>>7) & 1
8540              		OUT (C),D
8540              		ELSE
8540 71           		DB 0xED,0x71
8542              		ENDIF
8542              		PULSE ((16)>>7) & 1
8542 D9           		EXX
8543 1A           		LD A,(DE)
8544 1C           		INC E
8545 CA DD 80     		JP Z,advance_page
8548 D9           		EXX
8549              		ASSERT $ == first_address_16+first_resume_offset
8549              		IF ((16)>>6) & 1
8549              		OUT (C),D
8549              		ELSE
8549 71           		DB 0xED,0x71
854B              		ENDIF
854B              		PULSE ((16)>>6) & 1
854B 6F           		LD L,A
854C 26 AF        		LD H,packet_map >> 8
854E              		IF ((16)>>5) & 1
854E              		OUT (C),D
854E              		ELSE
854E 71           		DB 0xED,0x71
8550              		ENDIF
8550              		PULSE ((16)>>5) & 1
8550 7E           		LD A,(HL)
8551 24           		INC H
8552              		IF ((16)>>4) & 1
8552 ED 51        		OUT (C),D
8554              		ELSE
8554              		DB 0xED,0x71
8554              		ENDIF
8554              		PULSE ((16)>>4) & 1
8554 66           		LD H,(HL)
8555 B3           		OR E
8556              		IF ((16)>>3) & 1
8556              		OUT (C),D
8556              		ELSE
8556 71           		DB 0xED,0x71
8558              		ENDIF
8558              		PULSE ((16)>>3) & 1
8558 6F           		LD L,A
8559 F9           		LD SP,HL
855A              		IF ((16)>>2) & 1
855A              		OUT (C),D
855A              		ELSE
855A 71           		DB 0xED,0x71
855C              		ENDIF
855C              		PULSE ((16)>>2) & 1
855C 3E 00        		LD A,0
855E 3E 00        		LD A,0
8560              		IF ((16)>>1) & 1
8560              		OUT (C),D
8560              		ELSE
8560 71           		DB 0xED,0x71
8562              		ENDIF
8562              		PULSE ((16)>>1) & 1
8562 3E 00        		LD A,0
8564 3E 00        		LD A,0
8566              		IF (16) & 1
8566              		OUT (C),D
8566              		ELSE
8566 71           		DB 0xED,0x71
8568              		ENDIF
8568              		PULSE (16) & 1
8568 01 FE 00     		LD BC,0x00FE
856B FD E9        		JP (IY)
856D              		ASSERT $ <= first_address_16+64
856D              		DS first_address_16+64-$
8580              	        FIRST 16
8580              		ASSERT $ == first_address_17
8580              		IF ((17)>>7) & 1
8580              		OUT (C),D
8580              		ELSE
8580 71           		DB 0xED,0x71
8582              		ENDIF
8582              		PULSE ((17)>>7) & 1
8582 D9           		EXX
8583 1A           		LD A,(DE)
8584 1C           		INC E
8585 CA DD 80     		JP Z,advance_page
8588 D9           		EXX
8589              		ASSERT $ == first_address_17+first_resume_offset
8589              		IF ((17)>>6) & 1
8589              		OUT (C),D
8589              		ELSE
8589 71           		DB 0xED,0x71
858B              		ENDIF
858B              		PULSE ((17)>>6) & 1
858B 6F           		LD L,A
858C 26 AF        		LD H,packet_map >> 8
858E              		IF ((17)>>5) & 1
858E              		OUT (C),D
858E              		ELSE
858E 71           		DB 0xED,0x71
8590              		ENDIF
8590              		PULSE ((17)>>5) & 1
8590 7E           		LD A,(HL)
8591 24           		INC H
8592              		IF ((17)>>4) & 1
8592 ED 51        		OUT (C),D
8594              		ELSE
8594              		DB 0xED,0x71
8594              		ENDIF
8594              		PULSE ((17)>>4) & 1
8594 66           		LD H,(HL)
8595 B3           		OR E
8596              		IF ((17)>>3) & 1
8596              		OUT (C),D
8596              		ELSE
8596 71           		DB 0xED,0x71
8598              		ENDIF
8598              		PULSE ((17)>>3) & 1
8598 6F           		LD L,A
8599 F9           		LD SP,HL
859A              		IF ((17)>>2) & 1
859A              		OUT (C),D
859A              		ELSE
859A 71           		DB 0xED,0x71
859C              		ENDIF
859C              		PULSE ((17)>>2) & 1
859C 3E 00        		LD A,0
859E 3E 00        		LD A,0
85A0              		IF ((17)>>1) & 1
85A0              		OUT (C),D
85A0              		ELSE
85A0 71           		DB 0xED,0x71
85A2              		ENDIF
85A2              		PULSE ((17)>>1) & 1
85A2 3E 00        		LD A,0
85A4 3E 00        		LD A,0
85A6              		IF (17) & 1
85A6 ED 51        		OUT (C),D
85A8              		ELSE
85A8              		DB 0xED,0x71
85A8              		ENDIF
85A8              		PULSE (17) & 1
85A8 01 FE 00     		LD BC,0x00FE
85AB FD E9        		JP (IY)
85AD              		ASSERT $ <= first_address_17+64
85AD              		DS first_address_17+64-$
85C0              	        FIRST 17
85C0              		ASSERT $ == first_address_18
85C0              		IF ((18)>>7) & 1
85C0              		OUT (C),D
85C0              		ELSE
85C0 71           		DB 0xED,0x71
85C2              		ENDIF
85C2              		PULSE ((18)>>7) & 1
85C2 D9           		EXX
85C3 1A           		LD A,(DE)
85C4 1C           		INC E
85C5 CA DD 80     		JP Z,advance_page
85C8 D9           		EXX
85C9              		ASSERT $ == first_address_18+first_resume_offset
85C9              		IF ((18)>>6) & 1
85C9              		OUT (C),D
85C9              		ELSE
85C9 71           		DB 0xED,0x71
85CB              		ENDIF
85CB              		PULSE ((18)>>6) & 1
85CB 6F           		LD L,A
85CC 26 AF        		LD H,packet_map >> 8
85CE              		IF ((18)>>5) & 1
85CE              		OUT (C),D
85CE              		ELSE
85CE 71           		DB 0xED,0x71
85D0              		ENDIF
85D0              		PULSE ((18)>>5) & 1
85D0 7E           		LD A,(HL)
85D1 24           		INC H
85D2              		IF ((18)>>4) & 1
85D2 ED 51        		OUT (C),D
85D4              		ELSE
85D4              		DB 0xED,0x71
85D4              		ENDIF
85D4              		PULSE ((18)>>4) & 1
85D4 66           		LD H,(HL)
85D5 B3           		OR E
85D6              		IF ((18)>>3) & 1
85D6              		OUT (C),D
85D6              		ELSE
85D6 71           		DB 0xED,0x71
85D8              		ENDIF
85D8              		PULSE ((18)>>3) & 1
85D8 6F           		LD L,A
85D9 F9           		LD SP,HL
85DA              		IF ((18)>>2) & 1
85DA              		OUT (C),D
85DA              		ELSE
85DA 71           		DB 0xED,0x71
85DC              		ENDIF
85DC              		PULSE ((18)>>2) & 1
85DC 3E 00        		LD A,0
85DE 3E 00        		LD A,0
85E0              		IF ((18)>>1) & 1
85E0 ED 51        		OUT (C),D
85E2              		ELSE
85E2              		DB 0xED,0x71
85E2              		ENDIF
85E2              		PULSE ((18)>>1) & 1
85E2 3E 00        		LD A,0
85E4 3E 00        		LD A,0
85E6              		IF (18) & 1
85E6              		OUT (C),D
85E6              		ELSE
85E6 71           		DB 0xED,0x71
85E8              		ENDIF
85E8              		PULSE (18) & 1
85E8 01 FE 00     		LD BC,0x00FE
85EB FD E9        		JP (IY)
85ED              		ASSERT $ <= first_address_18+64
85ED              		DS first_address_18+64-$
8600              	        FIRST 18
8600              		ASSERT $ == first_address_32
8600              		IF ((32)>>7) & 1
8600              		OUT (C),D
8600              		ELSE
8600 71           		DB 0xED,0x71
8602              		ENDIF
8602              		PULSE ((32)>>7) & 1
8602 D9           		EXX
8603 1A           		LD A,(DE)
8604 1C           		INC E
8605 CA DD 80     		JP Z,advance_page
8608 D9           		EXX
8609              		ASSERT $ == first_address_32+first_resume_offset
8609              		IF ((32)>>6) & 1
8609              		OUT (C),D
8609              		ELSE
8609 71           		DB 0xED,0x71
860B              		ENDIF
860B              		PULSE ((32)>>6) & 1
860B 6F           		LD L,A
860C 26 AF        		LD H,packet_map >> 8
860E              		IF ((32)>>5) & 1
860E ED 51        		OUT (C),D
8610              		ELSE
8610              		DB 0xED,0x71
8610              		ENDIF
8610              		PULSE ((32)>>5) & 1
8610 7E           		LD A,(HL)
8611 24           		INC H
8612              		IF ((32)>>4) & 1
8612              		OUT (C),D
8612              		ELSE
8612 71           		DB 0xED,0x71
8614              		ENDIF
8614              		PULSE ((32)>>4) & 1
8614 66           		LD H,(HL)
8615 B3           		OR E
8616              		IF ((32)>>3) & 1
8616              		OUT (C),D
8616              		ELSE
8616 71           		DB 0xED,0x71
8618              		ENDIF
8618              		PULSE ((32)>>3) & 1
8618 6F           		LD L,A
8619 F9           		LD SP,HL
861A              		IF ((32)>>2) & 1
861A              		OUT (C),D
861A              		ELSE
861A 71           		DB 0xED,0x71
861C              		ENDIF
861C              		PULSE ((32)>>2) & 1
861C 3E 00        		LD A,0
861E 3E 00        		LD A,0
8620              		IF ((32)>>1) & 1
8620              		OUT (C),D
8620              		ELSE
8620 71           		DB 0xED,0x71
8622              		ENDIF
8622              		PULSE ((32)>>1) & 1
8622 3E 00        		LD A,0
8624 3E 00        		LD A,0
8626              		IF (32) & 1
8626              		OUT (C),D
8626              		ELSE
8626 71           		DB 0xED,0x71
8628              		ENDIF
8628              		PULSE (32) & 1
8628 01 FE 00     		LD BC,0x00FE
862B FD E9        		JP (IY)
862D              		ASSERT $ <= first_address_32+64
862D              		DS first_address_32+64-$
8640              	        FIRST 32
8640              		ASSERT $ == first_address_33
8640              		IF ((33)>>7) & 1
8640              		OUT (C),D
8640              		ELSE
8640 71           		DB 0xED,0x71
8642              		ENDIF
8642              		PULSE ((33)>>7) & 1
8642 D9           		EXX
8643 1A           		LD A,(DE)
8644 1C           		INC E
8645 CA DD 80     		JP Z,advance_page
8648 D9           		EXX
8649              		ASSERT $ == first_address_33+first_resume_offset
8649              		IF ((33)>>6) & 1
8649              		OUT (C),D
8649              		ELSE
8649 71           		DB 0xED,0x71
864B              		ENDIF
864B              		PULSE ((33)>>6) & 1
864B 6F           		LD L,A
864C 26 AF        		LD H,packet_map >> 8
864E              		IF ((33)>>5) & 1
864E ED 51        		OUT (C),D
8650              		ELSE
8650              		DB 0xED,0x71
8650              		ENDIF
8650              		PULSE ((33)>>5) & 1
8650 7E           		LD A,(HL)
8651 24           		INC H
8652              		IF ((33)>>4) & 1
8652              		OUT (C),D
8652              		ELSE
8652 71           		DB 0xED,0x71
8654              		ENDIF
8654              		PULSE ((33)>>4) & 1
8654 66           		LD H,(HL)
8655 B3           		OR E
8656              		IF ((33)>>3) & 1
8656              		OUT (C),D
8656              		ELSE
8656 71           		DB 0xED,0x71
8658              		ENDIF
8658              		PULSE ((33)>>3) & 1
8658 6F           		LD L,A
8659 F9           		LD SP,HL
865A              		IF ((33)>>2) & 1
865A              		OUT (C),D
865A              		ELSE
865A 71           		DB 0xED,0x71
865C              		ENDIF
865C              		PULSE ((33)>>2) & 1
865C 3E 00        		LD A,0
865E 3E 00        		LD A,0
8660              		IF ((33)>>1) & 1
8660              		OUT (C),D
8660              		ELSE
8660 71           		DB 0xED,0x71
8662              		ENDIF
8662              		PULSE ((33)>>1) & 1
8662 3E 00        		LD A,0
8664 3E 00        		LD A,0
8666              		IF (33) & 1
8666 ED 51        		OUT (C),D
8668              		ELSE
8668              		DB 0xED,0x71
8668              		ENDIF
8668              		PULSE (33) & 1
8668 01 FE 00     		LD BC,0x00FE
866B FD E9        		JP (IY)
866D              		ASSERT $ <= first_address_33+64
866D              		DS first_address_33+64-$
8680              	        FIRST 33
8680              		ASSERT $ == first_address_34
8680              		IF ((34)>>7) & 1
8680              		OUT (C),D
8680              		ELSE
8680 71           		DB 0xED,0x71
8682              		ENDIF
8682              		PULSE ((34)>>7) & 1
8682 D9           		EXX
8683 1A           		LD A,(DE)
8684 1C           		INC E
8685 CA DD 80     		JP Z,advance_page
8688 D9           		EXX
8689              		ASSERT $ == first_address_34+first_resume_offset
8689              		IF ((34)>>6) & 1
8689              		OUT (C),D
8689              		ELSE
8689 71           		DB 0xED,0x71
868B              		ENDIF
868B              		PULSE ((34)>>6) & 1
868B 6F           		LD L,A
868C 26 AF        		LD H,packet_map >> 8
868E              		IF ((34)>>5) & 1
868E ED 51        		OUT (C),D
8690              		ELSE
8690              		DB 0xED,0x71
8690              		ENDIF
8690              		PULSE ((34)>>5) & 1
8690 7E           		LD A,(HL)
8691 24           		INC H
8692              		IF ((34)>>4) & 1
8692              		OUT (C),D
8692              		ELSE
8692 71           		DB 0xED,0x71
8694              		ENDIF
8694              		PULSE ((34)>>4) & 1
8694 66           		LD H,(HL)
8695 B3           		OR E
8696              		IF ((34)>>3) & 1
8696              		OUT (C),D
8696              		ELSE
8696 71           		DB 0xED,0x71
8698              		ENDIF
8698              		PULSE ((34)>>3) & 1
8698 6F           		LD L,A
8699 F9           		LD SP,HL
869A              		IF ((34)>>2) & 1
869A              		OUT (C),D
869A              		ELSE
869A 71           		DB 0xED,0x71
869C              		ENDIF
869C              		PULSE ((34)>>2) & 1
869C 3E 00        		LD A,0
869E 3E 00        		LD A,0
86A0              		IF ((34)>>1) & 1
86A0 ED 51        		OUT (C),D
86A2              		ELSE
86A2              		DB 0xED,0x71
86A2              		ENDIF
86A2              		PULSE ((34)>>1) & 1
86A2 3E 00        		LD A,0
86A4 3E 00        		LD A,0
86A6              		IF (34) & 1
86A6              		OUT (C),D
86A6              		ELSE
86A6 71           		DB 0xED,0x71
86A8              		ENDIF
86A8              		PULSE (34) & 1
86A8 01 FE 00     		LD BC,0x00FE
86AB FD E9        		JP (IY)
86AD              		ASSERT $ <= first_address_34+64
86AD              		DS first_address_34+64-$
86C0              	        FIRST 34
86C0              		ASSERT $ == first_address_36
86C0              		IF ((36)>>7) & 1
86C0              		OUT (C),D
86C0              		ELSE
86C0 71           		DB 0xED,0x71
86C2              		ENDIF
86C2              		PULSE ((36)>>7) & 1
86C2 D9           		EXX
86C3 1A           		LD A,(DE)
86C4 1C           		INC E
86C5 CA DD 80     		JP Z,advance_page
86C8 D9           		EXX
86C9              		ASSERT $ == first_address_36+first_resume_offset
86C9              		IF ((36)>>6) & 1
86C9              		OUT (C),D
86C9              		ELSE
86C9 71           		DB 0xED,0x71
86CB              		ENDIF
86CB              		PULSE ((36)>>6) & 1
86CB 6F           		LD L,A
86CC 26 AF        		LD H,packet_map >> 8
86CE              		IF ((36)>>5) & 1
86CE ED 51        		OUT (C),D
86D0              		ELSE
86D0              		DB 0xED,0x71
86D0              		ENDIF
86D0              		PULSE ((36)>>5) & 1
86D0 7E           		LD A,(HL)
86D1 24           		INC H
86D2              		IF ((36)>>4) & 1
86D2              		OUT (C),D
86D2              		ELSE
86D2 71           		DB 0xED,0x71
86D4              		ENDIF
86D4              		PULSE ((36)>>4) & 1
86D4 66           		LD H,(HL)
86D5 B3           		OR E
86D6              		IF ((36)>>3) & 1
86D6              		OUT (C),D
86D6              		ELSE
86D6 71           		DB 0xED,0x71
86D8              		ENDIF
86D8              		PULSE ((36)>>3) & 1
86D8 6F           		LD L,A
86D9 F9           		LD SP,HL
86DA              		IF ((36)>>2) & 1
86DA ED 51        		OUT (C),D
86DC              		ELSE
86DC              		DB 0xED,0x71
86DC              		ENDIF
86DC              		PULSE ((36)>>2) & 1
86DC 3E 00        		LD A,0
86DE 3E 00        		LD A,0
86E0              		IF ((36)>>1) & 1
86E0              		OUT (C),D
86E0              		ELSE
86E0 71           		DB 0xED,0x71
86E2              		ENDIF
86E2              		PULSE ((36)>>1) & 1
86E2 3E 00        		LD A,0
86E4 3E 00        		LD A,0
86E6              		IF (36) & 1
86E6              		OUT (C),D
86E6              		ELSE
86E6 71           		DB 0xED,0x71
86E8              		ENDIF
86E8              		PULSE (36) & 1
86E8 01 FE 00     		LD BC,0x00FE
86EB FD E9        		JP (IY)
86ED              		ASSERT $ <= first_address_36+64
86ED              		DS first_address_36+64-$
8700              	        FIRST 36
8700              		ASSERT $ == first_address_41
8700              		IF ((41)>>7) & 1
8700              		OUT (C),D
8700              		ELSE
8700 71           		DB 0xED,0x71
8702              		ENDIF
8702              		PULSE ((41)>>7) & 1
8702 D9           		EXX
8703 1A           		LD A,(DE)
8704 1C           		INC E
8705 CA DD 80     		JP Z,advance_page
8708 D9           		EXX
8709              		ASSERT $ == first_address_41+first_resume_offset
8709              		IF ((41)>>6) & 1
8709              		OUT (C),D
8709              		ELSE
8709 71           		DB 0xED,0x71
870B              		ENDIF
870B              		PULSE ((41)>>6) & 1
870B 6F           		LD L,A
870C 26 AF        		LD H,packet_map >> 8
870E              		IF ((41)>>5) & 1
870E ED 51        		OUT (C),D
8710              		ELSE
8710              		DB 0xED,0x71
8710              		ENDIF
8710              		PULSE ((41)>>5) & 1
8710 7E           		LD A,(HL)
8711 24           		INC H
8712              		IF ((41)>>4) & 1
8712              		OUT (C),D
8712              		ELSE
8712 71           		DB 0xED,0x71
8714              		ENDIF
8714              		PULSE ((41)>>4) & 1
8714 66           		LD H,(HL)
8715 B3           		OR E
8716              		IF ((41)>>3) & 1
8716 ED 51        		OUT (C),D
8718              		ELSE
8718              		DB 0xED,0x71
8718              		ENDIF
8718              		PULSE ((41)>>3) & 1
8718 6F           		LD L,A
8719 F9           		LD SP,HL
871A              		IF ((41)>>2) & 1
871A              		OUT (C),D
871A              		ELSE
871A 71           		DB 0xED,0x71
871C              		ENDIF
871C              		PULSE ((41)>>2) & 1
871C 3E 00        		LD A,0
871E 3E 00        		LD A,0
8720              		IF ((41)>>1) & 1
8720              		OUT (C),D
8720              		ELSE
8720 71           		DB 0xED,0x71
8722              		ENDIF
8722              		PULSE ((41)>>1) & 1
8722 3E 00        		LD A,0
8724 3E 00        		LD A,0
8726              		IF (41) & 1
8726 ED 51        		OUT (C),D
8728              		ELSE
8728              		DB 0xED,0x71
8728              		ENDIF
8728              		PULSE (41) & 1
8728 01 FE 00     		LD BC,0x00FE
872B FD E9        		JP (IY)
872D              		ASSERT $ <= first_address_41+64
872D              		DS first_address_41+64-$
8740              	        FIRST 41
8740              		ASSERT $ == first_address_42
8740              		IF ((42)>>7) & 1
8740              		OUT (C),D
8740              		ELSE
8740 71           		DB 0xED,0x71
8742              		ENDIF
8742              		PULSE ((42)>>7) & 1
8742 D9           		EXX
8743 1A           		LD A,(DE)
8744 1C           		INC E
8745 CA DD 80     		JP Z,advance_page
8748 D9           		EXX
8749              		ASSERT $ == first_address_42+first_resume_offset
8749              		IF ((42)>>6) & 1
8749              		OUT (C),D
8749              		ELSE
8749 71           		DB 0xED,0x71
874B              		ENDIF
874B              		PULSE ((42)>>6) & 1
874B 6F           		LD L,A
874C 26 AF        		LD H,packet_map >> 8
874E              		IF ((42)>>5) & 1
874E ED 51        		OUT (C),D
8750              		ELSE
8750              		DB 0xED,0x71
8750              		ENDIF
8750              		PULSE ((42)>>5) & 1
8750 7E           		LD A,(HL)
8751 24           		INC H
8752              		IF ((42)>>4) & 1
8752              		OUT (C),D
8752              		ELSE
8752 71           		DB 0xED,0x71
8754              		ENDIF
8754              		PULSE ((42)>>4) & 1
8754 66           		LD H,(HL)
8755 B3           		OR E
8756              		IF ((42)>>3) & 1
8756 ED 51        		OUT (C),D
8758              		ELSE
8758              		DB 0xED,0x71
8758              		ENDIF
8758              		PULSE ((42)>>3) & 1
8758 6F           		LD L,A
8759 F9           		LD SP,HL
875A              		IF ((42)>>2) & 1
875A              		OUT (C),D
875A              		ELSE
875A 71           		DB 0xED,0x71
875C              		ENDIF
875C              		PULSE ((42)>>2) & 1
875C 3E 00        		LD A,0
875E 3E 00        		LD A,0
8760              		IF ((42)>>1) & 1
8760 ED 51        		OUT (C),D
8762              		ELSE
8762              		DB 0xED,0x71
8762              		ENDIF
8762              		PULSE ((42)>>1) & 1
8762 3E 00        		LD A,0
8764 3E 00        		LD A,0
8766              		IF (42) & 1
8766              		OUT (C),D
8766              		ELSE
8766 71           		DB 0xED,0x71
8768              		ENDIF
8768              		PULSE (42) & 1
8768 01 FE 00     		LD BC,0x00FE
876B FD E9        		JP (IY)
876D              		ASSERT $ <= first_address_42+64
876D              		DS first_address_42+64-$
8780              	        FIRST 42
8780              		ASSERT $ == first_address_64
8780              		IF ((64)>>7) & 1
8780              		OUT (C),D
8780              		ELSE
8780 71           		DB 0xED,0x71
8782              		ENDIF
8782              		PULSE ((64)>>7) & 1
8782 D9           		EXX
8783 1A           		LD A,(DE)
8784 1C           		INC E
8785 CA DD 80     		JP Z,advance_page
8788 D9           		EXX
8789              		ASSERT $ == first_address_64+first_resume_offset
8789              		IF ((64)>>6) & 1
8789 ED 51        		OUT (C),D
878B              		ELSE
878B              		DB 0xED,0x71
878B              		ENDIF
878B              		PULSE ((64)>>6) & 1
878B 6F           		LD L,A
878C 26 AF        		LD H,packet_map >> 8
878E              		IF ((64)>>5) & 1
878E              		OUT (C),D
878E              		ELSE
878E 71           		DB 0xED,0x71
8790              		ENDIF
8790              		PULSE ((64)>>5) & 1
8790 7E           		LD A,(HL)
8791 24           		INC H
8792              		IF ((64)>>4) & 1
8792              		OUT (C),D
8792              		ELSE
8792 71           		DB 0xED,0x71
8794              		ENDIF
8794              		PULSE ((64)>>4) & 1
8794 66           		LD H,(HL)
8795 B3           		OR E
8796              		IF ((64)>>3) & 1
8796              		OUT (C),D
8796              		ELSE
8796 71           		DB 0xED,0x71
8798              		ENDIF
8798              		PULSE ((64)>>3) & 1
8798 6F           		LD L,A
8799 F9           		LD SP,HL
879A              		IF ((64)>>2) & 1
879A              		OUT (C),D
879A              		ELSE
879A 71           		DB 0xED,0x71
879C              		ENDIF
879C              		PULSE ((64)>>2) & 1
879C 3E 00        		LD A,0
879E 3E 00        		LD A,0
87A0              		IF ((64)>>1) & 1
87A0              		OUT (C),D
87A0              		ELSE
87A0 71           		DB 0xED,0x71
87A2              		ENDIF
87A2              		PULSE ((64)>>1) & 1
87A2 3E 00        		LD A,0
87A4 3E 00        		LD A,0
87A6              		IF (64) & 1
87A6              		OUT (C),D
87A6              		ELSE
87A6 71           		DB 0xED,0x71
87A8              		ENDIF
87A8              		PULSE (64) & 1
87A8 01 FE 00     		LD BC,0x00FE
87AB FD E9        		JP (IY)
87AD              		ASSERT $ <= first_address_64+64
87AD              		DS first_address_64+64-$
87C0              	        FIRST 64
87C0              		ASSERT $ == first_address_65
87C0              		IF ((65)>>7) & 1
87C0              		OUT (C),D
87C0              		ELSE
87C0 71           		DB 0xED,0x71
87C2              		ENDIF
87C2              		PULSE ((65)>>7) & 1
87C2 D9           		EXX
87C3 1A           		LD A,(DE)
87C4 1C           		INC E
87C5 CA DD 80     		JP Z,advance_page
87C8 D9           		EXX
87C9              		ASSERT $ == first_address_65+first_resume_offset
87C9              		IF ((65)>>6) & 1
87C9 ED 51        		OUT (C),D
87CB              		ELSE
87CB              		DB 0xED,0x71
87CB              		ENDIF
87CB              		PULSE ((65)>>6) & 1
87CB 6F           		LD L,A
87CC 26 AF        		LD H,packet_map >> 8
87CE              		IF ((65)>>5) & 1
87CE              		OUT (C),D
87CE              		ELSE
87CE 71           		DB 0xED,0x71
87D0              		ENDIF
87D0              		PULSE ((65)>>5) & 1
87D0 7E           		LD A,(HL)
87D1 24           		INC H
87D2              		IF ((65)>>4) & 1
87D2              		OUT (C),D
87D2              		ELSE
87D2 71           		DB 0xED,0x71
87D4              		ENDIF
87D4              		PULSE ((65)>>4) & 1
87D4 66           		LD H,(HL)
87D5 B3           		OR E
87D6              		IF ((65)>>3) & 1
87D6              		OUT (C),D
87D6              		ELSE
87D6 71           		DB 0xED,0x71
87D8              		ENDIF
87D8              		PULSE ((65)>>3) & 1
87D8 6F           		LD L,A
87D9 F9           		LD SP,HL
87DA              		IF ((65)>>2) & 1
87DA              		OUT (C),D
87DA              		ELSE
87DA 71           		DB 0xED,0x71
87DC              		ENDIF
87DC              		PULSE ((65)>>2) & 1
87DC 3E 00        		LD A,0
87DE 3E 00        		LD A,0
87E0              		IF ((65)>>1) & 1
87E0              		OUT (C),D
87E0              		ELSE
87E0 71           		DB 0xED,0x71
87E2              		ENDIF
87E2              		PULSE ((65)>>1) & 1
87E2 3E 00        		LD A,0
87E4 3E 00        		LD A,0
87E6              		IF (65) & 1
87E6 ED 51        		OUT (C),D
87E8              		ELSE
87E8              		DB 0xED,0x71
87E8              		ENDIF
87E8              		PULSE (65) & 1
87E8 01 FE 00     		LD BC,0x00FE
87EB FD E9        		JP (IY)
87ED              		ASSERT $ <= first_address_65+64
87ED              		DS first_address_65+64-$
8800              	        FIRST 65
8800              		ASSERT $ == first_address_66
8800              		IF ((66)>>7) & 1
8800              		OUT (C),D
8800              		ELSE
8800 71           		DB 0xED,0x71
8802              		ENDIF
8802              		PULSE ((66)>>7) & 1
8802 D9           		EXX
8803 1A           		LD A,(DE)
8804 1C           		INC E
8805 CA DD 80     		JP Z,advance_page
8808 D9           		EXX
8809              		ASSERT $ == first_address_66+first_resume_offset
8809              		IF ((66)>>6) & 1
8809 ED 51        		OUT (C),D
880B              		ELSE
880B              		DB 0xED,0x71
880B              		ENDIF
880B              		PULSE ((66)>>6) & 1
880B 6F           		LD L,A
880C 26 AF        		LD H,packet_map >> 8
880E              		IF ((66)>>5) & 1
880E              		OUT (C),D
880E              		ELSE
880E 71           		DB 0xED,0x71
8810              		ENDIF
8810              		PULSE ((66)>>5) & 1
8810 7E           		LD A,(HL)
8811 24           		INC H
8812              		IF ((66)>>4) & 1
8812              		OUT (C),D
8812              		ELSE
8812 71           		DB 0xED,0x71
8814              		ENDIF
8814              		PULSE ((66)>>4) & 1
8814 66           		LD H,(HL)
8815 B3           		OR E
8816              		IF ((66)>>3) & 1
8816              		OUT (C),D
8816              		ELSE
8816 71           		DB 0xED,0x71
8818              		ENDIF
8818              		PULSE ((66)>>3) & 1
8818 6F           		LD L,A
8819 F9           		LD SP,HL
881A              		IF ((66)>>2) & 1
881A              		OUT (C),D
881A              		ELSE
881A 71           		DB 0xED,0x71
881C              		ENDIF
881C              		PULSE ((66)>>2) & 1
881C 3E 00        		LD A,0
881E 3E 00        		LD A,0
8820              		IF ((66)>>1) & 1
8820 ED 51        		OUT (C),D
8822              		ELSE
8822              		DB 0xED,0x71
8822              		ENDIF
8822              		PULSE ((66)>>1) & 1
8822 3E 00        		LD A,0
8824 3E 00        		LD A,0
8826              		IF (66) & 1
8826              		OUT (C),D
8826              		ELSE
8826 71           		DB 0xED,0x71
8828              		ENDIF
8828              		PULSE (66) & 1
8828 01 FE 00     		LD BC,0x00FE
882B FD E9        		JP (IY)
882D              		ASSERT $ <= first_address_66+64
882D              		DS first_address_66+64-$
8840              	        FIRST 66
8840              		ASSERT $ == first_address_68
8840              		IF ((68)>>7) & 1
8840              		OUT (C),D
8840              		ELSE
8840 71           		DB 0xED,0x71
8842              		ENDIF
8842              		PULSE ((68)>>7) & 1
8842 D9           		EXX
8843 1A           		LD A,(DE)
8844 1C           		INC E
8845 CA DD 80     		JP Z,advance_page
8848 D9           		EXX
8849              		ASSERT $ == first_address_68+first_resume_offset
8849              		IF ((68)>>6) & 1
8849 ED 51        		OUT (C),D
884B              		ELSE
884B              		DB 0xED,0x71
884B              		ENDIF
884B              		PULSE ((68)>>6) & 1
884B 6F           		LD L,A
884C 26 AF        		LD H,packet_map >> 8
884E              		IF ((68)>>5) & 1
884E              		OUT (C),D
884E              		ELSE
884E 71           		DB 0xED,0x71
8850              		ENDIF
8850              		PULSE ((68)>>5) & 1
8850 7E           		LD A,(HL)
8851 24           		INC H
8852              		IF ((68)>>4) & 1
8852              		OUT (C),D
8852              		ELSE
8852 71           		DB 0xED,0x71
8854              		ENDIF
8854              		PULSE ((68)>>4) & 1
8854 66           		LD H,(HL)
8855 B3           		OR E
8856              		IF ((68)>>3) & 1
8856              		OUT (C),D
8856              		ELSE
8856 71           		DB 0xED,0x71
8858              		ENDIF
8858              		PULSE ((68)>>3) & 1
8858 6F           		LD L,A
8859 F9           		LD SP,HL
885A              		IF ((68)>>2) & 1
885A ED 51        		OUT (C),D
885C              		ELSE
885C              		DB 0xED,0x71
885C              		ENDIF
885C              		PULSE ((68)>>2) & 1
885C 3E 00        		LD A,0
885E 3E 00        		LD A,0
8860              		IF ((68)>>1) & 1
8860              		OUT (C),D
8860              		ELSE
8860 71           		DB 0xED,0x71
8862              		ENDIF
8862              		PULSE ((68)>>1) & 1
8862 3E 00        		LD A,0
8864 3E 00        		LD A,0
8866              		IF (68) & 1
8866              		OUT (C),D
8866              		ELSE
8866 71           		DB 0xED,0x71
8868              		ENDIF
8868              		PULSE (68) & 1
8868 01 FE 00     		LD BC,0x00FE
886B FD E9        		JP (IY)
886D              		ASSERT $ <= first_address_68+64
886D              		DS first_address_68+64-$
8880              	        FIRST 68
8880              		ASSERT $ == first_address_72
8880              		IF ((72)>>7) & 1
8880              		OUT (C),D
8880              		ELSE
8880 71           		DB 0xED,0x71
8882              		ENDIF
8882              		PULSE ((72)>>7) & 1
8882 D9           		EXX
8883 1A           		LD A,(DE)
8884 1C           		INC E
8885 CA DD 80     		JP Z,advance_page
8888 D9           		EXX
8889              		ASSERT $ == first_address_72+first_resume_offset
8889              		IF ((72)>>6) & 1
8889 ED 51        		OUT (C),D
888B              		ELSE
888B              		DB 0xED,0x71
888B              		ENDIF
888B              		PULSE ((72)>>6) & 1
888B 6F           		LD L,A
888C 26 AF        		LD H,packet_map >> 8
888E              		IF ((72)>>5) & 1
888E              		OUT (C),D
888E              		ELSE
888E 71           		DB 0xED,0x71
8890              		ENDIF
8890              		PULSE ((72)>>5) & 1
8890 7E           		LD A,(HL)
8891 24           		INC H
8892              		IF ((72)>>4) & 1
8892              		OUT (C),D
8892              		ELSE
8892 71           		DB 0xED,0x71
8894              		ENDIF
8894              		PULSE ((72)>>4) & 1
8894 66           		LD H,(HL)
8895 B3           		OR E
8896              		IF ((72)>>3) & 1
8896 ED 51        		OUT (C),D
8898              		ELSE
8898              		DB 0xED,0x71
8898              		ENDIF
8898              		PULSE ((72)>>3) & 1
8898 6F           		LD L,A
8899 F9           		LD SP,HL
889A              		IF ((72)>>2) & 1
889A              		OUT (C),D
889A              		ELSE
889A 71           		DB 0xED,0x71
889C              		ENDIF
889C              		PULSE ((72)>>2) & 1
889C 3E 00        		LD A,0
889E 3E 00        		LD A,0
88A0              		IF ((72)>>1) & 1
88A0              		OUT (C),D
88A0              		ELSE
88A0 71           		DB 0xED,0x71
88A2              		ENDIF
88A2              		PULSE ((72)>>1) & 1
88A2 3E 00        		LD A,0
88A4 3E 00        		LD A,0
88A6              		IF (72) & 1
88A6              		OUT (C),D
88A6              		ELSE
88A6 71           		DB 0xED,0x71
88A8              		ENDIF
88A8              		PULSE (72) & 1
88A8 01 FE 00     		LD BC,0x00FE
88AB FD E9        		JP (IY)
88AD              		ASSERT $ <= first_address_72+64
88AD              		DS first_address_72+64-$
88C0              	        FIRST 72
88C0              		ASSERT $ == first_address_73
88C0              		IF ((73)>>7) & 1
88C0              		OUT (C),D
88C0              		ELSE
88C0 71           		DB 0xED,0x71
88C2              		ENDIF
88C2              		PULSE ((73)>>7) & 1
88C2 D9           		EXX
88C3 1A           		LD A,(DE)
88C4 1C           		INC E
88C5 CA DD 80     		JP Z,advance_page
88C8 D9           		EXX
88C9              		ASSERT $ == first_address_73+first_resume_offset
88C9              		IF ((73)>>6) & 1
88C9 ED 51        		OUT (C),D
88CB              		ELSE
88CB              		DB 0xED,0x71
88CB              		ENDIF
88CB              		PULSE ((73)>>6) & 1
88CB 6F           		LD L,A
88CC 26 AF        		LD H,packet_map >> 8
88CE              		IF ((73)>>5) & 1
88CE              		OUT (C),D
88CE              		ELSE
88CE 71           		DB 0xED,0x71
88D0              		ENDIF
88D0              		PULSE ((73)>>5) & 1
88D0 7E           		LD A,(HL)
88D1 24           		INC H
88D2              		IF ((73)>>4) & 1
88D2              		OUT (C),D
88D2              		ELSE
88D2 71           		DB 0xED,0x71
88D4              		ENDIF
88D4              		PULSE ((73)>>4) & 1
88D4 66           		LD H,(HL)
88D5 B3           		OR E
88D6              		IF ((73)>>3) & 1
88D6 ED 51        		OUT (C),D
88D8              		ELSE
88D8              		DB 0xED,0x71
88D8              		ENDIF
88D8              		PULSE ((73)>>3) & 1
88D8 6F           		LD L,A
88D9 F9           		LD SP,HL
88DA              		IF ((73)>>2) & 1
88DA              		OUT (C),D
88DA              		ELSE
88DA 71           		DB 0xED,0x71
88DC              		ENDIF
88DC              		PULSE ((73)>>2) & 1
88DC 3E 00        		LD A,0
88DE 3E 00        		LD A,0
88E0              		IF ((73)>>1) & 1
88E0              		OUT (C),D
88E0              		ELSE
88E0 71           		DB 0xED,0x71
88E2              		ENDIF
88E2              		PULSE ((73)>>1) & 1
88E2 3E 00        		LD A,0
88E4 3E 00        		LD A,0
88E6              		IF (73) & 1
88E6 ED 51        		OUT (C),D
88E8              		ELSE
88E8              		DB 0xED,0x71
88E8              		ENDIF
88E8              		PULSE (73) & 1
88E8 01 FE 00     		LD BC,0x00FE
88EB FD E9        		JP (IY)
88ED              		ASSERT $ <= first_address_73+64
88ED              		DS first_address_73+64-$
8900              	        FIRST 73
8900              		ASSERT $ == first_address_74
8900              		IF ((74)>>7) & 1
8900              		OUT (C),D
8900              		ELSE
8900 71           		DB 0xED,0x71
8902              		ENDIF
8902              		PULSE ((74)>>7) & 1
8902 D9           		EXX
8903 1A           		LD A,(DE)
8904 1C           		INC E
8905 CA DD 80     		JP Z,advance_page
8908 D9           		EXX
8909              		ASSERT $ == first_address_74+first_resume_offset
8909              		IF ((74)>>6) & 1
8909 ED 51        		OUT (C),D
890B              		ELSE
890B              		DB 0xED,0x71
890B              		ENDIF
890B              		PULSE ((74)>>6) & 1
890B 6F           		LD L,A
890C 26 AF        		LD H,packet_map >> 8
890E              		IF ((74)>>5) & 1
890E              		OUT (C),D
890E              		ELSE
890E 71           		DB 0xED,0x71
8910              		ENDIF
8910              		PULSE ((74)>>5) & 1
8910 7E           		LD A,(HL)
8911 24           		INC H
8912              		IF ((74)>>4) & 1
8912              		OUT (C),D
8912              		ELSE
8912 71           		DB 0xED,0x71
8914              		ENDIF
8914              		PULSE ((74)>>4) & 1
8914 66           		LD H,(HL)
8915 B3           		OR E
8916              		IF ((74)>>3) & 1
8916 ED 51        		OUT (C),D
8918              		ELSE
8918              		DB 0xED,0x71
8918              		ENDIF
8918              		PULSE ((74)>>3) & 1
8918 6F           		LD L,A
8919 F9           		LD SP,HL
891A              		IF ((74)>>2) & 1
891A              		OUT (C),D
891A              		ELSE
891A 71           		DB 0xED,0x71
891C              		ENDIF
891C              		PULSE ((74)>>2) & 1
891C 3E 00        		LD A,0
891E 3E 00        		LD A,0
8920              		IF ((74)>>1) & 1
8920 ED 51        		OUT (C),D
8922              		ELSE
8922              		DB 0xED,0x71
8922              		ENDIF
8922              		PULSE ((74)>>1) & 1
8922 3E 00        		LD A,0
8924 3E 00        		LD A,0
8926              		IF (74) & 1
8926              		OUT (C),D
8926              		ELSE
8926 71           		DB 0xED,0x71
8928              		ENDIF
8928              		PULSE (74) & 1
8928 01 FE 00     		LD BC,0x00FE
892B FD E9        		JP (IY)
892D              		ASSERT $ <= first_address_74+64
892D              		DS first_address_74+64-$
8940              	        FIRST 74
8940              		ASSERT $ == first_address_76
8940              		IF ((76)>>7) & 1
8940              		OUT (C),D
8940              		ELSE
8940 71           		DB 0xED,0x71
8942              		ENDIF
8942              		PULSE ((76)>>7) & 1
8942 D9           		EXX
8943 1A           		LD A,(DE)
8944 1C           		INC E
8945 CA DD 80     		JP Z,advance_page
8948 D9           		EXX
8949              		ASSERT $ == first_address_76+first_resume_offset
8949              		IF ((76)>>6) & 1
8949 ED 51        		OUT (C),D
894B              		ELSE
894B              		DB 0xED,0x71
894B              		ENDIF
894B              		PULSE ((76)>>6) & 1
894B 6F           		LD L,A
894C 26 AF        		LD H,packet_map >> 8
894E              		IF ((76)>>5) & 1
894E              		OUT (C),D
894E              		ELSE
894E 71           		DB 0xED,0x71
8950              		ENDIF
8950              		PULSE ((76)>>5) & 1
8950 7E           		LD A,(HL)
8951 24           		INC H
8952              		IF ((76)>>4) & 1
8952              		OUT (C),D
8952              		ELSE
8952 71           		DB 0xED,0x71
8954              		ENDIF
8954              		PULSE ((76)>>4) & 1
8954 66           		LD H,(HL)
8955 B3           		OR E
8956              		IF ((76)>>3) & 1
8956 ED 51        		OUT (C),D
8958              		ELSE
8958              		DB 0xED,0x71
8958              		ENDIF
8958              		PULSE ((76)>>3) & 1
8958 6F           		LD L,A
8959 F9           		LD SP,HL
895A              		IF ((76)>>2) & 1
895A ED 51        		OUT (C),D
895C              		ELSE
895C              		DB 0xED,0x71
895C              		ENDIF
895C              		PULSE ((76)>>2) & 1
895C 3E 00        		LD A,0
895E 3E 00        		LD A,0
8960              		IF ((76)>>1) & 1
8960              		OUT (C),D
8960              		ELSE
8960 71           		DB 0xED,0x71
8962              		ENDIF
8962              		PULSE ((76)>>1) & 1
8962 3E 00        		LD A,0
8964 3E 00        		LD A,0
8966              		IF (76) & 1
8966              		OUT (C),D
8966              		ELSE
8966 71           		DB 0xED,0x71
8968              		ENDIF
8968              		PULSE (76) & 1
8968 01 FE 00     		LD BC,0x00FE
896B FD E9        		JP (IY)
896D              		ASSERT $ <= first_address_76+64
896D              		DS first_address_76+64-$
8980              	        FIRST 76
8980              		ASSERT $ == first_address_80
8980              		IF ((80)>>7) & 1
8980              		OUT (C),D
8980              		ELSE
8980 71           		DB 0xED,0x71
8982              		ENDIF
8982              		PULSE ((80)>>7) & 1
8982 D9           		EXX
8983 1A           		LD A,(DE)
8984 1C           		INC E
8985 CA DD 80     		JP Z,advance_page
8988 D9           		EXX
8989              		ASSERT $ == first_address_80+first_resume_offset
8989              		IF ((80)>>6) & 1
8989 ED 51        		OUT (C),D
898B              		ELSE
898B              		DB 0xED,0x71
898B              		ENDIF
898B              		PULSE ((80)>>6) & 1
898B 6F           		LD L,A
898C 26 AF        		LD H,packet_map >> 8
898E              		IF ((80)>>5) & 1
898E              		OUT (C),D
898E              		ELSE
898E 71           		DB 0xED,0x71
8990              		ENDIF
8990              		PULSE ((80)>>5) & 1
8990 7E           		LD A,(HL)
8991 24           		INC H
8992              		IF ((80)>>4) & 1
8992 ED 51        		OUT (C),D
8994              		ELSE
8994              		DB 0xED,0x71
8994              		ENDIF
8994              		PULSE ((80)>>4) & 1
8994 66           		LD H,(HL)
8995 B3           		OR E
8996              		IF ((80)>>3) & 1
8996              		OUT (C),D
8996              		ELSE
8996 71           		DB 0xED,0x71
8998              		ENDIF
8998              		PULSE ((80)>>3) & 1
8998 6F           		LD L,A
8999 F9           		LD SP,HL
899A              		IF ((80)>>2) & 1
899A              		OUT (C),D
899A              		ELSE
899A 71           		DB 0xED,0x71
899C              		ENDIF
899C              		PULSE ((80)>>2) & 1
899C 3E 00        		LD A,0
899E 3E 00        		LD A,0
89A0              		IF ((80)>>1) & 1
89A0              		OUT (C),D
89A0              		ELSE
89A0 71           		DB 0xED,0x71
89A2              		ENDIF
89A2              		PULSE ((80)>>1) & 1
89A2 3E 00        		LD A,0
89A4 3E 00        		LD A,0
89A6              		IF (80) & 1
89A6              		OUT (C),D
89A6              		ELSE
89A6 71           		DB 0xED,0x71
89A8              		ENDIF
89A8              		PULSE (80) & 1
89A8 01 FE 00     		LD BC,0x00FE
89AB FD E9        		JP (IY)
89AD              		ASSERT $ <= first_address_80+64
89AD              		DS first_address_80+64-$
89C0              	        FIRST 80
89C0              		ASSERT $ == first_address_81
89C0              		IF ((81)>>7) & 1
89C0              		OUT (C),D
89C0              		ELSE
89C0 71           		DB 0xED,0x71
89C2              		ENDIF
89C2              		PULSE ((81)>>7) & 1
89C2 D9           		EXX
89C3 1A           		LD A,(DE)
89C4 1C           		INC E
89C5 CA DD 80     		JP Z,advance_page
89C8 D9           		EXX
89C9              		ASSERT $ == first_address_81+first_resume_offset
89C9              		IF ((81)>>6) & 1
89C9 ED 51        		OUT (C),D
89CB              		ELSE
89CB              		DB 0xED,0x71
89CB              		ENDIF
89CB              		PULSE ((81)>>6) & 1
89CB 6F           		LD L,A
89CC 26 AF        		LD H,packet_map >> 8
89CE              		IF ((81)>>5) & 1
89CE              		OUT (C),D
89CE              		ELSE
89CE 71           		DB 0xED,0x71
89D0              		ENDIF
89D0              		PULSE ((81)>>5) & 1
89D0 7E           		LD A,(HL)
89D1 24           		INC H
89D2              		IF ((81)>>4) & 1
89D2 ED 51        		OUT (C),D
89D4              		ELSE
89D4              		DB 0xED,0x71
89D4              		ENDIF
89D4              		PULSE ((81)>>4) & 1
89D4 66           		LD H,(HL)
89D5 B3           		OR E
89D6              		IF ((81)>>3) & 1
89D6              		OUT (C),D
89D6              		ELSE
89D6 71           		DB 0xED,0x71
89D8              		ENDIF
89D8              		PULSE ((81)>>3) & 1
89D8 6F           		LD L,A
89D9 F9           		LD SP,HL
89DA              		IF ((81)>>2) & 1
89DA              		OUT (C),D
89DA              		ELSE
89DA 71           		DB 0xED,0x71
89DC              		ENDIF
89DC              		PULSE ((81)>>2) & 1
89DC 3E 00        		LD A,0
89DE 3E 00        		LD A,0
89E0              		IF ((81)>>1) & 1
89E0              		OUT (C),D
89E0              		ELSE
89E0 71           		DB 0xED,0x71
89E2              		ENDIF
89E2              		PULSE ((81)>>1) & 1
89E2 3E 00        		LD A,0
89E4 3E 00        		LD A,0
89E6              		IF (81) & 1
89E6 ED 51        		OUT (C),D
89E8              		ELSE
89E8              		DB 0xED,0x71
89E8              		ENDIF
89E8              		PULSE (81) & 1
89E8 01 FE 00     		LD BC,0x00FE
89EB FD E9        		JP (IY)
89ED              		ASSERT $ <= first_address_81+64
89ED              		DS first_address_81+64-$
8A00              	        FIRST 81
8A00              		ASSERT $ == first_address_82
8A00              		IF ((82)>>7) & 1
8A00              		OUT (C),D
8A00              		ELSE
8A00 71           		DB 0xED,0x71
8A02              		ENDIF
8A02              		PULSE ((82)>>7) & 1
8A02 D9           		EXX
8A03 1A           		LD A,(DE)
8A04 1C           		INC E
8A05 CA DD 80     		JP Z,advance_page
8A08 D9           		EXX
8A09              		ASSERT $ == first_address_82+first_resume_offset
8A09              		IF ((82)>>6) & 1
8A09 ED 51        		OUT (C),D
8A0B              		ELSE
8A0B              		DB 0xED,0x71
8A0B              		ENDIF
8A0B              		PULSE ((82)>>6) & 1
8A0B 6F           		LD L,A
8A0C 26 AF        		LD H,packet_map >> 8
8A0E              		IF ((82)>>5) & 1
8A0E              		OUT (C),D
8A0E              		ELSE
8A0E 71           		DB 0xED,0x71
8A10              		ENDIF
8A10              		PULSE ((82)>>5) & 1
8A10 7E           		LD A,(HL)
8A11 24           		INC H
8A12              		IF ((82)>>4) & 1
8A12 ED 51        		OUT (C),D
8A14              		ELSE
8A14              		DB 0xED,0x71
8A14              		ENDIF
8A14              		PULSE ((82)>>4) & 1
8A14 66           		LD H,(HL)
8A15 B3           		OR E
8A16              		IF ((82)>>3) & 1
8A16              		OUT (C),D
8A16              		ELSE
8A16 71           		DB 0xED,0x71
8A18              		ENDIF
8A18              		PULSE ((82)>>3) & 1
8A18 6F           		LD L,A
8A19 F9           		LD SP,HL
8A1A              		IF ((82)>>2) & 1
8A1A              		OUT (C),D
8A1A              		ELSE
8A1A 71           		DB 0xED,0x71
8A1C              		ENDIF
8A1C              		PULSE ((82)>>2) & 1
8A1C 3E 00        		LD A,0
8A1E 3E 00        		LD A,0
8A20              		IF ((82)>>1) & 1
8A20 ED 51        		OUT (C),D
8A22              		ELSE
8A22              		DB 0xED,0x71
8A22              		ENDIF
8A22              		PULSE ((82)>>1) & 1
8A22 3E 00        		LD A,0
8A24 3E 00        		LD A,0
8A26              		IF (82) & 1
8A26              		OUT (C),D
8A26              		ELSE
8A26 71           		DB 0xED,0x71
8A28              		ENDIF
8A28              		PULSE (82) & 1
8A28 01 FE 00     		LD BC,0x00FE
8A2B FD E9        		JP (IY)
8A2D              		ASSERT $ <= first_address_82+64
8A2D              		DS first_address_82+64-$
8A40              	        FIRST 82
8A40              		ASSERT $ == first_address_83
8A40              		IF ((83)>>7) & 1
8A40              		OUT (C),D
8A40              		ELSE
8A40 71           		DB 0xED,0x71
8A42              		ENDIF
8A42              		PULSE ((83)>>7) & 1
8A42 D9           		EXX
8A43 1A           		LD A,(DE)
8A44 1C           		INC E
8A45 CA DD 80     		JP Z,advance_page
8A48 D9           		EXX
8A49              		ASSERT $ == first_address_83+first_resume_offset
8A49              		IF ((83)>>6) & 1
8A49 ED 51        		OUT (C),D
8A4B              		ELSE
8A4B              		DB 0xED,0x71
8A4B              		ENDIF
8A4B              		PULSE ((83)>>6) & 1
8A4B 6F           		LD L,A
8A4C 26 AF        		LD H,packet_map >> 8
8A4E              		IF ((83)>>5) & 1
8A4E              		OUT (C),D
8A4E              		ELSE
8A4E 71           		DB 0xED,0x71
8A50              		ENDIF
8A50              		PULSE ((83)>>5) & 1
8A50 7E           		LD A,(HL)
8A51 24           		INC H
8A52              		IF ((83)>>4) & 1
8A52 ED 51        		OUT (C),D
8A54              		ELSE
8A54              		DB 0xED,0x71
8A54              		ENDIF
8A54              		PULSE ((83)>>4) & 1
8A54 66           		LD H,(HL)
8A55 B3           		OR E
8A56              		IF ((83)>>3) & 1
8A56              		OUT (C),D
8A56              		ELSE
8A56 71           		DB 0xED,0x71
8A58              		ENDIF
8A58              		PULSE ((83)>>3) & 1
8A58 6F           		LD L,A
8A59 F9           		LD SP,HL
8A5A              		IF ((83)>>2) & 1
8A5A              		OUT (C),D
8A5A              		ELSE
8A5A 71           		DB 0xED,0x71
8A5C              		ENDIF
8A5C              		PULSE ((83)>>2) & 1
8A5C 3E 00        		LD A,0
8A5E 3E 00        		LD A,0
8A60              		IF ((83)>>1) & 1
8A60 ED 51        		OUT (C),D
8A62              		ELSE
8A62              		DB 0xED,0x71
8A62              		ENDIF
8A62              		PULSE ((83)>>1) & 1
8A62 3E 00        		LD A,0
8A64 3E 00        		LD A,0
8A66              		IF (83) & 1
8A66 ED 51        		OUT (C),D
8A68              		ELSE
8A68              		DB 0xED,0x71
8A68              		ENDIF
8A68              		PULSE (83) & 1
8A68 01 FE 00     		LD BC,0x00FE
8A6B FD E9        		JP (IY)
8A6D              		ASSERT $ <= first_address_83+64
8A6D              		DS first_address_83+64-$
8A80              	        FIRST 83
8A80              		ASSERT $ == first_address_84
8A80              		IF ((84)>>7) & 1
8A80              		OUT (C),D
8A80              		ELSE
8A80 71           		DB 0xED,0x71
8A82              		ENDIF
8A82              		PULSE ((84)>>7) & 1
8A82 D9           		EXX
8A83 1A           		LD A,(DE)
8A84 1C           		INC E
8A85 CA DD 80     		JP Z,advance_page
8A88 D9           		EXX
8A89              		ASSERT $ == first_address_84+first_resume_offset
8A89              		IF ((84)>>6) & 1
8A89 ED 51        		OUT (C),D
8A8B              		ELSE
8A8B              		DB 0xED,0x71
8A8B              		ENDIF
8A8B              		PULSE ((84)>>6) & 1
8A8B 6F           		LD L,A
8A8C 26 AF        		LD H,packet_map >> 8
8A8E              		IF ((84)>>5) & 1
8A8E              		OUT (C),D
8A8E              		ELSE
8A8E 71           		DB 0xED,0x71
8A90              		ENDIF
8A90              		PULSE ((84)>>5) & 1
8A90 7E           		LD A,(HL)
8A91 24           		INC H
8A92              		IF ((84)>>4) & 1
8A92 ED 51        		OUT (C),D
8A94              		ELSE
8A94              		DB 0xED,0x71
8A94              		ENDIF
8A94              		PULSE ((84)>>4) & 1
8A94 66           		LD H,(HL)
8A95 B3           		OR E
8A96              		IF ((84)>>3) & 1
8A96              		OUT (C),D
8A96              		ELSE
8A96 71           		DB 0xED,0x71
8A98              		ENDIF
8A98              		PULSE ((84)>>3) & 1
8A98 6F           		LD L,A
8A99 F9           		LD SP,HL
8A9A              		IF ((84)>>2) & 1
8A9A ED 51        		OUT (C),D
8A9C              		ELSE
8A9C              		DB 0xED,0x71
8A9C              		ENDIF
8A9C              		PULSE ((84)>>2) & 1
8A9C 3E 00        		LD A,0
8A9E 3E 00        		LD A,0
8AA0              		IF ((84)>>1) & 1
8AA0              		OUT (C),D
8AA0              		ELSE
8AA0 71           		DB 0xED,0x71
8AA2              		ENDIF
8AA2              		PULSE ((84)>>1) & 1
8AA2 3E 00        		LD A,0
8AA4 3E 00        		LD A,0
8AA6              		IF (84) & 1
8AA6              		OUT (C),D
8AA6              		ELSE
8AA6 71           		DB 0xED,0x71
8AA8              		ENDIF
8AA8              		PULSE (84) & 1
8AA8 01 FE 00     		LD BC,0x00FE
8AAB FD E9        		JP (IY)
8AAD              		ASSERT $ <= first_address_84+64
8AAD              		DS first_address_84+64-$
8AC0              	        FIRST 84
8AC0              		ASSERT $ == first_address_85
8AC0              		IF ((85)>>7) & 1
8AC0              		OUT (C),D
8AC0              		ELSE
8AC0 71           		DB 0xED,0x71
8AC2              		ENDIF
8AC2              		PULSE ((85)>>7) & 1
8AC2 D9           		EXX
8AC3 1A           		LD A,(DE)
8AC4 1C           		INC E
8AC5 CA DD 80     		JP Z,advance_page
8AC8 D9           		EXX
8AC9              		ASSERT $ == first_address_85+first_resume_offset
8AC9              		IF ((85)>>6) & 1
8AC9 ED 51        		OUT (C),D
8ACB              		ELSE
8ACB              		DB 0xED,0x71
8ACB              		ENDIF
8ACB              		PULSE ((85)>>6) & 1
8ACB 6F           		LD L,A
8ACC 26 AF        		LD H,packet_map >> 8
8ACE              		IF ((85)>>5) & 1
8ACE              		OUT (C),D
8ACE              		ELSE
8ACE 71           		DB 0xED,0x71
8AD0              		ENDIF
8AD0              		PULSE ((85)>>5) & 1
8AD0 7E           		LD A,(HL)
8AD1 24           		INC H
8AD2              		IF ((85)>>4) & 1
8AD2 ED 51        		OUT (C),D
8AD4              		ELSE
8AD4              		DB 0xED,0x71
8AD4              		ENDIF
8AD4              		PULSE ((85)>>4) & 1
8AD4 66           		LD H,(HL)
8AD5 B3           		OR E
8AD6              		IF ((85)>>3) & 1
8AD6              		OUT (C),D
8AD6              		ELSE
8AD6 71           		DB 0xED,0x71
8AD8              		ENDIF
8AD8              		PULSE ((85)>>3) & 1
8AD8 6F           		LD L,A
8AD9 F9           		LD SP,HL
8ADA              		IF ((85)>>2) & 1
8ADA ED 51        		OUT (C),D
8ADC              		ELSE
8ADC              		DB 0xED,0x71
8ADC              		ENDIF
8ADC              		PULSE ((85)>>2) & 1
8ADC 3E 00        		LD A,0
8ADE 3E 00        		LD A,0
8AE0              		IF ((85)>>1) & 1
8AE0              		OUT (C),D
8AE0              		ELSE
8AE0 71           		DB 0xED,0x71
8AE2              		ENDIF
8AE2              		PULSE ((85)>>1) & 1
8AE2 3E 00        		LD A,0
8AE4 3E 00        		LD A,0
8AE6              		IF (85) & 1
8AE6 ED 51        		OUT (C),D
8AE8              		ELSE
8AE8              		DB 0xED,0x71
8AE8              		ENDIF
8AE8              		PULSE (85) & 1
8AE8 01 FE 00     		LD BC,0x00FE
8AEB FD E9        		JP (IY)
8AED              		ASSERT $ <= first_address_85+64
8AED              		DS first_address_85+64-$
8B00              	        FIRST 85
8B00              		ASSERT $ == first_address_89
8B00              		IF ((89)>>7) & 1
8B00              		OUT (C),D
8B00              		ELSE
8B00 71           		DB 0xED,0x71
8B02              		ENDIF
8B02              		PULSE ((89)>>7) & 1
8B02 D9           		EXX
8B03 1A           		LD A,(DE)
8B04 1C           		INC E
8B05 CA DD 80     		JP Z,advance_page
8B08 D9           		EXX
8B09              		ASSERT $ == first_address_89+first_resume_offset
8B09              		IF ((89)>>6) & 1
8B09 ED 51        		OUT (C),D
8B0B              		ELSE
8B0B              		DB 0xED,0x71
8B0B              		ENDIF
8B0B              		PULSE ((89)>>6) & 1
8B0B 6F           		LD L,A
8B0C 26 AF        		LD H,packet_map >> 8
8B0E              		IF ((89)>>5) & 1
8B0E              		OUT (C),D
8B0E              		ELSE
8B0E 71           		DB 0xED,0x71
8B10              		ENDIF
8B10              		PULSE ((89)>>5) & 1
8B10 7E           		LD A,(HL)
8B11 24           		INC H
8B12              		IF ((89)>>4) & 1
8B12 ED 51        		OUT (C),D
8B14              		ELSE
8B14              		DB 0xED,0x71
8B14              		ENDIF
8B14              		PULSE ((89)>>4) & 1
8B14 66           		LD H,(HL)
8B15 B3           		OR E
8B16              		IF ((89)>>3) & 1
8B16 ED 51        		OUT (C),D
8B18              		ELSE
8B18              		DB 0xED,0x71
8B18              		ENDIF
8B18              		PULSE ((89)>>3) & 1
8B18 6F           		LD L,A
8B19 F9           		LD SP,HL
8B1A              		IF ((89)>>2) & 1
8B1A              		OUT (C),D
8B1A              		ELSE
8B1A 71           		DB 0xED,0x71
8B1C              		ENDIF
8B1C              		PULSE ((89)>>2) & 1
8B1C 3E 00        		LD A,0
8B1E 3E 00        		LD A,0
8B20              		IF ((89)>>1) & 1
8B20              		OUT (C),D
8B20              		ELSE
8B20 71           		DB 0xED,0x71
8B22              		ENDIF
8B22              		PULSE ((89)>>1) & 1
8B22 3E 00        		LD A,0
8B24 3E 00        		LD A,0
8B26              		IF (89) & 1
8B26 ED 51        		OUT (C),D
8B28              		ELSE
8B28              		DB 0xED,0x71
8B28              		ENDIF
8B28              		PULSE (89) & 1
8B28 01 FE 00     		LD BC,0x00FE
8B2B FD E9        		JP (IY)
8B2D              		ASSERT $ <= first_address_89+64
8B2D              		DS first_address_89+64-$
8B40              	        FIRST 89
8B40              		ASSERT $ == first_address_90
8B40              		IF ((90)>>7) & 1
8B40              		OUT (C),D
8B40              		ELSE
8B40 71           		DB 0xED,0x71
8B42              		ENDIF
8B42              		PULSE ((90)>>7) & 1
8B42 D9           		EXX
8B43 1A           		LD A,(DE)
8B44 1C           		INC E
8B45 CA DD 80     		JP Z,advance_page
8B48 D9           		EXX
8B49              		ASSERT $ == first_address_90+first_resume_offset
8B49              		IF ((90)>>6) & 1
8B49 ED 51        		OUT (C),D
8B4B              		ELSE
8B4B              		DB 0xED,0x71
8B4B              		ENDIF
8B4B              		PULSE ((90)>>6) & 1
8B4B 6F           		LD L,A
8B4C 26 AF        		LD H,packet_map >> 8
8B4E              		IF ((90)>>5) & 1
8B4E              		OUT (C),D
8B4E              		ELSE
8B4E 71           		DB 0xED,0x71
8B50              		ENDIF
8B50              		PULSE ((90)>>5) & 1
8B50 7E           		LD A,(HL)
8B51 24           		INC H
8B52              		IF ((90)>>4) & 1
8B52 ED 51        		OUT (C),D
8B54              		ELSE
8B54              		DB 0xED,0x71
8B54              		ENDIF
8B54              		PULSE ((90)>>4) & 1
8B54 66           		LD H,(HL)
8B55 B3           		OR E
8B56              		IF ((90)>>3) & 1
8B56 ED 51        		OUT (C),D
8B58              		ELSE
8B58              		DB 0xED,0x71
8B58              		ENDIF
8B58              		PULSE ((90)>>3) & 1
8B58 6F           		LD L,A
8B59 F9           		LD SP,HL
8B5A              		IF ((90)>>2) & 1
8B5A              		OUT (C),D
8B5A              		ELSE
8B5A 71           		DB 0xED,0x71
8B5C              		ENDIF
8B5C              		PULSE ((90)>>2) & 1
8B5C 3E 00        		LD A,0
8B5E 3E 00        		LD A,0
8B60              		IF ((90)>>1) & 1
8B60 ED 51        		OUT (C),D
8B62              		ELSE
8B62              		DB 0xED,0x71
8B62              		ENDIF
8B62              		PULSE ((90)>>1) & 1
8B62 3E 00        		LD A,0
8B64 3E 00        		LD A,0
8B66              		IF (90) & 1
8B66              		OUT (C),D
8B66              		ELSE
8B66 71           		DB 0xED,0x71
8B68              		ENDIF
8B68              		PULSE (90) & 1
8B68 01 FE 00     		LD BC,0x00FE
8B6B FD E9        		JP (IY)
8B6D              		ASSERT $ <= first_address_90+64
8B6D              		DS first_address_90+64-$
8B80              	        FIRST 90
8B80              		ASSERT $ == first_address_98
8B80              		IF ((98)>>7) & 1
8B80              		OUT (C),D
8B80              		ELSE
8B80 71           		DB 0xED,0x71
8B82              		ENDIF
8B82              		PULSE ((98)>>7) & 1
8B82 D9           		EXX
8B83 1A           		LD A,(DE)
8B84 1C           		INC E
8B85 CA DD 80     		JP Z,advance_page
8B88 D9           		EXX
8B89              		ASSERT $ == first_address_98+first_resume_offset
8B89              		IF ((98)>>6) & 1
8B89 ED 51        		OUT (C),D
8B8B              		ELSE
8B8B              		DB 0xED,0x71
8B8B              		ENDIF
8B8B              		PULSE ((98)>>6) & 1
8B8B 6F           		LD L,A
8B8C 26 AF        		LD H,packet_map >> 8
8B8E              		IF ((98)>>5) & 1
8B8E ED 51        		OUT (C),D
8B90              		ELSE
8B90              		DB 0xED,0x71
8B90              		ENDIF
8B90              		PULSE ((98)>>5) & 1
8B90 7E           		LD A,(HL)
8B91 24           		INC H
8B92              		IF ((98)>>4) & 1
8B92              		OUT (C),D
8B92              		ELSE
8B92 71           		DB 0xED,0x71
8B94              		ENDIF
8B94              		PULSE ((98)>>4) & 1
8B94 66           		LD H,(HL)
8B95 B3           		OR E
8B96              		IF ((98)>>3) & 1
8B96              		OUT (C),D
8B96              		ELSE
8B96 71           		DB 0xED,0x71
8B98              		ENDIF
8B98              		PULSE ((98)>>3) & 1
8B98 6F           		LD L,A
8B99 F9           		LD SP,HL
8B9A              		IF ((98)>>2) & 1
8B9A              		OUT (C),D
8B9A              		ELSE
8B9A 71           		DB 0xED,0x71
8B9C              		ENDIF
8B9C              		PULSE ((98)>>2) & 1
8B9C 3E 00        		LD A,0
8B9E 3E 00        		LD A,0
8BA0              		IF ((98)>>1) & 1
8BA0 ED 51        		OUT (C),D
8BA2              		ELSE
8BA2              		DB 0xED,0x71
8BA2              		ENDIF
8BA2              		PULSE ((98)>>1) & 1
8BA2 3E 00        		LD A,0
8BA4 3E 00        		LD A,0
8BA6              		IF (98) & 1
8BA6              		OUT (C),D
8BA6              		ELSE
8BA6 71           		DB 0xED,0x71
8BA8              		ENDIF
8BA8              		PULSE (98) & 1
8BA8 01 FE 00     		LD BC,0x00FE
8BAB FD E9        		JP (IY)
8BAD              		ASSERT $ <= first_address_98+64
8BAD              		DS first_address_98+64-$
8BC0              	        FIRST 98
8BC0              		ASSERT $ == first_address_100
8BC0              		IF ((100)>>7) & 1
8BC0              		OUT (C),D
8BC0              		ELSE
8BC0 71           		DB 0xED,0x71
8BC2              		ENDIF
8BC2              		PULSE ((100)>>7) & 1
8BC2 D9           		EXX
8BC3 1A           		LD A,(DE)
8BC4 1C           		INC E
8BC5 CA DD 80     		JP Z,advance_page
8BC8 D9           		EXX
8BC9              		ASSERT $ == first_address_100+first_resume_offset
8BC9              		IF ((100)>>6) & 1
8BC9 ED 51        		OUT (C),D
8BCB              		ELSE
8BCB              		DB 0xED,0x71
8BCB              		ENDIF
8BCB              		PULSE ((100)>>6) & 1
8BCB 6F           		LD L,A
8BCC 26 AF        		LD H,packet_map >> 8
8BCE              		IF ((100)>>5) & 1
8BCE ED 51        		OUT (C),D
8BD0              		ELSE
8BD0              		DB 0xED,0x71
8BD0              		ENDIF
8BD0              		PULSE ((100)>>5) & 1
8BD0 7E           		LD A,(HL)
8BD1 24           		INC H
8BD2              		IF ((100)>>4) & 1
8BD2              		OUT (C),D
8BD2              		ELSE
8BD2 71           		DB 0xED,0x71
8BD4              		ENDIF
8BD4              		PULSE ((100)>>4) & 1
8BD4 66           		LD H,(HL)
8BD5 B3           		OR E
8BD6              		IF ((100)>>3) & 1
8BD6              		OUT (C),D
8BD6              		ELSE
8BD6 71           		DB 0xED,0x71
8BD8              		ENDIF
8BD8              		PULSE ((100)>>3) & 1
8BD8 6F           		LD L,A
8BD9 F9           		LD SP,HL
8BDA              		IF ((100)>>2) & 1
8BDA ED 51        		OUT (C),D
8BDC              		ELSE
8BDC              		DB 0xED,0x71
8BDC              		ENDIF
8BDC              		PULSE ((100)>>2) & 1
8BDC 3E 00        		LD A,0
8BDE 3E 00        		LD A,0
8BE0              		IF ((100)>>1) & 1
8BE0              		OUT (C),D
8BE0              		ELSE
8BE0 71           		DB 0xED,0x71
8BE2              		ENDIF
8BE2              		PULSE ((100)>>1) & 1
8BE2 3E 00        		LD A,0
8BE4 3E 00        		LD A,0
8BE6              		IF (100) & 1
8BE6              		OUT (C),D
8BE6              		ELSE
8BE6 71           		DB 0xED,0x71
8BE8              		ENDIF
8BE8              		PULSE (100) & 1
8BE8 01 FE 00     		LD BC,0x00FE
8BEB FD E9        		JP (IY)
8BED              		ASSERT $ <= first_address_100+64
8BED              		DS first_address_100+64-$
8C00              	        FIRST 100
8C00              		ASSERT $ == first_address_101
8C00              		IF ((101)>>7) & 1
8C00              		OUT (C),D
8C00              		ELSE
8C00 71           		DB 0xED,0x71
8C02              		ENDIF
8C02              		PULSE ((101)>>7) & 1
8C02 D9           		EXX
8C03 1A           		LD A,(DE)
8C04 1C           		INC E
8C05 CA DD 80     		JP Z,advance_page
8C08 D9           		EXX
8C09              		ASSERT $ == first_address_101+first_resume_offset
8C09              		IF ((101)>>6) & 1
8C09 ED 51        		OUT (C),D
8C0B              		ELSE
8C0B              		DB 0xED,0x71
8C0B              		ENDIF
8C0B              		PULSE ((101)>>6) & 1
8C0B 6F           		LD L,A
8C0C 26 AF        		LD H,packet_map >> 8
8C0E              		IF ((101)>>5) & 1
8C0E ED 51        		OUT (C),D
8C10              		ELSE
8C10              		DB 0xED,0x71
8C10              		ENDIF
8C10              		PULSE ((101)>>5) & 1
8C10 7E           		LD A,(HL)
8C11 24           		INC H
8C12              		IF ((101)>>4) & 1
8C12              		OUT (C),D
8C12              		ELSE
8C12 71           		DB 0xED,0x71
8C14              		ENDIF
8C14              		PULSE ((101)>>4) & 1
8C14 66           		LD H,(HL)
8C15 B3           		OR E
8C16              		IF ((101)>>3) & 1
8C16              		OUT (C),D
8C16              		ELSE
8C16 71           		DB 0xED,0x71
8C18              		ENDIF
8C18              		PULSE ((101)>>3) & 1
8C18 6F           		LD L,A
8C19 F9           		LD SP,HL
8C1A              		IF ((101)>>2) & 1
8C1A ED 51        		OUT (C),D
8C1C              		ELSE
8C1C              		DB 0xED,0x71
8C1C              		ENDIF
8C1C              		PULSE ((101)>>2) & 1
8C1C 3E 00        		LD A,0
8C1E 3E 00        		LD A,0
8C20              		IF ((101)>>1) & 1
8C20              		OUT (C),D
8C20              		ELSE
8C20 71           		DB 0xED,0x71
8C22              		ENDIF
8C22              		PULSE ((101)>>1) & 1
8C22 3E 00        		LD A,0
8C24 3E 00        		LD A,0
8C26              		IF (101) & 1
8C26 ED 51        		OUT (C),D
8C28              		ELSE
8C28              		DB 0xED,0x71
8C28              		ENDIF
8C28              		PULSE (101) & 1
8C28 01 FE 00     		LD BC,0x00FE
8C2B FD E9        		JP (IY)
8C2D              		ASSERT $ <= first_address_101+64
8C2D              		DS first_address_101+64-$
8C40              	        FIRST 101
8C40              		ASSERT $ == first_address_102
8C40              		IF ((102)>>7) & 1
8C40              		OUT (C),D
8C40              		ELSE
8C40 71           		DB 0xED,0x71
8C42              		ENDIF
8C42              		PULSE ((102)>>7) & 1
8C42 D9           		EXX
8C43 1A           		LD A,(DE)
8C44 1C           		INC E
8C45 CA DD 80     		JP Z,advance_page
8C48 D9           		EXX
8C49              		ASSERT $ == first_address_102+first_resume_offset
8C49              		IF ((102)>>6) & 1
8C49 ED 51        		OUT (C),D
8C4B              		ELSE
8C4B              		DB 0xED,0x71
8C4B              		ENDIF
8C4B              		PULSE ((102)>>6) & 1
8C4B 6F           		LD L,A
8C4C 26 AF        		LD H,packet_map >> 8
8C4E              		IF ((102)>>5) & 1
8C4E ED 51        		OUT (C),D
8C50              		ELSE
8C50              		DB 0xED,0x71
8C50              		ENDIF
8C50              		PULSE ((102)>>5) & 1
8C50 7E           		LD A,(HL)
8C51 24           		INC H
8C52              		IF ((102)>>4) & 1
8C52              		OUT (C),D
8C52              		ELSE
8C52 71           		DB 0xED,0x71
8C54              		ENDIF
8C54              		PULSE ((102)>>4) & 1
8C54 66           		LD H,(HL)
8C55 B3           		OR E
8C56              		IF ((102)>>3) & 1
8C56              		OUT (C),D
8C56              		ELSE
8C56 71           		DB 0xED,0x71
8C58              		ENDIF
8C58              		PULSE ((102)>>3) & 1
8C58 6F           		LD L,A
8C59 F9           		LD SP,HL
8C5A              		IF ((102)>>2) & 1
8C5A ED 51        		OUT (C),D
8C5C              		ELSE
8C5C              		DB 0xED,0x71
8C5C              		ENDIF
8C5C              		PULSE ((102)>>2) & 1
8C5C 3E 00        		LD A,0
8C5E 3E 00        		LD A,0
8C60              		IF ((102)>>1) & 1
8C60 ED 51        		OUT (C),D
8C62              		ELSE
8C62              		DB 0xED,0x71
8C62              		ENDIF
8C62              		PULSE ((102)>>1) & 1
8C62 3E 00        		LD A,0
8C64 3E 00        		LD A,0
8C66              		IF (102) & 1
8C66              		OUT (C),D
8C66              		ELSE
8C66 71           		DB 0xED,0x71
8C68              		ENDIF
8C68              		PULSE (102) & 1
8C68 01 FE 00     		LD BC,0x00FE
8C6B FD E9        		JP (IY)
8C6D              		ASSERT $ <= first_address_102+64
8C6D              		DS first_address_102+64-$
8C80              	        FIRST 102
8C80              		ASSERT $ == first_address_105
8C80              		IF ((105)>>7) & 1
8C80              		OUT (C),D
8C80              		ELSE
8C80 71           		DB 0xED,0x71
8C82              		ENDIF
8C82              		PULSE ((105)>>7) & 1
8C82 D9           		EXX
8C83 1A           		LD A,(DE)
8C84 1C           		INC E
8C85 CA DD 80     		JP Z,advance_page
8C88 D9           		EXX
8C89              		ASSERT $ == first_address_105+first_resume_offset
8C89              		IF ((105)>>6) & 1
8C89 ED 51        		OUT (C),D
8C8B              		ELSE
8C8B              		DB 0xED,0x71
8C8B              		ENDIF
8C8B              		PULSE ((105)>>6) & 1
8C8B 6F           		LD L,A
8C8C 26 AF        		LD H,packet_map >> 8
8C8E              		IF ((105)>>5) & 1
8C8E ED 51        		OUT (C),D
8C90              		ELSE
8C90              		DB 0xED,0x71
8C90              		ENDIF
8C90              		PULSE ((105)>>5) & 1
8C90 7E           		LD A,(HL)
8C91 24           		INC H
8C92              		IF ((105)>>4) & 1
8C92              		OUT (C),D
8C92              		ELSE
8C92 71           		DB 0xED,0x71
8C94              		ENDIF
8C94              		PULSE ((105)>>4) & 1
8C94 66           		LD H,(HL)
8C95 B3           		OR E
8C96              		IF ((105)>>3) & 1
8C96 ED 51        		OUT (C),D
8C98              		ELSE
8C98              		DB 0xED,0x71
8C98              		ENDIF
8C98              		PULSE ((105)>>3) & 1
8C98 6F           		LD L,A
8C99 F9           		LD SP,HL
8C9A              		IF ((105)>>2) & 1
8C9A              		OUT (C),D
8C9A              		ELSE
8C9A 71           		DB 0xED,0x71
8C9C              		ENDIF
8C9C              		PULSE ((105)>>2) & 1
8C9C 3E 00        		LD A,0
8C9E 3E 00        		LD A,0
8CA0              		IF ((105)>>1) & 1
8CA0              		OUT (C),D
8CA0              		ELSE
8CA0 71           		DB 0xED,0x71
8CA2              		ENDIF
8CA2              		PULSE ((105)>>1) & 1
8CA2 3E 00        		LD A,0
8CA4 3E 00        		LD A,0
8CA6              		IF (105) & 1
8CA6 ED 51        		OUT (C),D
8CA8              		ELSE
8CA8              		DB 0xED,0x71
8CA8              		ENDIF
8CA8              		PULSE (105) & 1
8CA8 01 FE 00     		LD BC,0x00FE
8CAB FD E9        		JP (IY)
8CAD              		ASSERT $ <= first_address_105+64
8CAD              		DS first_address_105+64-$
8CC0              	        FIRST 105
8CC0              		ASSERT $ == first_address_106
8CC0              		IF ((106)>>7) & 1
8CC0              		OUT (C),D
8CC0              		ELSE
8CC0 71           		DB 0xED,0x71
8CC2              		ENDIF
8CC2              		PULSE ((106)>>7) & 1
8CC2 D9           		EXX
8CC3 1A           		LD A,(DE)
8CC4 1C           		INC E
8CC5 CA DD 80     		JP Z,advance_page
8CC8 D9           		EXX
8CC9              		ASSERT $ == first_address_106+first_resume_offset
8CC9              		IF ((106)>>6) & 1
8CC9 ED 51        		OUT (C),D
8CCB              		ELSE
8CCB              		DB 0xED,0x71
8CCB              		ENDIF
8CCB              		PULSE ((106)>>6) & 1
8CCB 6F           		LD L,A
8CCC 26 AF        		LD H,packet_map >> 8
8CCE              		IF ((106)>>5) & 1
8CCE ED 51        		OUT (C),D
8CD0              		ELSE
8CD0              		DB 0xED,0x71
8CD0              		ENDIF
8CD0              		PULSE ((106)>>5) & 1
8CD0 7E           		LD A,(HL)
8CD1 24           		INC H
8CD2              		IF ((106)>>4) & 1
8CD2              		OUT (C),D
8CD2              		ELSE
8CD2 71           		DB 0xED,0x71
8CD4              		ENDIF
8CD4              		PULSE ((106)>>4) & 1
8CD4 66           		LD H,(HL)
8CD5 B3           		OR E
8CD6              		IF ((106)>>3) & 1
8CD6 ED 51        		OUT (C),D
8CD8              		ELSE
8CD8              		DB 0xED,0x71
8CD8              		ENDIF
8CD8              		PULSE ((106)>>3) & 1
8CD8 6F           		LD L,A
8CD9 F9           		LD SP,HL
8CDA              		IF ((106)>>2) & 1
8CDA              		OUT (C),D
8CDA              		ELSE
8CDA 71           		DB 0xED,0x71
8CDC              		ENDIF
8CDC              		PULSE ((106)>>2) & 1
8CDC 3E 00        		LD A,0
8CDE 3E 00        		LD A,0
8CE0              		IF ((106)>>1) & 1
8CE0 ED 51        		OUT (C),D
8CE2              		ELSE
8CE2              		DB 0xED,0x71
8CE2              		ENDIF
8CE2              		PULSE ((106)>>1) & 1
8CE2 3E 00        		LD A,0
8CE4 3E 00        		LD A,0
8CE6              		IF (106) & 1
8CE6              		OUT (C),D
8CE6              		ELSE
8CE6 71           		DB 0xED,0x71
8CE8              		ENDIF
8CE8              		PULSE (106) & 1
8CE8 01 FE 00     		LD BC,0x00FE
8CEB FD E9        		JP (IY)
8CED              		ASSERT $ <= first_address_106+64
8CED              		DS first_address_106+64-$
8D00              	        FIRST 106
8D00              		ASSERT $ == first_address_107
8D00              		IF ((107)>>7) & 1
8D00              		OUT (C),D
8D00              		ELSE
8D00 71           		DB 0xED,0x71
8D02              		ENDIF
8D02              		PULSE ((107)>>7) & 1
8D02 D9           		EXX
8D03 1A           		LD A,(DE)
8D04 1C           		INC E
8D05 CA DD 80     		JP Z,advance_page
8D08 D9           		EXX
8D09              		ASSERT $ == first_address_107+first_resume_offset
8D09              		IF ((107)>>6) & 1
8D09 ED 51        		OUT (C),D
8D0B              		ELSE
8D0B              		DB 0xED,0x71
8D0B              		ENDIF
8D0B              		PULSE ((107)>>6) & 1
8D0B 6F           		LD L,A
8D0C 26 AF        		LD H,packet_map >> 8
8D0E              		IF ((107)>>5) & 1
8D0E ED 51        		OUT (C),D
8D10              		ELSE
8D10              		DB 0xED,0x71
8D10              		ENDIF
8D10              		PULSE ((107)>>5) & 1
8D10 7E           		LD A,(HL)
8D11 24           		INC H
8D12              		IF ((107)>>4) & 1
8D12              		OUT (C),D
8D12              		ELSE
8D12 71           		DB 0xED,0x71
8D14              		ENDIF
8D14              		PULSE ((107)>>4) & 1
8D14 66           		LD H,(HL)
8D15 B3           		OR E
8D16              		IF ((107)>>3) & 1
8D16 ED 51        		OUT (C),D
8D18              		ELSE
8D18              		DB 0xED,0x71
8D18              		ENDIF
8D18              		PULSE ((107)>>3) & 1
8D18 6F           		LD L,A
8D19 F9           		LD SP,HL
8D1A              		IF ((107)>>2) & 1
8D1A              		OUT (C),D
8D1A              		ELSE
8D1A 71           		DB 0xED,0x71
8D1C              		ENDIF
8D1C              		PULSE ((107)>>2) & 1
8D1C 3E 00        		LD A,0
8D1E 3E 00        		LD A,0
8D20              		IF ((107)>>1) & 1
8D20 ED 51        		OUT (C),D
8D22              		ELSE
8D22              		DB 0xED,0x71
8D22              		ENDIF
8D22              		PULSE ((107)>>1) & 1
8D22 3E 00        		LD A,0
8D24 3E 00        		LD A,0
8D26              		IF (107) & 1
8D26 ED 51        		OUT (C),D
8D28              		ELSE
8D28              		DB 0xED,0x71
8D28              		ENDIF
8D28              		PULSE (107) & 1
8D28 01 FE 00     		LD BC,0x00FE
8D2B FD E9        		JP (IY)
8D2D              		ASSERT $ <= first_address_107+64
8D2D              		DS first_address_107+64-$
8D40              	        FIRST 107
8D40              		ASSERT $ == first_address_108
8D40              		IF ((108)>>7) & 1
8D40              		OUT (C),D
8D40              		ELSE
8D40 71           		DB 0xED,0x71
8D42              		ENDIF
8D42              		PULSE ((108)>>7) & 1
8D42 D9           		EXX
8D43 1A           		LD A,(DE)
8D44 1C           		INC E
8D45 CA DD 80     		JP Z,advance_page
8D48 D9           		EXX
8D49              		ASSERT $ == first_address_108+first_resume_offset
8D49              		IF ((108)>>6) & 1
8D49 ED 51        		OUT (C),D
8D4B              		ELSE
8D4B              		DB 0xED,0x71
8D4B              		ENDIF
8D4B              		PULSE ((108)>>6) & 1
8D4B 6F           		LD L,A
8D4C 26 AF        		LD H,packet_map >> 8
8D4E              		IF ((108)>>5) & 1
8D4E ED 51        		OUT (C),D
8D50              		ELSE
8D50              		DB 0xED,0x71
8D50              		ENDIF
8D50              		PULSE ((108)>>5) & 1
8D50 7E           		LD A,(HL)
8D51 24           		INC H
8D52              		IF ((108)>>4) & 1
8D52              		OUT (C),D
8D52              		ELSE
8D52 71           		DB 0xED,0x71
8D54              		ENDIF
8D54              		PULSE ((108)>>4) & 1
8D54 66           		LD H,(HL)
8D55 B3           		OR E
8D56              		IF ((108)>>3) & 1
8D56 ED 51        		OUT (C),D
8D58              		ELSE
8D58              		DB 0xED,0x71
8D58              		ENDIF
8D58              		PULSE ((108)>>3) & 1
8D58 6F           		LD L,A
8D59 F9           		LD SP,HL
8D5A              		IF ((108)>>2) & 1
8D5A ED 51        		OUT (C),D
8D5C              		ELSE
8D5C              		DB 0xED,0x71
8D5C              		ENDIF
8D5C              		PULSE ((108)>>2) & 1
8D5C 3E 00        		LD A,0
8D5E 3E 00        		LD A,0
8D60              		IF ((108)>>1) & 1
8D60              		OUT (C),D
8D60              		ELSE
8D60 71           		DB 0xED,0x71
8D62              		ENDIF
8D62              		PULSE ((108)>>1) & 1
8D62 3E 00        		LD A,0
8D64 3E 00        		LD A,0
8D66              		IF (108) & 1
8D66              		OUT (C),D
8D66              		ELSE
8D66 71           		DB 0xED,0x71
8D68              		ENDIF
8D68              		PULSE (108) & 1
8D68 01 FE 00     		LD BC,0x00FE
8D6B FD E9        		JP (IY)
8D6D              		ASSERT $ <= first_address_108+64
8D6D              		DS first_address_108+64-$
8D80              	        FIRST 108
8D80              		ASSERT $ == first_address_109
8D80              		IF ((109)>>7) & 1
8D80              		OUT (C),D
8D80              		ELSE
8D80 71           		DB 0xED,0x71
8D82              		ENDIF
8D82              		PULSE ((109)>>7) & 1
8D82 D9           		EXX
8D83 1A           		LD A,(DE)
8D84 1C           		INC E
8D85 CA DD 80     		JP Z,advance_page
8D88 D9           		EXX
8D89              		ASSERT $ == first_address_109+first_resume_offset
8D89              		IF ((109)>>6) & 1
8D89 ED 51        		OUT (C),D
8D8B              		ELSE
8D8B              		DB 0xED,0x71
8D8B              		ENDIF
8D8B              		PULSE ((109)>>6) & 1
8D8B 6F           		LD L,A
8D8C 26 AF        		LD H,packet_map >> 8
8D8E              		IF ((109)>>5) & 1
8D8E ED 51        		OUT (C),D
8D90              		ELSE
8D90              		DB 0xED,0x71
8D90              		ENDIF
8D90              		PULSE ((109)>>5) & 1
8D90 7E           		LD A,(HL)
8D91 24           		INC H
8D92              		IF ((109)>>4) & 1
8D92              		OUT (C),D
8D92              		ELSE
8D92 71           		DB 0xED,0x71
8D94              		ENDIF
8D94              		PULSE ((109)>>4) & 1
8D94 66           		LD H,(HL)
8D95 B3           		OR E
8D96              		IF ((109)>>3) & 1
8D96 ED 51        		OUT (C),D
8D98              		ELSE
8D98              		DB 0xED,0x71
8D98              		ENDIF
8D98              		PULSE ((109)>>3) & 1
8D98 6F           		LD L,A
8D99 F9           		LD SP,HL
8D9A              		IF ((109)>>2) & 1
8D9A ED 51        		OUT (C),D
8D9C              		ELSE
8D9C              		DB 0xED,0x71
8D9C              		ENDIF
8D9C              		PULSE ((109)>>2) & 1
8D9C 3E 00        		LD A,0
8D9E 3E 00        		LD A,0
8DA0              		IF ((109)>>1) & 1
8DA0              		OUT (C),D
8DA0              		ELSE
8DA0 71           		DB 0xED,0x71
8DA2              		ENDIF
8DA2              		PULSE ((109)>>1) & 1
8DA2 3E 00        		LD A,0
8DA4 3E 00        		LD A,0
8DA6              		IF (109) & 1
8DA6 ED 51        		OUT (C),D
8DA8              		ELSE
8DA8              		DB 0xED,0x71
8DA8              		ENDIF
8DA8              		PULSE (109) & 1
8DA8 01 FE 00     		LD BC,0x00FE
8DAB FD E9        		JP (IY)
8DAD              		ASSERT $ <= first_address_109+64
8DAD              		DS first_address_109+64-$
8DC0              	        FIRST 109
8DC0              		ASSERT $ == first_address_114
8DC0              		IF ((114)>>7) & 1
8DC0              		OUT (C),D
8DC0              		ELSE
8DC0 71           		DB 0xED,0x71
8DC2              		ENDIF
8DC2              		PULSE ((114)>>7) & 1
8DC2 D9           		EXX
8DC3 1A           		LD A,(DE)
8DC4 1C           		INC E
8DC5 CA DD 80     		JP Z,advance_page
8DC8 D9           		EXX
8DC9              		ASSERT $ == first_address_114+first_resume_offset
8DC9              		IF ((114)>>6) & 1
8DC9 ED 51        		OUT (C),D
8DCB              		ELSE
8DCB              		DB 0xED,0x71
8DCB              		ENDIF
8DCB              		PULSE ((114)>>6) & 1
8DCB 6F           		LD L,A
8DCC 26 AF        		LD H,packet_map >> 8
8DCE              		IF ((114)>>5) & 1
8DCE ED 51        		OUT (C),D
8DD0              		ELSE
8DD0              		DB 0xED,0x71
8DD0              		ENDIF
8DD0              		PULSE ((114)>>5) & 1
8DD0 7E           		LD A,(HL)
8DD1 24           		INC H
8DD2              		IF ((114)>>4) & 1
8DD2 ED 51        		OUT (C),D
8DD4              		ELSE
8DD4              		DB 0xED,0x71
8DD4              		ENDIF
8DD4              		PULSE ((114)>>4) & 1
8DD4 66           		LD H,(HL)
8DD5 B3           		OR E
8DD6              		IF ((114)>>3) & 1
8DD6              		OUT (C),D
8DD6              		ELSE
8DD6 71           		DB 0xED,0x71
8DD8              		ENDIF
8DD8              		PULSE ((114)>>3) & 1
8DD8 6F           		LD L,A
8DD9 F9           		LD SP,HL
8DDA              		IF ((114)>>2) & 1
8DDA              		OUT (C),D
8DDA              		ELSE
8DDA 71           		DB 0xED,0x71
8DDC              		ENDIF
8DDC              		PULSE ((114)>>2) & 1
8DDC 3E 00        		LD A,0
8DDE 3E 00        		LD A,0
8DE0              		IF ((114)>>1) & 1
8DE0 ED 51        		OUT (C),D
8DE2              		ELSE
8DE2              		DB 0xED,0x71
8DE2              		ENDIF
8DE2              		PULSE ((114)>>1) & 1
8DE2 3E 00        		LD A,0
8DE4 3E 00        		LD A,0
8DE6              		IF (114) & 1
8DE6              		OUT (C),D
8DE6              		ELSE
8DE6 71           		DB 0xED,0x71
8DE8              		ENDIF
8DE8              		PULSE (114) & 1
8DE8 01 FE 00     		LD BC,0x00FE
8DEB FD E9        		JP (IY)
8DED              		ASSERT $ <= first_address_114+64
8DED              		DS first_address_114+64-$
8E00              	        FIRST 114
8E00              		ASSERT $ == first_address_115
8E00              		IF ((115)>>7) & 1
8E00              		OUT (C),D
8E00              		ELSE
8E00 71           		DB 0xED,0x71
8E02              		ENDIF
8E02              		PULSE ((115)>>7) & 1
8E02 D9           		EXX
8E03 1A           		LD A,(DE)
8E04 1C           		INC E
8E05 CA DD 80     		JP Z,advance_page
8E08 D9           		EXX
8E09              		ASSERT $ == first_address_115+first_resume_offset
8E09              		IF ((115)>>6) & 1
8E09 ED 51        		OUT (C),D
8E0B              		ELSE
8E0B              		DB 0xED,0x71
8E0B              		ENDIF
8E0B              		PULSE ((115)>>6) & 1
8E0B 6F           		LD L,A
8E0C 26 AF        		LD H,packet_map >> 8
8E0E              		IF ((115)>>5) & 1
8E0E ED 51        		OUT (C),D
8E10              		ELSE
8E10              		DB 0xED,0x71
8E10              		ENDIF
8E10              		PULSE ((115)>>5) & 1
8E10 7E           		LD A,(HL)
8E11 24           		INC H
8E12              		IF ((115)>>4) & 1
8E12 ED 51        		OUT (C),D
8E14              		ELSE
8E14              		DB 0xED,0x71
8E14              		ENDIF
8E14              		PULSE ((115)>>4) & 1
8E14 66           		LD H,(HL)
8E15 B3           		OR E
8E16              		IF ((115)>>3) & 1
8E16              		OUT (C),D
8E16              		ELSE
8E16 71           		DB 0xED,0x71
8E18              		ENDIF
8E18              		PULSE ((115)>>3) & 1
8E18 6F           		LD L,A
8E19 F9           		LD SP,HL
8E1A              		IF ((115)>>2) & 1
8E1A              		OUT (C),D
8E1A              		ELSE
8E1A 71           		DB 0xED,0x71
8E1C              		ENDIF
8E1C              		PULSE ((115)>>2) & 1
8E1C 3E 00        		LD A,0
8E1E 3E 00        		LD A,0
8E20              		IF ((115)>>1) & 1
8E20 ED 51        		OUT (C),D
8E22              		ELSE
8E22              		DB 0xED,0x71
8E22              		ENDIF
8E22              		PULSE ((115)>>1) & 1
8E22 3E 00        		LD A,0
8E24 3E 00        		LD A,0
8E26              		IF (115) & 1
8E26 ED 51        		OUT (C),D
8E28              		ELSE
8E28              		DB 0xED,0x71
8E28              		ENDIF
8E28              		PULSE (115) & 1
8E28 01 FE 00     		LD BC,0x00FE
8E2B FD E9        		JP (IY)
8E2D              		ASSERT $ <= first_address_115+64
8E2D              		DS first_address_115+64-$
8E40              	        FIRST 115
8E40              		ASSERT $ == first_address_116
8E40              		IF ((116)>>7) & 1
8E40              		OUT (C),D
8E40              		ELSE
8E40 71           		DB 0xED,0x71
8E42              		ENDIF
8E42              		PULSE ((116)>>7) & 1
8E42 D9           		EXX
8E43 1A           		LD A,(DE)
8E44 1C           		INC E
8E45 CA DD 80     		JP Z,advance_page
8E48 D9           		EXX
8E49              		ASSERT $ == first_address_116+first_resume_offset
8E49              		IF ((116)>>6) & 1
8E49 ED 51        		OUT (C),D
8E4B              		ELSE
8E4B              		DB 0xED,0x71
8E4B              		ENDIF
8E4B              		PULSE ((116)>>6) & 1
8E4B 6F           		LD L,A
8E4C 26 AF        		LD H,packet_map >> 8
8E4E              		IF ((116)>>5) & 1
8E4E ED 51        		OUT (C),D
8E50              		ELSE
8E50              		DB 0xED,0x71
8E50              		ENDIF
8E50              		PULSE ((116)>>5) & 1
8E50 7E           		LD A,(HL)
8E51 24           		INC H
8E52              		IF ((116)>>4) & 1
8E52 ED 51        		OUT (C),D
8E54              		ELSE
8E54              		DB 0xED,0x71
8E54              		ENDIF
8E54              		PULSE ((116)>>4) & 1
8E54 66           		LD H,(HL)
8E55 B3           		OR E
8E56              		IF ((116)>>3) & 1
8E56              		OUT (C),D
8E56              		ELSE
8E56 71           		DB 0xED,0x71
8E58              		ENDIF
8E58              		PULSE ((116)>>3) & 1
8E58 6F           		LD L,A
8E59 F9           		LD SP,HL
8E5A              		IF ((116)>>2) & 1
8E5A ED 51        		OUT (C),D
8E5C              		ELSE
8E5C              		DB 0xED,0x71
8E5C              		ENDIF
8E5C              		PULSE ((116)>>2) & 1
8E5C 3E 00        		LD A,0
8E5E 3E 00        		LD A,0
8E60              		IF ((116)>>1) & 1
8E60              		OUT (C),D
8E60              		ELSE
8E60 71           		DB 0xED,0x71
8E62              		ENDIF
8E62              		PULSE ((116)>>1) & 1
8E62 3E 00        		LD A,0
8E64 3E 00        		LD A,0
8E66              		IF (116) & 1
8E66              		OUT (C),D
8E66              		ELSE
8E66 71           		DB 0xED,0x71
8E68              		ENDIF
8E68              		PULSE (116) & 1
8E68 01 FE 00     		LD BC,0x00FE
8E6B FD E9        		JP (IY)
8E6D              		ASSERT $ <= first_address_116+64
8E6D              		DS first_address_116+64-$
8E80              	        FIRST 116
8E80              		ASSERT $ == first_address_117
8E80              		IF ((117)>>7) & 1
8E80              		OUT (C),D
8E80              		ELSE
8E80 71           		DB 0xED,0x71
8E82              		ENDIF
8E82              		PULSE ((117)>>7) & 1
8E82 D9           		EXX
8E83 1A           		LD A,(DE)
8E84 1C           		INC E
8E85 CA DD 80     		JP Z,advance_page
8E88 D9           		EXX
8E89              		ASSERT $ == first_address_117+first_resume_offset
8E89              		IF ((117)>>6) & 1
8E89 ED 51        		OUT (C),D
8E8B              		ELSE
8E8B              		DB 0xED,0x71
8E8B              		ENDIF
8E8B              		PULSE ((117)>>6) & 1
8E8B 6F           		LD L,A
8E8C 26 AF        		LD H,packet_map >> 8
8E8E              		IF ((117)>>5) & 1
8E8E ED 51        		OUT (C),D
8E90              		ELSE
8E90              		DB 0xED,0x71
8E90              		ENDIF
8E90              		PULSE ((117)>>5) & 1
8E90 7E           		LD A,(HL)
8E91 24           		INC H
8E92              		IF ((117)>>4) & 1
8E92 ED 51        		OUT (C),D
8E94              		ELSE
8E94              		DB 0xED,0x71
8E94              		ENDIF
8E94              		PULSE ((117)>>4) & 1
8E94 66           		LD H,(HL)
8E95 B3           		OR E
8E96              		IF ((117)>>3) & 1
8E96              		OUT (C),D
8E96              		ELSE
8E96 71           		DB 0xED,0x71
8E98              		ENDIF
8E98              		PULSE ((117)>>3) & 1
8E98 6F           		LD L,A
8E99 F9           		LD SP,HL
8E9A              		IF ((117)>>2) & 1
8E9A ED 51        		OUT (C),D
8E9C              		ELSE
8E9C              		DB 0xED,0x71
8E9C              		ENDIF
8E9C              		PULSE ((117)>>2) & 1
8E9C 3E 00        		LD A,0
8E9E 3E 00        		LD A,0
8EA0              		IF ((117)>>1) & 1
8EA0              		OUT (C),D
8EA0              		ELSE
8EA0 71           		DB 0xED,0x71
8EA2              		ENDIF
8EA2              		PULSE ((117)>>1) & 1
8EA2 3E 00        		LD A,0
8EA4 3E 00        		LD A,0
8EA6              		IF (117) & 1
8EA6 ED 51        		OUT (C),D
8EA8              		ELSE
8EA8              		DB 0xED,0x71
8EA8              		ENDIF
8EA8              		PULSE (117) & 1
8EA8 01 FE 00     		LD BC,0x00FE
8EAB FD E9        		JP (IY)
8EAD              		ASSERT $ <= first_address_117+64
8EAD              		DS first_address_117+64-$
8EC0              	        FIRST 117
8EC0              		ASSERT $ == first_address_118
8EC0              		IF ((118)>>7) & 1
8EC0              		OUT (C),D
8EC0              		ELSE
8EC0 71           		DB 0xED,0x71
8EC2              		ENDIF
8EC2              		PULSE ((118)>>7) & 1
8EC2 D9           		EXX
8EC3 1A           		LD A,(DE)
8EC4 1C           		INC E
8EC5 CA DD 80     		JP Z,advance_page
8EC8 D9           		EXX
8EC9              		ASSERT $ == first_address_118+first_resume_offset
8EC9              		IF ((118)>>6) & 1
8EC9 ED 51        		OUT (C),D
8ECB              		ELSE
8ECB              		DB 0xED,0x71
8ECB              		ENDIF
8ECB              		PULSE ((118)>>6) & 1
8ECB 6F           		LD L,A
8ECC 26 AF        		LD H,packet_map >> 8
8ECE              		IF ((118)>>5) & 1
8ECE ED 51        		OUT (C),D
8ED0              		ELSE
8ED0              		DB 0xED,0x71
8ED0              		ENDIF
8ED0              		PULSE ((118)>>5) & 1
8ED0 7E           		LD A,(HL)
8ED1 24           		INC H
8ED2              		IF ((118)>>4) & 1
8ED2 ED 51        		OUT (C),D
8ED4              		ELSE
8ED4              		DB 0xED,0x71
8ED4              		ENDIF
8ED4              		PULSE ((118)>>4) & 1
8ED4 66           		LD H,(HL)
8ED5 B3           		OR E
8ED6              		IF ((118)>>3) & 1
8ED6              		OUT (C),D
8ED6              		ELSE
8ED6 71           		DB 0xED,0x71
8ED8              		ENDIF
8ED8              		PULSE ((118)>>3) & 1
8ED8 6F           		LD L,A
8ED9 F9           		LD SP,HL
8EDA              		IF ((118)>>2) & 1
8EDA ED 51        		OUT (C),D
8EDC              		ELSE
8EDC              		DB 0xED,0x71
8EDC              		ENDIF
8EDC              		PULSE ((118)>>2) & 1
8EDC 3E 00        		LD A,0
8EDE 3E 00        		LD A,0
8EE0              		IF ((118)>>1) & 1
8EE0 ED 51        		OUT (C),D
8EE2              		ELSE
8EE2              		DB 0xED,0x71
8EE2              		ENDIF
8EE2              		PULSE ((118)>>1) & 1
8EE2 3E 00        		LD A,0
8EE4 3E 00        		LD A,0
8EE6              		IF (118) & 1
8EE6              		OUT (C),D
8EE6              		ELSE
8EE6 71           		DB 0xED,0x71
8EE8              		ENDIF
8EE8              		PULSE (118) & 1
8EE8 01 FE 00     		LD BC,0x00FE
8EEB FD E9        		JP (IY)
8EED              		ASSERT $ <= first_address_118+64
8EED              		DS first_address_118+64-$
8F00              	        FIRST 118
8F00              		ASSERT $ == first_address_119
8F00              		IF ((119)>>7) & 1
8F00              		OUT (C),D
8F00              		ELSE
8F00 71           		DB 0xED,0x71
8F02              		ENDIF
8F02              		PULSE ((119)>>7) & 1
8F02 D9           		EXX
8F03 1A           		LD A,(DE)
8F04 1C           		INC E
8F05 CA DD 80     		JP Z,advance_page
8F08 D9           		EXX
8F09              		ASSERT $ == first_address_119+first_resume_offset
8F09              		IF ((119)>>6) & 1
8F09 ED 51        		OUT (C),D
8F0B              		ELSE
8F0B              		DB 0xED,0x71
8F0B              		ENDIF
8F0B              		PULSE ((119)>>6) & 1
8F0B 6F           		LD L,A
8F0C 26 AF        		LD H,packet_map >> 8
8F0E              		IF ((119)>>5) & 1
8F0E ED 51        		OUT (C),D
8F10              		ELSE
8F10              		DB 0xED,0x71
8F10              		ENDIF
8F10              		PULSE ((119)>>5) & 1
8F10 7E           		LD A,(HL)
8F11 24           		INC H
8F12              		IF ((119)>>4) & 1
8F12 ED 51        		OUT (C),D
8F14              		ELSE
8F14              		DB 0xED,0x71
8F14              		ENDIF
8F14              		PULSE ((119)>>4) & 1
8F14 66           		LD H,(HL)
8F15 B3           		OR E
8F16              		IF ((119)>>3) & 1
8F16              		OUT (C),D
8F16              		ELSE
8F16 71           		DB 0xED,0x71
8F18              		ENDIF
8F18              		PULSE ((119)>>3) & 1
8F18 6F           		LD L,A
8F19 F9           		LD SP,HL
8F1A              		IF ((119)>>2) & 1
8F1A ED 51        		OUT (C),D
8F1C              		ELSE
8F1C              		DB 0xED,0x71
8F1C              		ENDIF
8F1C              		PULSE ((119)>>2) & 1
8F1C 3E 00        		LD A,0
8F1E 3E 00        		LD A,0
8F20              		IF ((119)>>1) & 1
8F20 ED 51        		OUT (C),D
8F22              		ELSE
8F22              		DB 0xED,0x71
8F22              		ENDIF
8F22              		PULSE ((119)>>1) & 1
8F22 3E 00        		LD A,0
8F24 3E 00        		LD A,0
8F26              		IF (119) & 1
8F26 ED 51        		OUT (C),D
8F28              		ELSE
8F28              		DB 0xED,0x71
8F28              		ENDIF
8F28              		PULSE (119) & 1
8F28 01 FE 00     		LD BC,0x00FE
8F2B FD E9        		JP (IY)
8F2D              		ASSERT $ <= first_address_119+64
8F2D              		DS first_address_119+64-$
8F40              	        FIRST 119
8F40              		ASSERT $ == first_address_122
8F40              		IF ((122)>>7) & 1
8F40              		OUT (C),D
8F40              		ELSE
8F40 71           		DB 0xED,0x71
8F42              		ENDIF
8F42              		PULSE ((122)>>7) & 1
8F42 D9           		EXX
8F43 1A           		LD A,(DE)
8F44 1C           		INC E
8F45 CA DD 80     		JP Z,advance_page
8F48 D9           		EXX
8F49              		ASSERT $ == first_address_122+first_resume_offset
8F49              		IF ((122)>>6) & 1
8F49 ED 51        		OUT (C),D
8F4B              		ELSE
8F4B              		DB 0xED,0x71
8F4B              		ENDIF
8F4B              		PULSE ((122)>>6) & 1
8F4B 6F           		LD L,A
8F4C 26 AF        		LD H,packet_map >> 8
8F4E              		IF ((122)>>5) & 1
8F4E ED 51        		OUT (C),D
8F50              		ELSE
8F50              		DB 0xED,0x71
8F50              		ENDIF
8F50              		PULSE ((122)>>5) & 1
8F50 7E           		LD A,(HL)
8F51 24           		INC H
8F52              		IF ((122)>>4) & 1
8F52 ED 51        		OUT (C),D
8F54              		ELSE
8F54              		DB 0xED,0x71
8F54              		ENDIF
8F54              		PULSE ((122)>>4) & 1
8F54 66           		LD H,(HL)
8F55 B3           		OR E
8F56              		IF ((122)>>3) & 1
8F56 ED 51        		OUT (C),D
8F58              		ELSE
8F58              		DB 0xED,0x71
8F58              		ENDIF
8F58              		PULSE ((122)>>3) & 1
8F58 6F           		LD L,A
8F59 F9           		LD SP,HL
8F5A              		IF ((122)>>2) & 1
8F5A              		OUT (C),D
8F5A              		ELSE
8F5A 71           		DB 0xED,0x71
8F5C              		ENDIF
8F5C              		PULSE ((122)>>2) & 1
8F5C 3E 00        		LD A,0
8F5E 3E 00        		LD A,0
8F60              		IF ((122)>>1) & 1
8F60 ED 51        		OUT (C),D
8F62              		ELSE
8F62              		DB 0xED,0x71
8F62              		ENDIF
8F62              		PULSE ((122)>>1) & 1
8F62 3E 00        		LD A,0
8F64 3E 00        		LD A,0
8F66              		IF (122) & 1
8F66              		OUT (C),D
8F66              		ELSE
8F66 71           		DB 0xED,0x71
8F68              		ENDIF
8F68              		PULSE (122) & 1
8F68 01 FE 00     		LD BC,0x00FE
8F6B FD E9        		JP (IY)
8F6D              		ASSERT $ <= first_address_122+64
8F6D              		DS first_address_122+64-$
8F80              	        FIRST 122
8F80              		ASSERT $ == first_address_123
8F80              		IF ((123)>>7) & 1
8F80              		OUT (C),D
8F80              		ELSE
8F80 71           		DB 0xED,0x71
8F82              		ENDIF
8F82              		PULSE ((123)>>7) & 1
8F82 D9           		EXX
8F83 1A           		LD A,(DE)
8F84 1C           		INC E
8F85 CA DD 80     		JP Z,advance_page
8F88 D9           		EXX
8F89              		ASSERT $ == first_address_123+first_resume_offset
8F89              		IF ((123)>>6) & 1
8F89 ED 51        		OUT (C),D
8F8B              		ELSE
8F8B              		DB 0xED,0x71
8F8B              		ENDIF
8F8B              		PULSE ((123)>>6) & 1
8F8B 6F           		LD L,A
8F8C 26 AF        		LD H,packet_map >> 8
8F8E              		IF ((123)>>5) & 1
8F8E ED 51        		OUT (C),D
8F90              		ELSE
8F90              		DB 0xED,0x71
8F90              		ENDIF
8F90              		PULSE ((123)>>5) & 1
8F90 7E           		LD A,(HL)
8F91 24           		INC H
8F92              		IF ((123)>>4) & 1
8F92 ED 51        		OUT (C),D
8F94              		ELSE
8F94              		DB 0xED,0x71
8F94              		ENDIF
8F94              		PULSE ((123)>>4) & 1
8F94 66           		LD H,(HL)
8F95 B3           		OR E
8F96              		IF ((123)>>3) & 1
8F96 ED 51        		OUT (C),D
8F98              		ELSE
8F98              		DB 0xED,0x71
8F98              		ENDIF
8F98              		PULSE ((123)>>3) & 1
8F98 6F           		LD L,A
8F99 F9           		LD SP,HL
8F9A              		IF ((123)>>2) & 1
8F9A              		OUT (C),D
8F9A              		ELSE
8F9A 71           		DB 0xED,0x71
8F9C              		ENDIF
8F9C              		PULSE ((123)>>2) & 1
8F9C 3E 00        		LD A,0
8F9E 3E 00        		LD A,0
8FA0              		IF ((123)>>1) & 1
8FA0 ED 51        		OUT (C),D
8FA2              		ELSE
8FA2              		DB 0xED,0x71
8FA2              		ENDIF
8FA2              		PULSE ((123)>>1) & 1
8FA2 3E 00        		LD A,0
8FA4 3E 00        		LD A,0
8FA6              		IF (123) & 1
8FA6 ED 51        		OUT (C),D
8FA8              		ELSE
8FA8              		DB 0xED,0x71
8FA8              		ENDIF
8FA8              		PULSE (123) & 1
8FA8 01 FE 00     		LD BC,0x00FE
8FAB FD E9        		JP (IY)
8FAD              		ASSERT $ <= first_address_123+64
8FAD              		DS first_address_123+64-$
8FC0              	        FIRST 123
8FC0              		ASSERT $ == first_address_125
8FC0              		IF ((125)>>7) & 1
8FC0              		OUT (C),D
8FC0              		ELSE
8FC0 71           		DB 0xED,0x71
8FC2              		ENDIF
8FC2              		PULSE ((125)>>7) & 1
8FC2 D9           		EXX
8FC3 1A           		LD A,(DE)
8FC4 1C           		INC E
8FC5 CA DD 80     		JP Z,advance_page
8FC8 D9           		EXX
8FC9              		ASSERT $ == first_address_125+first_resume_offset
8FC9              		IF ((125)>>6) & 1
8FC9 ED 51        		OUT (C),D
8FCB              		ELSE
8FCB              		DB 0xED,0x71
8FCB              		ENDIF
8FCB              		PULSE ((125)>>6) & 1
8FCB 6F           		LD L,A
8FCC 26 AF        		LD H,packet_map >> 8
8FCE              		IF ((125)>>5) & 1
8FCE ED 51        		OUT (C),D
8FD0              		ELSE
8FD0              		DB 0xED,0x71
8FD0              		ENDIF
8FD0              		PULSE ((125)>>5) & 1
8FD0 7E           		LD A,(HL)
8FD1 24           		INC H
8FD2              		IF ((125)>>4) & 1
8FD2 ED 51        		OUT (C),D
8FD4              		ELSE
8FD4              		DB 0xED,0x71
8FD4              		ENDIF
8FD4              		PULSE ((125)>>4) & 1
8FD4 66           		LD H,(HL)
8FD5 B3           		OR E
8FD6              		IF ((125)>>3) & 1
8FD6 ED 51        		OUT (C),D
8FD8              		ELSE
8FD8              		DB 0xED,0x71
8FD8              		ENDIF
8FD8              		PULSE ((125)>>3) & 1
8FD8 6F           		LD L,A
8FD9 F9           		LD SP,HL
8FDA              		IF ((125)>>2) & 1
8FDA ED 51        		OUT (C),D
8FDC              		ELSE
8FDC              		DB 0xED,0x71
8FDC              		ENDIF
8FDC              		PULSE ((125)>>2) & 1
8FDC 3E 00        		LD A,0
8FDE 3E 00        		LD A,0
8FE0              		IF ((125)>>1) & 1
8FE0              		OUT (C),D
8FE0              		ELSE
8FE0 71           		DB 0xED,0x71
8FE2              		ENDIF
8FE2              		PULSE ((125)>>1) & 1
8FE2 3E 00        		LD A,0
8FE4 3E 00        		LD A,0
8FE6              		IF (125) & 1
8FE6 ED 51        		OUT (C),D
8FE8              		ELSE
8FE8              		DB 0xED,0x71
8FE8              		ENDIF
8FE8              		PULSE (125) & 1
8FE8 01 FE 00     		LD BC,0x00FE
8FEB FD E9        		JP (IY)
8FED              		ASSERT $ <= first_address_125+64
8FED              		DS first_address_125+64-$
9000              	        FIRST 125
9000              		ASSERT $ == first_address_126
9000              		IF ((126)>>7) & 1
9000              		OUT (C),D
9000              		ELSE
9000 71           		DB 0xED,0x71
9002              		ENDIF
9002              		PULSE ((126)>>7) & 1
9002 D9           		EXX
9003 1A           		LD A,(DE)
9004 1C           		INC E
9005 CA DD 80     		JP Z,advance_page
9008 D9           		EXX
9009              		ASSERT $ == first_address_126+first_resume_offset
9009              		IF ((126)>>6) & 1
9009 ED 51        		OUT (C),D
900B              		ELSE
900B              		DB 0xED,0x71
900B              		ENDIF
900B              		PULSE ((126)>>6) & 1
900B 6F           		LD L,A
900C 26 AF        		LD H,packet_map >> 8
900E              		IF ((126)>>5) & 1
900E ED 51        		OUT (C),D
9010              		ELSE
9010              		DB 0xED,0x71
9010              		ENDIF
9010              		PULSE ((126)>>5) & 1
9010 7E           		LD A,(HL)
9011 24           		INC H
9012              		IF ((126)>>4) & 1
9012 ED 51        		OUT (C),D
9014              		ELSE
9014              		DB 0xED,0x71
9014              		ENDIF
9014              		PULSE ((126)>>4) & 1
9014 66           		LD H,(HL)
9015 B3           		OR E
9016              		IF ((126)>>3) & 1
9016 ED 51        		OUT (C),D
9018              		ELSE
9018              		DB 0xED,0x71
9018              		ENDIF
9018              		PULSE ((126)>>3) & 1
9018 6F           		LD L,A
9019 F9           		LD SP,HL
901A              		IF ((126)>>2) & 1
901A ED 51        		OUT (C),D
901C              		ELSE
901C              		DB 0xED,0x71
901C              		ENDIF
901C              		PULSE ((126)>>2) & 1
901C 3E 00        		LD A,0
901E 3E 00        		LD A,0
9020              		IF ((126)>>1) & 1
9020 ED 51        		OUT (C),D
9022              		ELSE
9022              		DB 0xED,0x71
9022              		ENDIF
9022              		PULSE ((126)>>1) & 1
9022 3E 00        		LD A,0
9024 3E 00        		LD A,0
9026              		IF (126) & 1
9026              		OUT (C),D
9026              		ELSE
9026 71           		DB 0xED,0x71
9028              		ENDIF
9028              		PULSE (126) & 1
9028 01 FE 00     		LD BC,0x00FE
902B FD E9        		JP (IY)
902D              		ASSERT $ <= first_address_126+64
902D              		DS first_address_126+64-$
9040              	        FIRST 126
9040              		ASSERT $ == first_address_127
9040              		IF ((127)>>7) & 1
9040              		OUT (C),D
9040              		ELSE
9040 71           		DB 0xED,0x71
9042              		ENDIF
9042              		PULSE ((127)>>7) & 1
9042 D9           		EXX
9043 1A           		LD A,(DE)
9044 1C           		INC E
9045 CA DD 80     		JP Z,advance_page
9048 D9           		EXX
9049              		ASSERT $ == first_address_127+first_resume_offset
9049              		IF ((127)>>6) & 1
9049 ED 51        		OUT (C),D
904B              		ELSE
904B              		DB 0xED,0x71
904B              		ENDIF
904B              		PULSE ((127)>>6) & 1
904B 6F           		LD L,A
904C 26 AF        		LD H,packet_map >> 8
904E              		IF ((127)>>5) & 1
904E ED 51        		OUT (C),D
9050              		ELSE
9050              		DB 0xED,0x71
9050              		ENDIF
9050              		PULSE ((127)>>5) & 1
9050 7E           		LD A,(HL)
9051 24           		INC H
9052              		IF ((127)>>4) & 1
9052 ED 51        		OUT (C),D
9054              		ELSE
9054              		DB 0xED,0x71
9054              		ENDIF
9054              		PULSE ((127)>>4) & 1
9054 66           		LD H,(HL)
9055 B3           		OR E
9056              		IF ((127)>>3) & 1
9056 ED 51        		OUT (C),D
9058              		ELSE
9058              		DB 0xED,0x71
9058              		ENDIF
9058              		PULSE ((127)>>3) & 1
9058 6F           		LD L,A
9059 F9           		LD SP,HL
905A              		IF ((127)>>2) & 1
905A ED 51        		OUT (C),D
905C              		ELSE
905C              		DB 0xED,0x71
905C              		ENDIF
905C              		PULSE ((127)>>2) & 1
905C 3E 00        		LD A,0
905E 3E 00        		LD A,0
9060              		IF ((127)>>1) & 1
9060 ED 51        		OUT (C),D
9062              		ELSE
9062              		DB 0xED,0x71
9062              		ENDIF
9062              		PULSE ((127)>>1) & 1
9062 3E 00        		LD A,0
9064 3E 00        		LD A,0
9066              		IF (127) & 1
9066 ED 51        		OUT (C),D
9068              		ELSE
9068              		DB 0xED,0x71
9068              		ENDIF
9068              		PULSE (127) & 1
9068 01 FE 00     		LD BC,0x00FE
906B FD E9        		JP (IY)
906D              		ASSERT $ <= first_address_127+64
906D              		DS first_address_127+64-$
9080              	        FIRST 127
9080              		ASSERT $ == first_address_128
9080              		IF ((128)>>7) & 1
9080 ED 51        		OUT (C),D
9082              		ELSE
9082              		DB 0xED,0x71
9082              		ENDIF
9082              		PULSE ((128)>>7) & 1
9082 D9           		EXX
9083 1A           		LD A,(DE)
9084 1C           		INC E
9085 CA DD 80     		JP Z,advance_page
9088 D9           		EXX
9089              		ASSERT $ == first_address_128+first_resume_offset
9089              		IF ((128)>>6) & 1
9089              		OUT (C),D
9089              		ELSE
9089 71           		DB 0xED,0x71
908B              		ENDIF
908B              		PULSE ((128)>>6) & 1
908B 6F           		LD L,A
908C 26 AF        		LD H,packet_map >> 8
908E              		IF ((128)>>5) & 1
908E              		OUT (C),D
908E              		ELSE
908E 71           		DB 0xED,0x71
9090              		ENDIF
9090              		PULSE ((128)>>5) & 1
9090 7E           		LD A,(HL)
9091 24           		INC H
9092              		IF ((128)>>4) & 1
9092              		OUT (C),D
9092              		ELSE
9092 71           		DB 0xED,0x71
9094              		ENDIF
9094              		PULSE ((128)>>4) & 1
9094 66           		LD H,(HL)
9095 B3           		OR E
9096              		IF ((128)>>3) & 1
9096              		OUT (C),D
9096              		ELSE
9096 71           		DB 0xED,0x71
9098              		ENDIF
9098              		PULSE ((128)>>3) & 1
9098 6F           		LD L,A
9099 F9           		LD SP,HL
909A              		IF ((128)>>2) & 1
909A              		OUT (C),D
909A              		ELSE
909A 71           		DB 0xED,0x71
909C              		ENDIF
909C              		PULSE ((128)>>2) & 1
909C 3E 00        		LD A,0
909E 3E 00        		LD A,0
90A0              		IF ((128)>>1) & 1
90A0              		OUT (C),D
90A0              		ELSE
90A0 71           		DB 0xED,0x71
90A2              		ENDIF
90A2              		PULSE ((128)>>1) & 1
90A2 3E 00        		LD A,0
90A4 3E 00        		LD A,0
90A6              		IF (128) & 1
90A6              		OUT (C),D
90A6              		ELSE
90A6 71           		DB 0xED,0x71
90A8              		ENDIF
90A8              		PULSE (128) & 1
90A8 01 FE 00     		LD BC,0x00FE
90AB FD E9        		JP (IY)
90AD              		ASSERT $ <= first_address_128+64
90AD              		DS first_address_128+64-$
90C0              	        FIRST 128
90C0              		ASSERT $ == first_address_129
90C0              		IF ((129)>>7) & 1
90C0 ED 51        		OUT (C),D
90C2              		ELSE
90C2              		DB 0xED,0x71
90C2              		ENDIF
90C2              		PULSE ((129)>>7) & 1
90C2 D9           		EXX
90C3 1A           		LD A,(DE)
90C4 1C           		INC E
90C5 CA DD 80     		JP Z,advance_page
90C8 D9           		EXX
90C9              		ASSERT $ == first_address_129+first_resume_offset
90C9              		IF ((129)>>6) & 1
90C9              		OUT (C),D
90C9              		ELSE
90C9 71           		DB 0xED,0x71
90CB              		ENDIF
90CB              		PULSE ((129)>>6) & 1
90CB 6F           		LD L,A
90CC 26 AF        		LD H,packet_map >> 8
90CE              		IF ((129)>>5) & 1
90CE              		OUT (C),D
90CE              		ELSE
90CE 71           		DB 0xED,0x71
90D0              		ENDIF
90D0              		PULSE ((129)>>5) & 1
90D0 7E           		LD A,(HL)
90D1 24           		INC H
90D2              		IF ((129)>>4) & 1
90D2              		OUT (C),D
90D2              		ELSE
90D2 71           		DB 0xED,0x71
90D4              		ENDIF
90D4              		PULSE ((129)>>4) & 1
90D4 66           		LD H,(HL)
90D5 B3           		OR E
90D6              		IF ((129)>>3) & 1
90D6              		OUT (C),D
90D6              		ELSE
90D6 71           		DB 0xED,0x71
90D8              		ENDIF
90D8              		PULSE ((129)>>3) & 1
90D8 6F           		LD L,A
90D9 F9           		LD SP,HL
90DA              		IF ((129)>>2) & 1
90DA              		OUT (C),D
90DA              		ELSE
90DA 71           		DB 0xED,0x71
90DC              		ENDIF
90DC              		PULSE ((129)>>2) & 1
90DC 3E 00        		LD A,0
90DE 3E 00        		LD A,0
90E0              		IF ((129)>>1) & 1
90E0              		OUT (C),D
90E0              		ELSE
90E0 71           		DB 0xED,0x71
90E2              		ENDIF
90E2              		PULSE ((129)>>1) & 1
90E2 3E 00        		LD A,0
90E4 3E 00        		LD A,0
90E6              		IF (129) & 1
90E6 ED 51        		OUT (C),D
90E8              		ELSE
90E8              		DB 0xED,0x71
90E8              		ENDIF
90E8              		PULSE (129) & 1
90E8 01 FE 00     		LD BC,0x00FE
90EB FD E9        		JP (IY)
90ED              		ASSERT $ <= first_address_129+64
90ED              		DS first_address_129+64-$
9100              	        FIRST 129
9100              		ASSERT $ == first_address_130
9100              		IF ((130)>>7) & 1
9100 ED 51        		OUT (C),D
9102              		ELSE
9102              		DB 0xED,0x71
9102              		ENDIF
9102              		PULSE ((130)>>7) & 1
9102 D9           		EXX
9103 1A           		LD A,(DE)
9104 1C           		INC E
9105 CA DD 80     		JP Z,advance_page
9108 D9           		EXX
9109              		ASSERT $ == first_address_130+first_resume_offset
9109              		IF ((130)>>6) & 1
9109              		OUT (C),D
9109              		ELSE
9109 71           		DB 0xED,0x71
910B              		ENDIF
910B              		PULSE ((130)>>6) & 1
910B 6F           		LD L,A
910C 26 AF        		LD H,packet_map >> 8
910E              		IF ((130)>>5) & 1
910E              		OUT (C),D
910E              		ELSE
910E 71           		DB 0xED,0x71
9110              		ENDIF
9110              		PULSE ((130)>>5) & 1
9110 7E           		LD A,(HL)
9111 24           		INC H
9112              		IF ((130)>>4) & 1
9112              		OUT (C),D
9112              		ELSE
9112 71           		DB 0xED,0x71
9114              		ENDIF
9114              		PULSE ((130)>>4) & 1
9114 66           		LD H,(HL)
9115 B3           		OR E
9116              		IF ((130)>>3) & 1
9116              		OUT (C),D
9116              		ELSE
9116 71           		DB 0xED,0x71
9118              		ENDIF
9118              		PULSE ((130)>>3) & 1
9118 6F           		LD L,A
9119 F9           		LD SP,HL
911A              		IF ((130)>>2) & 1
911A              		OUT (C),D
911A              		ELSE
911A 71           		DB 0xED,0x71
911C              		ENDIF
911C              		PULSE ((130)>>2) & 1
911C 3E 00        		LD A,0
911E 3E 00        		LD A,0
9120              		IF ((130)>>1) & 1
9120 ED 51        		OUT (C),D
9122              		ELSE
9122              		DB 0xED,0x71
9122              		ENDIF
9122              		PULSE ((130)>>1) & 1
9122 3E 00        		LD A,0
9124 3E 00        		LD A,0
9126              		IF (130) & 1
9126              		OUT (C),D
9126              		ELSE
9126 71           		DB 0xED,0x71
9128              		ENDIF
9128              		PULSE (130) & 1
9128 01 FE 00     		LD BC,0x00FE
912B FD E9        		JP (IY)
912D              		ASSERT $ <= first_address_130+64
912D              		DS first_address_130+64-$
9140              	        FIRST 130
9140              		ASSERT $ == first_address_132
9140              		IF ((132)>>7) & 1
9140 ED 51        		OUT (C),D
9142              		ELSE
9142              		DB 0xED,0x71
9142              		ENDIF
9142              		PULSE ((132)>>7) & 1
9142 D9           		EXX
9143 1A           		LD A,(DE)
9144 1C           		INC E
9145 CA DD 80     		JP Z,advance_page
9148 D9           		EXX
9149              		ASSERT $ == first_address_132+first_resume_offset
9149              		IF ((132)>>6) & 1
9149              		OUT (C),D
9149              		ELSE
9149 71           		DB 0xED,0x71
914B              		ENDIF
914B              		PULSE ((132)>>6) & 1
914B 6F           		LD L,A
914C 26 AF        		LD H,packet_map >> 8
914E              		IF ((132)>>5) & 1
914E              		OUT (C),D
914E              		ELSE
914E 71           		DB 0xED,0x71
9150              		ENDIF
9150              		PULSE ((132)>>5) & 1
9150 7E           		LD A,(HL)
9151 24           		INC H
9152              		IF ((132)>>4) & 1
9152              		OUT (C),D
9152              		ELSE
9152 71           		DB 0xED,0x71
9154              		ENDIF
9154              		PULSE ((132)>>4) & 1
9154 66           		LD H,(HL)
9155 B3           		OR E
9156              		IF ((132)>>3) & 1
9156              		OUT (C),D
9156              		ELSE
9156 71           		DB 0xED,0x71
9158              		ENDIF
9158              		PULSE ((132)>>3) & 1
9158 6F           		LD L,A
9159 F9           		LD SP,HL
915A              		IF ((132)>>2) & 1
915A ED 51        		OUT (C),D
915C              		ELSE
915C              		DB 0xED,0x71
915C              		ENDIF
915C              		PULSE ((132)>>2) & 1
915C 3E 00        		LD A,0
915E 3E 00        		LD A,0
9160              		IF ((132)>>1) & 1
9160              		OUT (C),D
9160              		ELSE
9160 71           		DB 0xED,0x71
9162              		ENDIF
9162              		PULSE ((132)>>1) & 1
9162 3E 00        		LD A,0
9164 3E 00        		LD A,0
9166              		IF (132) & 1
9166              		OUT (C),D
9166              		ELSE
9166 71           		DB 0xED,0x71
9168              		ENDIF
9168              		PULSE (132) & 1
9168 01 FE 00     		LD BC,0x00FE
916B FD E9        		JP (IY)
916D              		ASSERT $ <= first_address_132+64
916D              		DS first_address_132+64-$
9180              	        FIRST 132
9180              		ASSERT $ == first_address_133
9180              		IF ((133)>>7) & 1
9180 ED 51        		OUT (C),D
9182              		ELSE
9182              		DB 0xED,0x71
9182              		ENDIF
9182              		PULSE ((133)>>7) & 1
9182 D9           		EXX
9183 1A           		LD A,(DE)
9184 1C           		INC E
9185 CA DD 80     		JP Z,advance_page
9188 D9           		EXX
9189              		ASSERT $ == first_address_133+first_resume_offset
9189              		IF ((133)>>6) & 1
9189              		OUT (C),D
9189              		ELSE
9189 71           		DB 0xED,0x71
918B              		ENDIF
918B              		PULSE ((133)>>6) & 1
918B 6F           		LD L,A
918C 26 AF        		LD H,packet_map >> 8
918E              		IF ((133)>>5) & 1
918E              		OUT (C),D
918E              		ELSE
918E 71           		DB 0xED,0x71
9190              		ENDIF
9190              		PULSE ((133)>>5) & 1
9190 7E           		LD A,(HL)
9191 24           		INC H
9192              		IF ((133)>>4) & 1
9192              		OUT (C),D
9192              		ELSE
9192 71           		DB 0xED,0x71
9194              		ENDIF
9194              		PULSE ((133)>>4) & 1
9194 66           		LD H,(HL)
9195 B3           		OR E
9196              		IF ((133)>>3) & 1
9196              		OUT (C),D
9196              		ELSE
9196 71           		DB 0xED,0x71
9198              		ENDIF
9198              		PULSE ((133)>>3) & 1
9198 6F           		LD L,A
9199 F9           		LD SP,HL
919A              		IF ((133)>>2) & 1
919A ED 51        		OUT (C),D
919C              		ELSE
919C              		DB 0xED,0x71
919C              		ENDIF
919C              		PULSE ((133)>>2) & 1
919C 3E 00        		LD A,0
919E 3E 00        		LD A,0
91A0              		IF ((133)>>1) & 1
91A0              		OUT (C),D
91A0              		ELSE
91A0 71           		DB 0xED,0x71
91A2              		ENDIF
91A2              		PULSE ((133)>>1) & 1
91A2 3E 00        		LD A,0
91A4 3E 00        		LD A,0
91A6              		IF (133) & 1
91A6 ED 51        		OUT (C),D
91A8              		ELSE
91A8              		DB 0xED,0x71
91A8              		ENDIF
91A8              		PULSE (133) & 1
91A8 01 FE 00     		LD BC,0x00FE
91AB FD E9        		JP (IY)
91AD              		ASSERT $ <= first_address_133+64
91AD              		DS first_address_133+64-$
91C0              	        FIRST 133
91C0              		ASSERT $ == first_address_137
91C0              		IF ((137)>>7) & 1
91C0 ED 51        		OUT (C),D
91C2              		ELSE
91C2              		DB 0xED,0x71
91C2              		ENDIF
91C2              		PULSE ((137)>>7) & 1
91C2 D9           		EXX
91C3 1A           		LD A,(DE)
91C4 1C           		INC E
91C5 CA DD 80     		JP Z,advance_page
91C8 D9           		EXX
91C9              		ASSERT $ == first_address_137+first_resume_offset
91C9              		IF ((137)>>6) & 1
91C9              		OUT (C),D
91C9              		ELSE
91C9 71           		DB 0xED,0x71
91CB              		ENDIF
91CB              		PULSE ((137)>>6) & 1
91CB 6F           		LD L,A
91CC 26 AF        		LD H,packet_map >> 8
91CE              		IF ((137)>>5) & 1
91CE              		OUT (C),D
91CE              		ELSE
91CE 71           		DB 0xED,0x71
91D0              		ENDIF
91D0              		PULSE ((137)>>5) & 1
91D0 7E           		LD A,(HL)
91D1 24           		INC H
91D2              		IF ((137)>>4) & 1
91D2              		OUT (C),D
91D2              		ELSE
91D2 71           		DB 0xED,0x71
91D4              		ENDIF
91D4              		PULSE ((137)>>4) & 1
91D4 66           		LD H,(HL)
91D5 B3           		OR E
91D6              		IF ((137)>>3) & 1
91D6 ED 51        		OUT (C),D
91D8              		ELSE
91D8              		DB 0xED,0x71
91D8              		ENDIF
91D8              		PULSE ((137)>>3) & 1
91D8 6F           		LD L,A
91D9 F9           		LD SP,HL
91DA              		IF ((137)>>2) & 1
91DA              		OUT (C),D
91DA              		ELSE
91DA 71           		DB 0xED,0x71
91DC              		ENDIF
91DC              		PULSE ((137)>>2) & 1
91DC 3E 00        		LD A,0
91DE 3E 00        		LD A,0
91E0              		IF ((137)>>1) & 1
91E0              		OUT (C),D
91E0              		ELSE
91E0 71           		DB 0xED,0x71
91E2              		ENDIF
91E2              		PULSE ((137)>>1) & 1
91E2 3E 00        		LD A,0
91E4 3E 00        		LD A,0
91E6              		IF (137) & 1
91E6 ED 51        		OUT (C),D
91E8              		ELSE
91E8              		DB 0xED,0x71
91E8              		ENDIF
91E8              		PULSE (137) & 1
91E8 01 FE 00     		LD BC,0x00FE
91EB FD E9        		JP (IY)
91ED              		ASSERT $ <= first_address_137+64
91ED              		DS first_address_137+64-$
9200              	        FIRST 137
9200              		ASSERT $ == first_address_138
9200              		IF ((138)>>7) & 1
9200 ED 51        		OUT (C),D
9202              		ELSE
9202              		DB 0xED,0x71
9202              		ENDIF
9202              		PULSE ((138)>>7) & 1
9202 D9           		EXX
9203 1A           		LD A,(DE)
9204 1C           		INC E
9205 CA DD 80     		JP Z,advance_page
9208 D9           		EXX
9209              		ASSERT $ == first_address_138+first_resume_offset
9209              		IF ((138)>>6) & 1
9209              		OUT (C),D
9209              		ELSE
9209 71           		DB 0xED,0x71
920B              		ENDIF
920B              		PULSE ((138)>>6) & 1
920B 6F           		LD L,A
920C 26 AF        		LD H,packet_map >> 8
920E              		IF ((138)>>5) & 1
920E              		OUT (C),D
920E              		ELSE
920E 71           		DB 0xED,0x71
9210              		ENDIF
9210              		PULSE ((138)>>5) & 1
9210 7E           		LD A,(HL)
9211 24           		INC H
9212              		IF ((138)>>4) & 1
9212              		OUT (C),D
9212              		ELSE
9212 71           		DB 0xED,0x71
9214              		ENDIF
9214              		PULSE ((138)>>4) & 1
9214 66           		LD H,(HL)
9215 B3           		OR E
9216              		IF ((138)>>3) & 1
9216 ED 51        		OUT (C),D
9218              		ELSE
9218              		DB 0xED,0x71
9218              		ENDIF
9218              		PULSE ((138)>>3) & 1
9218 6F           		LD L,A
9219 F9           		LD SP,HL
921A              		IF ((138)>>2) & 1
921A              		OUT (C),D
921A              		ELSE
921A 71           		DB 0xED,0x71
921C              		ENDIF
921C              		PULSE ((138)>>2) & 1
921C 3E 00        		LD A,0
921E 3E 00        		LD A,0
9220              		IF ((138)>>1) & 1
9220 ED 51        		OUT (C),D
9222              		ELSE
9222              		DB 0xED,0x71
9222              		ENDIF
9222              		PULSE ((138)>>1) & 1
9222 3E 00        		LD A,0
9224 3E 00        		LD A,0
9226              		IF (138) & 1
9226              		OUT (C),D
9226              		ELSE
9226 71           		DB 0xED,0x71
9228              		ENDIF
9228              		PULSE (138) & 1
9228 01 FE 00     		LD BC,0x00FE
922B FD E9        		JP (IY)
922D              		ASSERT $ <= first_address_138+64
922D              		DS first_address_138+64-$
9240              	        FIRST 138
9240              		ASSERT $ == first_address_139
9240              		IF ((139)>>7) & 1
9240 ED 51        		OUT (C),D
9242              		ELSE
9242              		DB 0xED,0x71
9242              		ENDIF
9242              		PULSE ((139)>>7) & 1
9242 D9           		EXX
9243 1A           		LD A,(DE)
9244 1C           		INC E
9245 CA DD 80     		JP Z,advance_page
9248 D9           		EXX
9249              		ASSERT $ == first_address_139+first_resume_offset
9249              		IF ((139)>>6) & 1
9249              		OUT (C),D
9249              		ELSE
9249 71           		DB 0xED,0x71
924B              		ENDIF
924B              		PULSE ((139)>>6) & 1
924B 6F           		LD L,A
924C 26 AF        		LD H,packet_map >> 8
924E              		IF ((139)>>5) & 1
924E              		OUT (C),D
924E              		ELSE
924E 71           		DB 0xED,0x71
9250              		ENDIF
9250              		PULSE ((139)>>5) & 1
9250 7E           		LD A,(HL)
9251 24           		INC H
9252              		IF ((139)>>4) & 1
9252              		OUT (C),D
9252              		ELSE
9252 71           		DB 0xED,0x71
9254              		ENDIF
9254              		PULSE ((139)>>4) & 1
9254 66           		LD H,(HL)
9255 B3           		OR E
9256              		IF ((139)>>3) & 1
9256 ED 51        		OUT (C),D
9258              		ELSE
9258              		DB 0xED,0x71
9258              		ENDIF
9258              		PULSE ((139)>>3) & 1
9258 6F           		LD L,A
9259 F9           		LD SP,HL
925A              		IF ((139)>>2) & 1
925A              		OUT (C),D
925A              		ELSE
925A 71           		DB 0xED,0x71
925C              		ENDIF
925C              		PULSE ((139)>>2) & 1
925C 3E 00        		LD A,0
925E 3E 00        		LD A,0
9260              		IF ((139)>>1) & 1
9260 ED 51        		OUT (C),D
9262              		ELSE
9262              		DB 0xED,0x71
9262              		ENDIF
9262              		PULSE ((139)>>1) & 1
9262 3E 00        		LD A,0
9264 3E 00        		LD A,0
9266              		IF (139) & 1
9266 ED 51        		OUT (C),D
9268              		ELSE
9268              		DB 0xED,0x71
9268              		ENDIF
9268              		PULSE (139) & 1
9268 01 FE 00     		LD BC,0x00FE
926B FD E9        		JP (IY)
926D              		ASSERT $ <= first_address_139+64
926D              		DS first_address_139+64-$
9280              	        FIRST 139
9280              		ASSERT $ == first_address_140
9280              		IF ((140)>>7) & 1
9280 ED 51        		OUT (C),D
9282              		ELSE
9282              		DB 0xED,0x71
9282              		ENDIF
9282              		PULSE ((140)>>7) & 1
9282 D9           		EXX
9283 1A           		LD A,(DE)
9284 1C           		INC E
9285 CA DD 80     		JP Z,advance_page
9288 D9           		EXX
9289              		ASSERT $ == first_address_140+first_resume_offset
9289              		IF ((140)>>6) & 1
9289              		OUT (C),D
9289              		ELSE
9289 71           		DB 0xED,0x71
928B              		ENDIF
928B              		PULSE ((140)>>6) & 1
928B 6F           		LD L,A
928C 26 AF        		LD H,packet_map >> 8
928E              		IF ((140)>>5) & 1
928E              		OUT (C),D
928E              		ELSE
928E 71           		DB 0xED,0x71
9290              		ENDIF
9290              		PULSE ((140)>>5) & 1
9290 7E           		LD A,(HL)
9291 24           		INC H
9292              		IF ((140)>>4) & 1
9292              		OUT (C),D
9292              		ELSE
9292 71           		DB 0xED,0x71
9294              		ENDIF
9294              		PULSE ((140)>>4) & 1
9294 66           		LD H,(HL)
9295 B3           		OR E
9296              		IF ((140)>>3) & 1
9296 ED 51        		OUT (C),D
9298              		ELSE
9298              		DB 0xED,0x71
9298              		ENDIF
9298              		PULSE ((140)>>3) & 1
9298 6F           		LD L,A
9299 F9           		LD SP,HL
929A              		IF ((140)>>2) & 1
929A ED 51        		OUT (C),D
929C              		ELSE
929C              		DB 0xED,0x71
929C              		ENDIF
929C              		PULSE ((140)>>2) & 1
929C 3E 00        		LD A,0
929E 3E 00        		LD A,0
92A0              		IF ((140)>>1) & 1
92A0              		OUT (C),D
92A0              		ELSE
92A0 71           		DB 0xED,0x71
92A2              		ENDIF
92A2              		PULSE ((140)>>1) & 1
92A2 3E 00        		LD A,0
92A4 3E 00        		LD A,0
92A6              		IF (140) & 1
92A6              		OUT (C),D
92A6              		ELSE
92A6 71           		DB 0xED,0x71
92A8              		ENDIF
92A8              		PULSE (140) & 1
92A8 01 FE 00     		LD BC,0x00FE
92AB FD E9        		JP (IY)
92AD              		ASSERT $ <= first_address_140+64
92AD              		DS first_address_140+64-$
92C0              	        FIRST 140
92C0              		ASSERT $ == first_address_141
92C0              		IF ((141)>>7) & 1
92C0 ED 51        		OUT (C),D
92C2              		ELSE
92C2              		DB 0xED,0x71
92C2              		ENDIF
92C2              		PULSE ((141)>>7) & 1
92C2 D9           		EXX
92C3 1A           		LD A,(DE)
92C4 1C           		INC E
92C5 CA DD 80     		JP Z,advance_page
92C8 D9           		EXX
92C9              		ASSERT $ == first_address_141+first_resume_offset
92C9              		IF ((141)>>6) & 1
92C9              		OUT (C),D
92C9              		ELSE
92C9 71           		DB 0xED,0x71
92CB              		ENDIF
92CB              		PULSE ((141)>>6) & 1
92CB 6F           		LD L,A
92CC 26 AF        		LD H,packet_map >> 8
92CE              		IF ((141)>>5) & 1
92CE              		OUT (C),D
92CE              		ELSE
92CE 71           		DB 0xED,0x71
92D0              		ENDIF
92D0              		PULSE ((141)>>5) & 1
92D0 7E           		LD A,(HL)
92D1 24           		INC H
92D2              		IF ((141)>>4) & 1
92D2              		OUT (C),D
92D2              		ELSE
92D2 71           		DB 0xED,0x71
92D4              		ENDIF
92D4              		PULSE ((141)>>4) & 1
92D4 66           		LD H,(HL)
92D5 B3           		OR E
92D6              		IF ((141)>>3) & 1
92D6 ED 51        		OUT (C),D
92D8              		ELSE
92D8              		DB 0xED,0x71
92D8              		ENDIF
92D8              		PULSE ((141)>>3) & 1
92D8 6F           		LD L,A
92D9 F9           		LD SP,HL
92DA              		IF ((141)>>2) & 1
92DA ED 51        		OUT (C),D
92DC              		ELSE
92DC              		DB 0xED,0x71
92DC              		ENDIF
92DC              		PULSE ((141)>>2) & 1
92DC 3E 00        		LD A,0
92DE 3E 00        		LD A,0
92E0              		IF ((141)>>1) & 1
92E0              		OUT (C),D
92E0              		ELSE
92E0 71           		DB 0xED,0x71
92E2              		ENDIF
92E2              		PULSE ((141)>>1) & 1
92E2 3E 00        		LD A,0
92E4 3E 00        		LD A,0
92E6              		IF (141) & 1
92E6 ED 51        		OUT (C),D
92E8              		ELSE
92E8              		DB 0xED,0x71
92E8              		ENDIF
92E8              		PULSE (141) & 1
92E8 01 FE 00     		LD BC,0x00FE
92EB FD E9        		JP (IY)
92ED              		ASSERT $ <= first_address_141+64
92ED              		DS first_address_141+64-$
9300              	        FIRST 141
9300              		ASSERT $ == first_address_146
9300              		IF ((146)>>7) & 1
9300 ED 51        		OUT (C),D
9302              		ELSE
9302              		DB 0xED,0x71
9302              		ENDIF
9302              		PULSE ((146)>>7) & 1
9302 D9           		EXX
9303 1A           		LD A,(DE)
9304 1C           		INC E
9305 CA DD 80     		JP Z,advance_page
9308 D9           		EXX
9309              		ASSERT $ == first_address_146+first_resume_offset
9309              		IF ((146)>>6) & 1
9309              		OUT (C),D
9309              		ELSE
9309 71           		DB 0xED,0x71
930B              		ENDIF
930B              		PULSE ((146)>>6) & 1
930B 6F           		LD L,A
930C 26 AF        		LD H,packet_map >> 8
930E              		IF ((146)>>5) & 1
930E              		OUT (C),D
930E              		ELSE
930E 71           		DB 0xED,0x71
9310              		ENDIF
9310              		PULSE ((146)>>5) & 1
9310 7E           		LD A,(HL)
9311 24           		INC H
9312              		IF ((146)>>4) & 1
9312 ED 51        		OUT (C),D
9314              		ELSE
9314              		DB 0xED,0x71
9314              		ENDIF
9314              		PULSE ((146)>>4) & 1
9314 66           		LD H,(HL)
9315 B3           		OR E
9316              		IF ((146)>>3) & 1
9316              		OUT (C),D
9316              		ELSE
9316 71           		DB 0xED,0x71
9318              		ENDIF
9318              		PULSE ((146)>>3) & 1
9318 6F           		LD L,A
9319 F9           		LD SP,HL
931A              		IF ((146)>>2) & 1
931A              		OUT (C),D
931A              		ELSE
931A 71           		DB 0xED,0x71
931C              		ENDIF
931C              		PULSE ((146)>>2) & 1
931C 3E 00        		LD A,0
931E 3E 00        		LD A,0
9320              		IF ((146)>>1) & 1
9320 ED 51        		OUT (C),D
9322              		ELSE
9322              		DB 0xED,0x71
9322              		ENDIF
9322              		PULSE ((146)>>1) & 1
9322 3E 00        		LD A,0
9324 3E 00        		LD A,0
9326              		IF (146) & 1
9326              		OUT (C),D
9326              		ELSE
9326 71           		DB 0xED,0x71
9328              		ENDIF
9328              		PULSE (146) & 1
9328 01 FE 00     		LD BC,0x00FE
932B FD E9        		JP (IY)
932D              		ASSERT $ <= first_address_146+64
932D              		DS first_address_146+64-$
9340              	        FIRST 146
9340              		ASSERT $ == first_address_147
9340              		IF ((147)>>7) & 1
9340 ED 51        		OUT (C),D
9342              		ELSE
9342              		DB 0xED,0x71
9342              		ENDIF
9342              		PULSE ((147)>>7) & 1
9342 D9           		EXX
9343 1A           		LD A,(DE)
9344 1C           		INC E
9345 CA DD 80     		JP Z,advance_page
9348 D9           		EXX
9349              		ASSERT $ == first_address_147+first_resume_offset
9349              		IF ((147)>>6) & 1
9349              		OUT (C),D
9349              		ELSE
9349 71           		DB 0xED,0x71
934B              		ENDIF
934B              		PULSE ((147)>>6) & 1
934B 6F           		LD L,A
934C 26 AF        		LD H,packet_map >> 8
934E              		IF ((147)>>5) & 1
934E              		OUT (C),D
934E              		ELSE
934E 71           		DB 0xED,0x71
9350              		ENDIF
9350              		PULSE ((147)>>5) & 1
9350 7E           		LD A,(HL)
9351 24           		INC H
9352              		IF ((147)>>4) & 1
9352 ED 51        		OUT (C),D
9354              		ELSE
9354              		DB 0xED,0x71
9354              		ENDIF
9354              		PULSE ((147)>>4) & 1
9354 66           		LD H,(HL)
9355 B3           		OR E
9356              		IF ((147)>>3) & 1
9356              		OUT (C),D
9356              		ELSE
9356 71           		DB 0xED,0x71
9358              		ENDIF
9358              		PULSE ((147)>>3) & 1
9358 6F           		LD L,A
9359 F9           		LD SP,HL
935A              		IF ((147)>>2) & 1
935A              		OUT (C),D
935A              		ELSE
935A 71           		DB 0xED,0x71
935C              		ENDIF
935C              		PULSE ((147)>>2) & 1
935C 3E 00        		LD A,0
935E 3E 00        		LD A,0
9360              		IF ((147)>>1) & 1
9360 ED 51        		OUT (C),D
9362              		ELSE
9362              		DB 0xED,0x71
9362              		ENDIF
9362              		PULSE ((147)>>1) & 1
9362 3E 00        		LD A,0
9364 3E 00        		LD A,0
9366              		IF (147) & 1
9366 ED 51        		OUT (C),D
9368              		ELSE
9368              		DB 0xED,0x71
9368              		ENDIF
9368              		PULSE (147) & 1
9368 01 FE 00     		LD BC,0x00FE
936B FD E9        		JP (IY)
936D              		ASSERT $ <= first_address_147+64
936D              		DS first_address_147+64-$
9380              	        FIRST 147
9380              		ASSERT $ == first_address_148
9380              		IF ((148)>>7) & 1
9380 ED 51        		OUT (C),D
9382              		ELSE
9382              		DB 0xED,0x71
9382              		ENDIF
9382              		PULSE ((148)>>7) & 1
9382 D9           		EXX
9383 1A           		LD A,(DE)
9384 1C           		INC E
9385 CA DD 80     		JP Z,advance_page
9388 D9           		EXX
9389              		ASSERT $ == first_address_148+first_resume_offset
9389              		IF ((148)>>6) & 1
9389              		OUT (C),D
9389              		ELSE
9389 71           		DB 0xED,0x71
938B              		ENDIF
938B              		PULSE ((148)>>6) & 1
938B 6F           		LD L,A
938C 26 AF        		LD H,packet_map >> 8
938E              		IF ((148)>>5) & 1
938E              		OUT (C),D
938E              		ELSE
938E 71           		DB 0xED,0x71
9390              		ENDIF
9390              		PULSE ((148)>>5) & 1
9390 7E           		LD A,(HL)
9391 24           		INC H
9392              		IF ((148)>>4) & 1
9392 ED 51        		OUT (C),D
9394              		ELSE
9394              		DB 0xED,0x71
9394              		ENDIF
9394              		PULSE ((148)>>4) & 1
9394 66           		LD H,(HL)
9395 B3           		OR E
9396              		IF ((148)>>3) & 1
9396              		OUT (C),D
9396              		ELSE
9396 71           		DB 0xED,0x71
9398              		ENDIF
9398              		PULSE ((148)>>3) & 1
9398 6F           		LD L,A
9399 F9           		LD SP,HL
939A              		IF ((148)>>2) & 1
939A ED 51        		OUT (C),D
939C              		ELSE
939C              		DB 0xED,0x71
939C              		ENDIF
939C              		PULSE ((148)>>2) & 1
939C 3E 00        		LD A,0
939E 3E 00        		LD A,0
93A0              		IF ((148)>>1) & 1
93A0              		OUT (C),D
93A0              		ELSE
93A0 71           		DB 0xED,0x71
93A2              		ENDIF
93A2              		PULSE ((148)>>1) & 1
93A2 3E 00        		LD A,0
93A4 3E 00        		LD A,0
93A6              		IF (148) & 1
93A6              		OUT (C),D
93A6              		ELSE
93A6 71           		DB 0xED,0x71
93A8              		ENDIF
93A8              		PULSE (148) & 1
93A8 01 FE 00     		LD BC,0x00FE
93AB FD E9        		JP (IY)
93AD              		ASSERT $ <= first_address_148+64
93AD              		DS first_address_148+64-$
93C0              	        FIRST 148
93C0              		ASSERT $ == first_address_149
93C0              		IF ((149)>>7) & 1
93C0 ED 51        		OUT (C),D
93C2              		ELSE
93C2              		DB 0xED,0x71
93C2              		ENDIF
93C2              		PULSE ((149)>>7) & 1
93C2 D9           		EXX
93C3 1A           		LD A,(DE)
93C4 1C           		INC E
93C5 CA DD 80     		JP Z,advance_page
93C8 D9           		EXX
93C9              		ASSERT $ == first_address_149+first_resume_offset
93C9              		IF ((149)>>6) & 1
93C9              		OUT (C),D
93C9              		ELSE
93C9 71           		DB 0xED,0x71
93CB              		ENDIF
93CB              		PULSE ((149)>>6) & 1
93CB 6F           		LD L,A
93CC 26 AF        		LD H,packet_map >> 8
93CE              		IF ((149)>>5) & 1
93CE              		OUT (C),D
93CE              		ELSE
93CE 71           		DB 0xED,0x71
93D0              		ENDIF
93D0              		PULSE ((149)>>5) & 1
93D0 7E           		LD A,(HL)
93D1 24           		INC H
93D2              		IF ((149)>>4) & 1
93D2 ED 51        		OUT (C),D
93D4              		ELSE
93D4              		DB 0xED,0x71
93D4              		ENDIF
93D4              		PULSE ((149)>>4) & 1
93D4 66           		LD H,(HL)
93D5 B3           		OR E
93D6              		IF ((149)>>3) & 1
93D6              		OUT (C),D
93D6              		ELSE
93D6 71           		DB 0xED,0x71
93D8              		ENDIF
93D8              		PULSE ((149)>>3) & 1
93D8 6F           		LD L,A
93D9 F9           		LD SP,HL
93DA              		IF ((149)>>2) & 1
93DA ED 51        		OUT (C),D
93DC              		ELSE
93DC              		DB 0xED,0x71
93DC              		ENDIF
93DC              		PULSE ((149)>>2) & 1
93DC 3E 00        		LD A,0
93DE 3E 00        		LD A,0
93E0              		IF ((149)>>1) & 1
93E0              		OUT (C),D
93E0              		ELSE
93E0 71           		DB 0xED,0x71
93E2              		ENDIF
93E2              		PULSE ((149)>>1) & 1
93E2 3E 00        		LD A,0
93E4 3E 00        		LD A,0
93E6              		IF (149) & 1
93E6 ED 51        		OUT (C),D
93E8              		ELSE
93E8              		DB 0xED,0x71
93E8              		ENDIF
93E8              		PULSE (149) & 1
93E8 01 FE 00     		LD BC,0x00FE
93EB FD E9        		JP (IY)
93ED              		ASSERT $ <= first_address_149+64
93ED              		DS first_address_149+64-$
9400              	        FIRST 149
9400              		ASSERT $ == first_address_150
9400              		IF ((150)>>7) & 1
9400 ED 51        		OUT (C),D
9402              		ELSE
9402              		DB 0xED,0x71
9402              		ENDIF
9402              		PULSE ((150)>>7) & 1
9402 D9           		EXX
9403 1A           		LD A,(DE)
9404 1C           		INC E
9405 CA DD 80     		JP Z,advance_page
9408 D9           		EXX
9409              		ASSERT $ == first_address_150+first_resume_offset
9409              		IF ((150)>>6) & 1
9409              		OUT (C),D
9409              		ELSE
9409 71           		DB 0xED,0x71
940B              		ENDIF
940B              		PULSE ((150)>>6) & 1
940B 6F           		LD L,A
940C 26 AF        		LD H,packet_map >> 8
940E              		IF ((150)>>5) & 1
940E              		OUT (C),D
940E              		ELSE
940E 71           		DB 0xED,0x71
9410              		ENDIF
9410              		PULSE ((150)>>5) & 1
9410 7E           		LD A,(HL)
9411 24           		INC H
9412              		IF ((150)>>4) & 1
9412 ED 51        		OUT (C),D
9414              		ELSE
9414              		DB 0xED,0x71
9414              		ENDIF
9414              		PULSE ((150)>>4) & 1
9414 66           		LD H,(HL)
9415 B3           		OR E
9416              		IF ((150)>>3) & 1
9416              		OUT (C),D
9416              		ELSE
9416 71           		DB 0xED,0x71
9418              		ENDIF
9418              		PULSE ((150)>>3) & 1
9418 6F           		LD L,A
9419 F9           		LD SP,HL
941A              		IF ((150)>>2) & 1
941A ED 51        		OUT (C),D
941C              		ELSE
941C              		DB 0xED,0x71
941C              		ENDIF
941C              		PULSE ((150)>>2) & 1
941C 3E 00        		LD A,0
941E 3E 00        		LD A,0
9420              		IF ((150)>>1) & 1
9420 ED 51        		OUT (C),D
9422              		ELSE
9422              		DB 0xED,0x71
9422              		ENDIF
9422              		PULSE ((150)>>1) & 1
9422 3E 00        		LD A,0
9424 3E 00        		LD A,0
9426              		IF (150) & 1
9426              		OUT (C),D
9426              		ELSE
9426 71           		DB 0xED,0x71
9428              		ENDIF
9428              		PULSE (150) & 1
9428 01 FE 00     		LD BC,0x00FE
942B FD E9        		JP (IY)
942D              		ASSERT $ <= first_address_150+64
942D              		DS first_address_150+64-$
9440              	        FIRST 150
9440              		ASSERT $ == first_address_153
9440              		IF ((153)>>7) & 1
9440 ED 51        		OUT (C),D
9442              		ELSE
9442              		DB 0xED,0x71
9442              		ENDIF
9442              		PULSE ((153)>>7) & 1
9442 D9           		EXX
9443 1A           		LD A,(DE)
9444 1C           		INC E
9445 CA DD 80     		JP Z,advance_page
9448 D9           		EXX
9449              		ASSERT $ == first_address_153+first_resume_offset
9449              		IF ((153)>>6) & 1
9449              		OUT (C),D
9449              		ELSE
9449 71           		DB 0xED,0x71
944B              		ENDIF
944B              		PULSE ((153)>>6) & 1
944B 6F           		LD L,A
944C 26 AF        		LD H,packet_map >> 8
944E              		IF ((153)>>5) & 1
944E              		OUT (C),D
944E              		ELSE
944E 71           		DB 0xED,0x71
9450              		ENDIF
9450              		PULSE ((153)>>5) & 1
9450 7E           		LD A,(HL)
9451 24           		INC H
9452              		IF ((153)>>4) & 1
9452 ED 51        		OUT (C),D
9454              		ELSE
9454              		DB 0xED,0x71
9454              		ENDIF
9454              		PULSE ((153)>>4) & 1
9454 66           		LD H,(HL)
9455 B3           		OR E
9456              		IF ((153)>>3) & 1
9456 ED 51        		OUT (C),D
9458              		ELSE
9458              		DB 0xED,0x71
9458              		ENDIF
9458              		PULSE ((153)>>3) & 1
9458 6F           		LD L,A
9459 F9           		LD SP,HL
945A              		IF ((153)>>2) & 1
945A              		OUT (C),D
945A              		ELSE
945A 71           		DB 0xED,0x71
945C              		ENDIF
945C              		PULSE ((153)>>2) & 1
945C 3E 00        		LD A,0
945E 3E 00        		LD A,0
9460              		IF ((153)>>1) & 1
9460              		OUT (C),D
9460              		ELSE
9460 71           		DB 0xED,0x71
9462              		ENDIF
9462              		PULSE ((153)>>1) & 1
9462 3E 00        		LD A,0
9464 3E 00        		LD A,0
9466              		IF (153) & 1
9466 ED 51        		OUT (C),D
9468              		ELSE
9468              		DB 0xED,0x71
9468              		ENDIF
9468              		PULSE (153) & 1
9468 01 FE 00     		LD BC,0x00FE
946B FD E9        		JP (IY)
946D              		ASSERT $ <= first_address_153+64
946D              		DS first_address_153+64-$
9480              	        FIRST 153
9480              		ASSERT $ == first_address_154
9480              		IF ((154)>>7) & 1
9480 ED 51        		OUT (C),D
9482              		ELSE
9482              		DB 0xED,0x71
9482              		ENDIF
9482              		PULSE ((154)>>7) & 1
9482 D9           		EXX
9483 1A           		LD A,(DE)
9484 1C           		INC E
9485 CA DD 80     		JP Z,advance_page
9488 D9           		EXX
9489              		ASSERT $ == first_address_154+first_resume_offset
9489              		IF ((154)>>6) & 1
9489              		OUT (C),D
9489              		ELSE
9489 71           		DB 0xED,0x71
948B              		ENDIF
948B              		PULSE ((154)>>6) & 1
948B 6F           		LD L,A
948C 26 AF        		LD H,packet_map >> 8
948E              		IF ((154)>>5) & 1
948E              		OUT (C),D
948E              		ELSE
948E 71           		DB 0xED,0x71
9490              		ENDIF
9490              		PULSE ((154)>>5) & 1
9490 7E           		LD A,(HL)
9491 24           		INC H
9492              		IF ((154)>>4) & 1
9492 ED 51        		OUT (C),D
9494              		ELSE
9494              		DB 0xED,0x71
9494              		ENDIF
9494              		PULSE ((154)>>4) & 1
9494 66           		LD H,(HL)
9495 B3           		OR E
9496              		IF ((154)>>3) & 1
9496 ED 51        		OUT (C),D
9498              		ELSE
9498              		DB 0xED,0x71
9498              		ENDIF
9498              		PULSE ((154)>>3) & 1
9498 6F           		LD L,A
9499 F9           		LD SP,HL
949A              		IF ((154)>>2) & 1
949A              		OUT (C),D
949A              		ELSE
949A 71           		DB 0xED,0x71
949C              		ENDIF
949C              		PULSE ((154)>>2) & 1
949C 3E 00        		LD A,0
949E 3E 00        		LD A,0
94A0              		IF ((154)>>1) & 1
94A0 ED 51        		OUT (C),D
94A2              		ELSE
94A2              		DB 0xED,0x71
94A2              		ENDIF
94A2              		PULSE ((154)>>1) & 1
94A2 3E 00        		LD A,0
94A4 3E 00        		LD A,0
94A6              		IF (154) & 1
94A6              		OUT (C),D
94A6              		ELSE
94A6 71           		DB 0xED,0x71
94A8              		ENDIF
94A8              		PULSE (154) & 1
94A8 01 FE 00     		LD BC,0x00FE
94AB FD E9        		JP (IY)
94AD              		ASSERT $ <= first_address_154+64
94AD              		DS first_address_154+64-$
94C0              	        FIRST 154
94C0              		ASSERT $ == first_address_155
94C0              		IF ((155)>>7) & 1
94C0 ED 51        		OUT (C),D
94C2              		ELSE
94C2              		DB 0xED,0x71
94C2              		ENDIF
94C2              		PULSE ((155)>>7) & 1
94C2 D9           		EXX
94C3 1A           		LD A,(DE)
94C4 1C           		INC E
94C5 CA DD 80     		JP Z,advance_page
94C8 D9           		EXX
94C9              		ASSERT $ == first_address_155+first_resume_offset
94C9              		IF ((155)>>6) & 1
94C9              		OUT (C),D
94C9              		ELSE
94C9 71           		DB 0xED,0x71
94CB              		ENDIF
94CB              		PULSE ((155)>>6) & 1
94CB 6F           		LD L,A
94CC 26 AF        		LD H,packet_map >> 8
94CE              		IF ((155)>>5) & 1
94CE              		OUT (C),D
94CE              		ELSE
94CE 71           		DB 0xED,0x71
94D0              		ENDIF
94D0              		PULSE ((155)>>5) & 1
94D0 7E           		LD A,(HL)
94D1 24           		INC H
94D2              		IF ((155)>>4) & 1
94D2 ED 51        		OUT (C),D
94D4              		ELSE
94D4              		DB 0xED,0x71
94D4              		ENDIF
94D4              		PULSE ((155)>>4) & 1
94D4 66           		LD H,(HL)
94D5 B3           		OR E
94D6              		IF ((155)>>3) & 1
94D6 ED 51        		OUT (C),D
94D8              		ELSE
94D8              		DB 0xED,0x71
94D8              		ENDIF
94D8              		PULSE ((155)>>3) & 1
94D8 6F           		LD L,A
94D9 F9           		LD SP,HL
94DA              		IF ((155)>>2) & 1
94DA              		OUT (C),D
94DA              		ELSE
94DA 71           		DB 0xED,0x71
94DC              		ENDIF
94DC              		PULSE ((155)>>2) & 1
94DC 3E 00        		LD A,0
94DE 3E 00        		LD A,0
94E0              		IF ((155)>>1) & 1
94E0 ED 51        		OUT (C),D
94E2              		ELSE
94E2              		DB 0xED,0x71
94E2              		ENDIF
94E2              		PULSE ((155)>>1) & 1
94E2 3E 00        		LD A,0
94E4 3E 00        		LD A,0
94E6              		IF (155) & 1
94E6 ED 51        		OUT (C),D
94E8              		ELSE
94E8              		DB 0xED,0x71
94E8              		ENDIF
94E8              		PULSE (155) & 1
94E8 01 FE 00     		LD BC,0x00FE
94EB FD E9        		JP (IY)
94ED              		ASSERT $ <= first_address_155+64
94ED              		DS first_address_155+64-$
9500              	        FIRST 155
9500              		ASSERT $ == first_address_157
9500              		IF ((157)>>7) & 1
9500 ED 51        		OUT (C),D
9502              		ELSE
9502              		DB 0xED,0x71
9502              		ENDIF
9502              		PULSE ((157)>>7) & 1
9502 D9           		EXX
9503 1A           		LD A,(DE)
9504 1C           		INC E
9505 CA DD 80     		JP Z,advance_page
9508 D9           		EXX
9509              		ASSERT $ == first_address_157+first_resume_offset
9509              		IF ((157)>>6) & 1
9509              		OUT (C),D
9509              		ELSE
9509 71           		DB 0xED,0x71
950B              		ENDIF
950B              		PULSE ((157)>>6) & 1
950B 6F           		LD L,A
950C 26 AF        		LD H,packet_map >> 8
950E              		IF ((157)>>5) & 1
950E              		OUT (C),D
950E              		ELSE
950E 71           		DB 0xED,0x71
9510              		ENDIF
9510              		PULSE ((157)>>5) & 1
9510 7E           		LD A,(HL)
9511 24           		INC H
9512              		IF ((157)>>4) & 1
9512 ED 51        		OUT (C),D
9514              		ELSE
9514              		DB 0xED,0x71
9514              		ENDIF
9514              		PULSE ((157)>>4) & 1
9514 66           		LD H,(HL)
9515 B3           		OR E
9516              		IF ((157)>>3) & 1
9516 ED 51        		OUT (C),D
9518              		ELSE
9518              		DB 0xED,0x71
9518              		ENDIF
9518              		PULSE ((157)>>3) & 1
9518 6F           		LD L,A
9519 F9           		LD SP,HL
951A              		IF ((157)>>2) & 1
951A ED 51        		OUT (C),D
951C              		ELSE
951C              		DB 0xED,0x71
951C              		ENDIF
951C              		PULSE ((157)>>2) & 1
951C 3E 00        		LD A,0
951E 3E 00        		LD A,0
9520              		IF ((157)>>1) & 1
9520              		OUT (C),D
9520              		ELSE
9520 71           		DB 0xED,0x71
9522              		ENDIF
9522              		PULSE ((157)>>1) & 1
9522 3E 00        		LD A,0
9524 3E 00        		LD A,0
9526              		IF (157) & 1
9526 ED 51        		OUT (C),D
9528              		ELSE
9528              		DB 0xED,0x71
9528              		ENDIF
9528              		PULSE (157) & 1
9528 01 FE 00     		LD BC,0x00FE
952B FD E9        		JP (IY)
952D              		ASSERT $ <= first_address_157+64
952D              		DS first_address_157+64-$
9540              	        FIRST 157
9540              		ASSERT $ == first_address_165
9540              		IF ((165)>>7) & 1
9540 ED 51        		OUT (C),D
9542              		ELSE
9542              		DB 0xED,0x71
9542              		ENDIF
9542              		PULSE ((165)>>7) & 1
9542 D9           		EXX
9543 1A           		LD A,(DE)
9544 1C           		INC E
9545 CA DD 80     		JP Z,advance_page
9548 D9           		EXX
9549              		ASSERT $ == first_address_165+first_resume_offset
9549              		IF ((165)>>6) & 1
9549              		OUT (C),D
9549              		ELSE
9549 71           		DB 0xED,0x71
954B              		ENDIF
954B              		PULSE ((165)>>6) & 1
954B 6F           		LD L,A
954C 26 AF        		LD H,packet_map >> 8
954E              		IF ((165)>>5) & 1
954E ED 51        		OUT (C),D
9550              		ELSE
9550              		DB 0xED,0x71
9550              		ENDIF
9550              		PULSE ((165)>>5) & 1
9550 7E           		LD A,(HL)
9551 24           		INC H
9552              		IF ((165)>>4) & 1
9552              		OUT (C),D
9552              		ELSE
9552 71           		DB 0xED,0x71
9554              		ENDIF
9554              		PULSE ((165)>>4) & 1
9554 66           		LD H,(HL)
9555 B3           		OR E
9556              		IF ((165)>>3) & 1
9556              		OUT (C),D
9556              		ELSE
9556 71           		DB 0xED,0x71
9558              		ENDIF
9558              		PULSE ((165)>>3) & 1
9558 6F           		LD L,A
9559 F9           		LD SP,HL
955A              		IF ((165)>>2) & 1
955A ED 51        		OUT (C),D
955C              		ELSE
955C              		DB 0xED,0x71
955C              		ENDIF
955C              		PULSE ((165)>>2) & 1
955C 3E 00        		LD A,0
955E 3E 00        		LD A,0
9560              		IF ((165)>>1) & 1
9560              		OUT (C),D
9560              		ELSE
9560 71           		DB 0xED,0x71
9562              		ENDIF
9562              		PULSE ((165)>>1) & 1
9562 3E 00        		LD A,0
9564 3E 00        		LD A,0
9566              		IF (165) & 1
9566 ED 51        		OUT (C),D
9568              		ELSE
9568              		DB 0xED,0x71
9568              		ENDIF
9568              		PULSE (165) & 1
9568 01 FE 00     		LD BC,0x00FE
956B FD E9        		JP (IY)
956D              		ASSERT $ <= first_address_165+64
956D              		DS first_address_165+64-$
9580              	        FIRST 165
9580              		ASSERT $ == first_address_166
9580              		IF ((166)>>7) & 1
9580 ED 51        		OUT (C),D
9582              		ELSE
9582              		DB 0xED,0x71
9582              		ENDIF
9582              		PULSE ((166)>>7) & 1
9582 D9           		EXX
9583 1A           		LD A,(DE)
9584 1C           		INC E
9585 CA DD 80     		JP Z,advance_page
9588 D9           		EXX
9589              		ASSERT $ == first_address_166+first_resume_offset
9589              		IF ((166)>>6) & 1
9589              		OUT (C),D
9589              		ELSE
9589 71           		DB 0xED,0x71
958B              		ENDIF
958B              		PULSE ((166)>>6) & 1
958B 6F           		LD L,A
958C 26 AF        		LD H,packet_map >> 8
958E              		IF ((166)>>5) & 1
958E ED 51        		OUT (C),D
9590              		ELSE
9590              		DB 0xED,0x71
9590              		ENDIF
9590              		PULSE ((166)>>5) & 1
9590 7E           		LD A,(HL)
9591 24           		INC H
9592              		IF ((166)>>4) & 1
9592              		OUT (C),D
9592              		ELSE
9592 71           		DB 0xED,0x71
9594              		ENDIF
9594              		PULSE ((166)>>4) & 1
9594 66           		LD H,(HL)
9595 B3           		OR E
9596              		IF ((166)>>3) & 1
9596              		OUT (C),D
9596              		ELSE
9596 71           		DB 0xED,0x71
9598              		ENDIF
9598              		PULSE ((166)>>3) & 1
9598 6F           		LD L,A
9599 F9           		LD SP,HL
959A              		IF ((166)>>2) & 1
959A ED 51        		OUT (C),D
959C              		ELSE
959C              		DB 0xED,0x71
959C              		ENDIF
959C              		PULSE ((166)>>2) & 1
959C 3E 00        		LD A,0
959E 3E 00        		LD A,0
95A0              		IF ((166)>>1) & 1
95A0 ED 51        		OUT (C),D
95A2              		ELSE
95A2              		DB 0xED,0x71
95A2              		ENDIF
95A2              		PULSE ((166)>>1) & 1
95A2 3E 00        		LD A,0
95A4 3E 00        		LD A,0
95A6              		IF (166) & 1
95A6              		OUT (C),D
95A6              		ELSE
95A6 71           		DB 0xED,0x71
95A8              		ENDIF
95A8              		PULSE (166) & 1
95A8 01 FE 00     		LD BC,0x00FE
95AB FD E9        		JP (IY)
95AD              		ASSERT $ <= first_address_166+64
95AD              		DS first_address_166+64-$
95C0              	        FIRST 166
95C0              		ASSERT $ == first_address_170
95C0              		IF ((170)>>7) & 1
95C0 ED 51        		OUT (C),D
95C2              		ELSE
95C2              		DB 0xED,0x71
95C2              		ENDIF
95C2              		PULSE ((170)>>7) & 1
95C2 D9           		EXX
95C3 1A           		LD A,(DE)
95C4 1C           		INC E
95C5 CA DD 80     		JP Z,advance_page
95C8 D9           		EXX
95C9              		ASSERT $ == first_address_170+first_resume_offset
95C9              		IF ((170)>>6) & 1
95C9              		OUT (C),D
95C9              		ELSE
95C9 71           		DB 0xED,0x71
95CB              		ENDIF
95CB              		PULSE ((170)>>6) & 1
95CB 6F           		LD L,A
95CC 26 AF        		LD H,packet_map >> 8
95CE              		IF ((170)>>5) & 1
95CE ED 51        		OUT (C),D
95D0              		ELSE
95D0              		DB 0xED,0x71
95D0              		ENDIF
95D0              		PULSE ((170)>>5) & 1
95D0 7E           		LD A,(HL)
95D1 24           		INC H
95D2              		IF ((170)>>4) & 1
95D2              		OUT (C),D
95D2              		ELSE
95D2 71           		DB 0xED,0x71
95D4              		ENDIF
95D4              		PULSE ((170)>>4) & 1
95D4 66           		LD H,(HL)
95D5 B3           		OR E
95D6              		IF ((170)>>3) & 1
95D6 ED 51        		OUT (C),D
95D8              		ELSE
95D8              		DB 0xED,0x71
95D8              		ENDIF
95D8              		PULSE ((170)>>3) & 1
95D8 6F           		LD L,A
95D9 F9           		LD SP,HL
95DA              		IF ((170)>>2) & 1
95DA              		OUT (C),D
95DA              		ELSE
95DA 71           		DB 0xED,0x71
95DC              		ENDIF
95DC              		PULSE ((170)>>2) & 1
95DC 3E 00        		LD A,0
95DE 3E 00        		LD A,0
95E0              		IF ((170)>>1) & 1
95E0 ED 51        		OUT (C),D
95E2              		ELSE
95E2              		DB 0xED,0x71
95E2              		ENDIF
95E2              		PULSE ((170)>>1) & 1
95E2 3E 00        		LD A,0
95E4 3E 00        		LD A,0
95E6              		IF (170) & 1
95E6              		OUT (C),D
95E6              		ELSE
95E6 71           		DB 0xED,0x71
95E8              		ENDIF
95E8              		PULSE (170) & 1
95E8 01 FE 00     		LD BC,0x00FE
95EB FD E9        		JP (IY)
95ED              		ASSERT $ <= first_address_170+64
95ED              		DS first_address_170+64-$
9600              	        FIRST 170
9600              		ASSERT $ == first_address_171
9600              		IF ((171)>>7) & 1
9600 ED 51        		OUT (C),D
9602              		ELSE
9602              		DB 0xED,0x71
9602              		ENDIF
9602              		PULSE ((171)>>7) & 1
9602 D9           		EXX
9603 1A           		LD A,(DE)
9604 1C           		INC E
9605 CA DD 80     		JP Z,advance_page
9608 D9           		EXX
9609              		ASSERT $ == first_address_171+first_resume_offset
9609              		IF ((171)>>6) & 1
9609              		OUT (C),D
9609              		ELSE
9609 71           		DB 0xED,0x71
960B              		ENDIF
960B              		PULSE ((171)>>6) & 1
960B 6F           		LD L,A
960C 26 AF        		LD H,packet_map >> 8
960E              		IF ((171)>>5) & 1
960E ED 51        		OUT (C),D
9610              		ELSE
9610              		DB 0xED,0x71
9610              		ENDIF
9610              		PULSE ((171)>>5) & 1
9610 7E           		LD A,(HL)
9611 24           		INC H
9612              		IF ((171)>>4) & 1
9612              		OUT (C),D
9612              		ELSE
9612 71           		DB 0xED,0x71
9614              		ENDIF
9614              		PULSE ((171)>>4) & 1
9614 66           		LD H,(HL)
9615 B3           		OR E
9616              		IF ((171)>>3) & 1
9616 ED 51        		OUT (C),D
9618              		ELSE
9618              		DB 0xED,0x71
9618              		ENDIF
9618              		PULSE ((171)>>3) & 1
9618 6F           		LD L,A
9619 F9           		LD SP,HL
961A              		IF ((171)>>2) & 1
961A              		OUT (C),D
961A              		ELSE
961A 71           		DB 0xED,0x71
961C              		ENDIF
961C              		PULSE ((171)>>2) & 1
961C 3E 00        		LD A,0
961E 3E 00        		LD A,0
9620              		IF ((171)>>1) & 1
9620 ED 51        		OUT (C),D
9622              		ELSE
9622              		DB 0xED,0x71
9622              		ENDIF
9622              		PULSE ((171)>>1) & 1
9622 3E 00        		LD A,0
9624 3E 00        		LD A,0
9626              		IF (171) & 1
9626 ED 51        		OUT (C),D
9628              		ELSE
9628              		DB 0xED,0x71
9628              		ENDIF
9628              		PULSE (171) & 1
9628 01 FE 00     		LD BC,0x00FE
962B FD E9        		JP (IY)
962D              		ASSERT $ <= first_address_171+64
962D              		DS first_address_171+64-$
9640              	        FIRST 171
9640              		ASSERT $ == first_address_173
9640              		IF ((173)>>7) & 1
9640 ED 51        		OUT (C),D
9642              		ELSE
9642              		DB 0xED,0x71
9642              		ENDIF
9642              		PULSE ((173)>>7) & 1
9642 D9           		EXX
9643 1A           		LD A,(DE)
9644 1C           		INC E
9645 CA DD 80     		JP Z,advance_page
9648 D9           		EXX
9649              		ASSERT $ == first_address_173+first_resume_offset
9649              		IF ((173)>>6) & 1
9649              		OUT (C),D
9649              		ELSE
9649 71           		DB 0xED,0x71
964B              		ENDIF
964B              		PULSE ((173)>>6) & 1
964B 6F           		LD L,A
964C 26 AF        		LD H,packet_map >> 8
964E              		IF ((173)>>5) & 1
964E ED 51        		OUT (C),D
9650              		ELSE
9650              		DB 0xED,0x71
9650              		ENDIF
9650              		PULSE ((173)>>5) & 1
9650 7E           		LD A,(HL)
9651 24           		INC H
9652              		IF ((173)>>4) & 1
9652              		OUT (C),D
9652              		ELSE
9652 71           		DB 0xED,0x71
9654              		ENDIF
9654              		PULSE ((173)>>4) & 1
9654 66           		LD H,(HL)
9655 B3           		OR E
9656              		IF ((173)>>3) & 1
9656 ED 51        		OUT (C),D
9658              		ELSE
9658              		DB 0xED,0x71
9658              		ENDIF
9658              		PULSE ((173)>>3) & 1
9658 6F           		LD L,A
9659 F9           		LD SP,HL
965A              		IF ((173)>>2) & 1
965A ED 51        		OUT (C),D
965C              		ELSE
965C              		DB 0xED,0x71
965C              		ENDIF
965C              		PULSE ((173)>>2) & 1
965C 3E 00        		LD A,0
965E 3E 00        		LD A,0
9660              		IF ((173)>>1) & 1
9660              		OUT (C),D
9660              		ELSE
9660 71           		DB 0xED,0x71
9662              		ENDIF
9662              		PULSE ((173)>>1) & 1
9662 3E 00        		LD A,0
9664 3E 00        		LD A,0
9666              		IF (173) & 1
9666 ED 51        		OUT (C),D
9668              		ELSE
9668              		DB 0xED,0x71
9668              		ENDIF
9668              		PULSE (173) & 1
9668 01 FE 00     		LD BC,0x00FE
966B FD E9        		JP (IY)
966D              		ASSERT $ <= first_address_173+64
966D              		DS first_address_173+64-$
9680              	        FIRST 173
9680              		ASSERT $ == first_address_174
9680              		IF ((174)>>7) & 1
9680 ED 51        		OUT (C),D
9682              		ELSE
9682              		DB 0xED,0x71
9682              		ENDIF
9682              		PULSE ((174)>>7) & 1
9682 D9           		EXX
9683 1A           		LD A,(DE)
9684 1C           		INC E
9685 CA DD 80     		JP Z,advance_page
9688 D9           		EXX
9689              		ASSERT $ == first_address_174+first_resume_offset
9689              		IF ((174)>>6) & 1
9689              		OUT (C),D
9689              		ELSE
9689 71           		DB 0xED,0x71
968B              		ENDIF
968B              		PULSE ((174)>>6) & 1
968B 6F           		LD L,A
968C 26 AF        		LD H,packet_map >> 8
968E              		IF ((174)>>5) & 1
968E ED 51        		OUT (C),D
9690              		ELSE
9690              		DB 0xED,0x71
9690              		ENDIF
9690              		PULSE ((174)>>5) & 1
9690 7E           		LD A,(HL)
9691 24           		INC H
9692              		IF ((174)>>4) & 1
9692              		OUT (C),D
9692              		ELSE
9692 71           		DB 0xED,0x71
9694              		ENDIF
9694              		PULSE ((174)>>4) & 1
9694 66           		LD H,(HL)
9695 B3           		OR E
9696              		IF ((174)>>3) & 1
9696 ED 51        		OUT (C),D
9698              		ELSE
9698              		DB 0xED,0x71
9698              		ENDIF
9698              		PULSE ((174)>>3) & 1
9698 6F           		LD L,A
9699 F9           		LD SP,HL
969A              		IF ((174)>>2) & 1
969A ED 51        		OUT (C),D
969C              		ELSE
969C              		DB 0xED,0x71
969C              		ENDIF
969C              		PULSE ((174)>>2) & 1
969C 3E 00        		LD A,0
969E 3E 00        		LD A,0
96A0              		IF ((174)>>1) & 1
96A0 ED 51        		OUT (C),D
96A2              		ELSE
96A2              		DB 0xED,0x71
96A2              		ENDIF
96A2              		PULSE ((174)>>1) & 1
96A2 3E 00        		LD A,0
96A4 3E 00        		LD A,0
96A6              		IF (174) & 1
96A6              		OUT (C),D
96A6              		ELSE
96A6 71           		DB 0xED,0x71
96A8              		ENDIF
96A8              		PULSE (174) & 1
96A8 01 FE 00     		LD BC,0x00FE
96AB FD E9        		JP (IY)
96AD              		ASSERT $ <= first_address_174+64
96AD              		DS first_address_174+64-$
96C0              	        FIRST 174
96C0              		ASSERT $ == first_address_175
96C0              		IF ((175)>>7) & 1
96C0 ED 51        		OUT (C),D
96C2              		ELSE
96C2              		DB 0xED,0x71
96C2              		ENDIF
96C2              		PULSE ((175)>>7) & 1
96C2 D9           		EXX
96C3 1A           		LD A,(DE)
96C4 1C           		INC E
96C5 CA DD 80     		JP Z,advance_page
96C8 D9           		EXX
96C9              		ASSERT $ == first_address_175+first_resume_offset
96C9              		IF ((175)>>6) & 1
96C9              		OUT (C),D
96C9              		ELSE
96C9 71           		DB 0xED,0x71
96CB              		ENDIF
96CB              		PULSE ((175)>>6) & 1
96CB 6F           		LD L,A
96CC 26 AF        		LD H,packet_map >> 8
96CE              		IF ((175)>>5) & 1
96CE ED 51        		OUT (C),D
96D0              		ELSE
96D0              		DB 0xED,0x71
96D0              		ENDIF
96D0              		PULSE ((175)>>5) & 1
96D0 7E           		LD A,(HL)
96D1 24           		INC H
96D2              		IF ((175)>>4) & 1
96D2              		OUT (C),D
96D2              		ELSE
96D2 71           		DB 0xED,0x71
96D4              		ENDIF
96D4              		PULSE ((175)>>4) & 1
96D4 66           		LD H,(HL)
96D5 B3           		OR E
96D6              		IF ((175)>>3) & 1
96D6 ED 51        		OUT (C),D
96D8              		ELSE
96D8              		DB 0xED,0x71
96D8              		ENDIF
96D8              		PULSE ((175)>>3) & 1
96D8 6F           		LD L,A
96D9 F9           		LD SP,HL
96DA              		IF ((175)>>2) & 1
96DA ED 51        		OUT (C),D
96DC              		ELSE
96DC              		DB 0xED,0x71
96DC              		ENDIF
96DC              		PULSE ((175)>>2) & 1
96DC 3E 00        		LD A,0
96DE 3E 00        		LD A,0
96E0              		IF ((175)>>1) & 1
96E0 ED 51        		OUT (C),D
96E2              		ELSE
96E2              		DB 0xED,0x71
96E2              		ENDIF
96E2              		PULSE ((175)>>1) & 1
96E2 3E 00        		LD A,0
96E4 3E 00        		LD A,0
96E6              		IF (175) & 1
96E6 ED 51        		OUT (C),D
96E8              		ELSE
96E8              		DB 0xED,0x71
96E8              		ENDIF
96E8              		PULSE (175) & 1
96E8 01 FE 00     		LD BC,0x00FE
96EB FD E9        		JP (IY)
96ED              		ASSERT $ <= first_address_175+64
96ED              		DS first_address_175+64-$
9700              	        FIRST 175
9700              		ASSERT $ == first_address_181
9700              		IF ((181)>>7) & 1
9700 ED 51        		OUT (C),D
9702              		ELSE
9702              		DB 0xED,0x71
9702              		ENDIF
9702              		PULSE ((181)>>7) & 1
9702 D9           		EXX
9703 1A           		LD A,(DE)
9704 1C           		INC E
9705 CA DD 80     		JP Z,advance_page
9708 D9           		EXX
9709              		ASSERT $ == first_address_181+first_resume_offset
9709              		IF ((181)>>6) & 1
9709              		OUT (C),D
9709              		ELSE
9709 71           		DB 0xED,0x71
970B              		ENDIF
970B              		PULSE ((181)>>6) & 1
970B 6F           		LD L,A
970C 26 AF        		LD H,packet_map >> 8
970E              		IF ((181)>>5) & 1
970E ED 51        		OUT (C),D
9710              		ELSE
9710              		DB 0xED,0x71
9710              		ENDIF
9710              		PULSE ((181)>>5) & 1
9710 7E           		LD A,(HL)
9711 24           		INC H
9712              		IF ((181)>>4) & 1
9712 ED 51        		OUT (C),D
9714              		ELSE
9714              		DB 0xED,0x71
9714              		ENDIF
9714              		PULSE ((181)>>4) & 1
9714 66           		LD H,(HL)
9715 B3           		OR E
9716              		IF ((181)>>3) & 1
9716              		OUT (C),D
9716              		ELSE
9716 71           		DB 0xED,0x71
9718              		ENDIF
9718              		PULSE ((181)>>3) & 1
9718 6F           		LD L,A
9719 F9           		LD SP,HL
971A              		IF ((181)>>2) & 1
971A ED 51        		OUT (C),D
971C              		ELSE
971C              		DB 0xED,0x71
971C              		ENDIF
971C              		PULSE ((181)>>2) & 1
971C 3E 00        		LD A,0
971E 3E 00        		LD A,0
9720              		IF ((181)>>1) & 1
9720              		OUT (C),D
9720              		ELSE
9720 71           		DB 0xED,0x71
9722              		ENDIF
9722              		PULSE ((181)>>1) & 1
9722 3E 00        		LD A,0
9724 3E 00        		LD A,0
9726              		IF (181) & 1
9726 ED 51        		OUT (C),D
9728              		ELSE
9728              		DB 0xED,0x71
9728              		ENDIF
9728              		PULSE (181) & 1
9728 01 FE 00     		LD BC,0x00FE
972B FD E9        		JP (IY)
972D              		ASSERT $ <= first_address_181+64
972D              		DS first_address_181+64-$
9740              	        FIRST 181
9740              		ASSERT $ == first_address_182
9740              		IF ((182)>>7) & 1
9740 ED 51        		OUT (C),D
9742              		ELSE
9742              		DB 0xED,0x71
9742              		ENDIF
9742              		PULSE ((182)>>7) & 1
9742 D9           		EXX
9743 1A           		LD A,(DE)
9744 1C           		INC E
9745 CA DD 80     		JP Z,advance_page
9748 D9           		EXX
9749              		ASSERT $ == first_address_182+first_resume_offset
9749              		IF ((182)>>6) & 1
9749              		OUT (C),D
9749              		ELSE
9749 71           		DB 0xED,0x71
974B              		ENDIF
974B              		PULSE ((182)>>6) & 1
974B 6F           		LD L,A
974C 26 AF        		LD H,packet_map >> 8
974E              		IF ((182)>>5) & 1
974E ED 51        		OUT (C),D
9750              		ELSE
9750              		DB 0xED,0x71
9750              		ENDIF
9750              		PULSE ((182)>>5) & 1
9750 7E           		LD A,(HL)
9751 24           		INC H
9752              		IF ((182)>>4) & 1
9752 ED 51        		OUT (C),D
9754              		ELSE
9754              		DB 0xED,0x71
9754              		ENDIF
9754              		PULSE ((182)>>4) & 1
9754 66           		LD H,(HL)
9755 B3           		OR E
9756              		IF ((182)>>3) & 1
9756              		OUT (C),D
9756              		ELSE
9756 71           		DB 0xED,0x71
9758              		ENDIF
9758              		PULSE ((182)>>3) & 1
9758 6F           		LD L,A
9759 F9           		LD SP,HL
975A              		IF ((182)>>2) & 1
975A ED 51        		OUT (C),D
975C              		ELSE
975C              		DB 0xED,0x71
975C              		ENDIF
975C              		PULSE ((182)>>2) & 1
975C 3E 00        		LD A,0
975E 3E 00        		LD A,0
9760              		IF ((182)>>1) & 1
9760 ED 51        		OUT (C),D
9762              		ELSE
9762              		DB 0xED,0x71
9762              		ENDIF
9762              		PULSE ((182)>>1) & 1
9762 3E 00        		LD A,0
9764 3E 00        		LD A,0
9766              		IF (182) & 1
9766              		OUT (C),D
9766              		ELSE
9766 71           		DB 0xED,0x71
9768              		ENDIF
9768              		PULSE (182) & 1
9768 01 FE 00     		LD BC,0x00FE
976B FD E9        		JP (IY)
976D              		ASSERT $ <= first_address_182+64
976D              		DS first_address_182+64-$
9780              	        FIRST 182
9780              		ASSERT $ == first_address_183
9780              		IF ((183)>>7) & 1
9780 ED 51        		OUT (C),D
9782              		ELSE
9782              		DB 0xED,0x71
9782              		ENDIF
9782              		PULSE ((183)>>7) & 1
9782 D9           		EXX
9783 1A           		LD A,(DE)
9784 1C           		INC E
9785 CA DD 80     		JP Z,advance_page
9788 D9           		EXX
9789              		ASSERT $ == first_address_183+first_resume_offset
9789              		IF ((183)>>6) & 1
9789              		OUT (C),D
9789              		ELSE
9789 71           		DB 0xED,0x71
978B              		ENDIF
978B              		PULSE ((183)>>6) & 1
978B 6F           		LD L,A
978C 26 AF        		LD H,packet_map >> 8
978E              		IF ((183)>>5) & 1
978E ED 51        		OUT (C),D
9790              		ELSE
9790              		DB 0xED,0x71
9790              		ENDIF
9790              		PULSE ((183)>>5) & 1
9790 7E           		LD A,(HL)
9791 24           		INC H
9792              		IF ((183)>>4) & 1
9792 ED 51        		OUT (C),D
9794              		ELSE
9794              		DB 0xED,0x71
9794              		ENDIF
9794              		PULSE ((183)>>4) & 1
9794 66           		LD H,(HL)
9795 B3           		OR E
9796              		IF ((183)>>3) & 1
9796              		OUT (C),D
9796              		ELSE
9796 71           		DB 0xED,0x71
9798              		ENDIF
9798              		PULSE ((183)>>3) & 1
9798 6F           		LD L,A
9799 F9           		LD SP,HL
979A              		IF ((183)>>2) & 1
979A ED 51        		OUT (C),D
979C              		ELSE
979C              		DB 0xED,0x71
979C              		ENDIF
979C              		PULSE ((183)>>2) & 1
979C 3E 00        		LD A,0
979E 3E 00        		LD A,0
97A0              		IF ((183)>>1) & 1
97A0 ED 51        		OUT (C),D
97A2              		ELSE
97A2              		DB 0xED,0x71
97A2              		ENDIF
97A2              		PULSE ((183)>>1) & 1
97A2 3E 00        		LD A,0
97A4 3E 00        		LD A,0
97A6              		IF (183) & 1
97A6 ED 51        		OUT (C),D
97A8              		ELSE
97A8              		DB 0xED,0x71
97A8              		ENDIF
97A8              		PULSE (183) & 1
97A8 01 FE 00     		LD BC,0x00FE
97AB FD E9        		JP (IY)
97AD              		ASSERT $ <= first_address_183+64
97AD              		DS first_address_183+64-$
97C0              	        FIRST 183
97C0              		ASSERT $ == first_address_187
97C0              		IF ((187)>>7) & 1
97C0 ED 51        		OUT (C),D
97C2              		ELSE
97C2              		DB 0xED,0x71
97C2              		ENDIF
97C2              		PULSE ((187)>>7) & 1
97C2 D9           		EXX
97C3 1A           		LD A,(DE)
97C4 1C           		INC E
97C5 CA DD 80     		JP Z,advance_page
97C8 D9           		EXX
97C9              		ASSERT $ == first_address_187+first_resume_offset
97C9              		IF ((187)>>6) & 1
97C9              		OUT (C),D
97C9              		ELSE
97C9 71           		DB 0xED,0x71
97CB              		ENDIF
97CB              		PULSE ((187)>>6) & 1
97CB 6F           		LD L,A
97CC 26 AF        		LD H,packet_map >> 8
97CE              		IF ((187)>>5) & 1
97CE ED 51        		OUT (C),D
97D0              		ELSE
97D0              		DB 0xED,0x71
97D0              		ENDIF
97D0              		PULSE ((187)>>5) & 1
97D0 7E           		LD A,(HL)
97D1 24           		INC H
97D2              		IF ((187)>>4) & 1
97D2 ED 51        		OUT (C),D
97D4              		ELSE
97D4              		DB 0xED,0x71
97D4              		ENDIF
97D4              		PULSE ((187)>>4) & 1
97D4 66           		LD H,(HL)
97D5 B3           		OR E
97D6              		IF ((187)>>3) & 1
97D6 ED 51        		OUT (C),D
97D8              		ELSE
97D8              		DB 0xED,0x71
97D8              		ENDIF
97D8              		PULSE ((187)>>3) & 1
97D8 6F           		LD L,A
97D9 F9           		LD SP,HL
97DA              		IF ((187)>>2) & 1
97DA              		OUT (C),D
97DA              		ELSE
97DA 71           		DB 0xED,0x71
97DC              		ENDIF
97DC              		PULSE ((187)>>2) & 1
97DC 3E 00        		LD A,0
97DE 3E 00        		LD A,0
97E0              		IF ((187)>>1) & 1
97E0 ED 51        		OUT (C),D
97E2              		ELSE
97E2              		DB 0xED,0x71
97E2              		ENDIF
97E2              		PULSE ((187)>>1) & 1
97E2 3E 00        		LD A,0
97E4 3E 00        		LD A,0
97E6              		IF (187) & 1
97E6 ED 51        		OUT (C),D
97E8              		ELSE
97E8              		DB 0xED,0x71
97E8              		ENDIF
97E8              		PULSE (187) & 1
97E8 01 FE 00     		LD BC,0x00FE
97EB FD E9        		JP (IY)
97ED              		ASSERT $ <= first_address_187+64
97ED              		DS first_address_187+64-$
9800              	        FIRST 187
9800              		ASSERT $ == first_address_189
9800              		IF ((189)>>7) & 1
9800 ED 51        		OUT (C),D
9802              		ELSE
9802              		DB 0xED,0x71
9802              		ENDIF
9802              		PULSE ((189)>>7) & 1
9802 D9           		EXX
9803 1A           		LD A,(DE)
9804 1C           		INC E
9805 CA DD 80     		JP Z,advance_page
9808 D9           		EXX
9809              		ASSERT $ == first_address_189+first_resume_offset
9809              		IF ((189)>>6) & 1
9809              		OUT (C),D
9809              		ELSE
9809 71           		DB 0xED,0x71
980B              		ENDIF
980B              		PULSE ((189)>>6) & 1
980B 6F           		LD L,A
980C 26 AF        		LD H,packet_map >> 8
980E              		IF ((189)>>5) & 1
980E ED 51        		OUT (C),D
9810              		ELSE
9810              		DB 0xED,0x71
9810              		ENDIF
9810              		PULSE ((189)>>5) & 1
9810 7E           		LD A,(HL)
9811 24           		INC H
9812              		IF ((189)>>4) & 1
9812 ED 51        		OUT (C),D
9814              		ELSE
9814              		DB 0xED,0x71
9814              		ENDIF
9814              		PULSE ((189)>>4) & 1
9814 66           		LD H,(HL)
9815 B3           		OR E
9816              		IF ((189)>>3) & 1
9816 ED 51        		OUT (C),D
9818              		ELSE
9818              		DB 0xED,0x71
9818              		ENDIF
9818              		PULSE ((189)>>3) & 1
9818 6F           		LD L,A
9819 F9           		LD SP,HL
981A              		IF ((189)>>2) & 1
981A ED 51        		OUT (C),D
981C              		ELSE
981C              		DB 0xED,0x71
981C              		ENDIF
981C              		PULSE ((189)>>2) & 1
981C 3E 00        		LD A,0
981E 3E 00        		LD A,0
9820              		IF ((189)>>1) & 1
9820              		OUT (C),D
9820              		ELSE
9820 71           		DB 0xED,0x71
9822              		ENDIF
9822              		PULSE ((189)>>1) & 1
9822 3E 00        		LD A,0
9824 3E 00        		LD A,0
9826              		IF (189) & 1
9826 ED 51        		OUT (C),D
9828              		ELSE
9828              		DB 0xED,0x71
9828              		ENDIF
9828              		PULSE (189) & 1
9828 01 FE 00     		LD BC,0x00FE
982B FD E9        		JP (IY)
982D              		ASSERT $ <= first_address_189+64
982D              		DS first_address_189+64-$
9840              	        FIRST 189
9840              		ASSERT $ == first_address_190
9840              		IF ((190)>>7) & 1
9840 ED 51        		OUT (C),D
9842              		ELSE
9842              		DB 0xED,0x71
9842              		ENDIF
9842              		PULSE ((190)>>7) & 1
9842 D9           		EXX
9843 1A           		LD A,(DE)
9844 1C           		INC E
9845 CA DD 80     		JP Z,advance_page
9848 D9           		EXX
9849              		ASSERT $ == first_address_190+first_resume_offset
9849              		IF ((190)>>6) & 1
9849              		OUT (C),D
9849              		ELSE
9849 71           		DB 0xED,0x71
984B              		ENDIF
984B              		PULSE ((190)>>6) & 1
984B 6F           		LD L,A
984C 26 AF        		LD H,packet_map >> 8
984E              		IF ((190)>>5) & 1
984E ED 51        		OUT (C),D
9850              		ELSE
9850              		DB 0xED,0x71
9850              		ENDIF
9850              		PULSE ((190)>>5) & 1
9850 7E           		LD A,(HL)
9851 24           		INC H
9852              		IF ((190)>>4) & 1
9852 ED 51        		OUT (C),D
9854              		ELSE
9854              		DB 0xED,0x71
9854              		ENDIF
9854              		PULSE ((190)>>4) & 1
9854 66           		LD H,(HL)
9855 B3           		OR E
9856              		IF ((190)>>3) & 1
9856 ED 51        		OUT (C),D
9858              		ELSE
9858              		DB 0xED,0x71
9858              		ENDIF
9858              		PULSE ((190)>>3) & 1
9858 6F           		LD L,A
9859 F9           		LD SP,HL
985A              		IF ((190)>>2) & 1
985A ED 51        		OUT (C),D
985C              		ELSE
985C              		DB 0xED,0x71
985C              		ENDIF
985C              		PULSE ((190)>>2) & 1
985C 3E 00        		LD A,0
985E 3E 00        		LD A,0
9860              		IF ((190)>>1) & 1
9860 ED 51        		OUT (C),D
9862              		ELSE
9862              		DB 0xED,0x71
9862              		ENDIF
9862              		PULSE ((190)>>1) & 1
9862 3E 00        		LD A,0
9864 3E 00        		LD A,0
9866              		IF (190) & 1
9866              		OUT (C),D
9866              		ELSE
9866 71           		DB 0xED,0x71
9868              		ENDIF
9868              		PULSE (190) & 1
9868 01 FE 00     		LD BC,0x00FE
986B FD E9        		JP (IY)
986D              		ASSERT $ <= first_address_190+64
986D              		DS first_address_190+64-$
9880              	        FIRST 190
9880              		ASSERT $ == first_address_191
9880              		IF ((191)>>7) & 1
9880 ED 51        		OUT (C),D
9882              		ELSE
9882              		DB 0xED,0x71
9882              		ENDIF
9882              		PULSE ((191)>>7) & 1
9882 D9           		EXX
9883 1A           		LD A,(DE)
9884 1C           		INC E
9885 CA DD 80     		JP Z,advance_page
9888 D9           		EXX
9889              		ASSERT $ == first_address_191+first_resume_offset
9889              		IF ((191)>>6) & 1
9889              		OUT (C),D
9889              		ELSE
9889 71           		DB 0xED,0x71
988B              		ENDIF
988B              		PULSE ((191)>>6) & 1
988B 6F           		LD L,A
988C 26 AF        		LD H,packet_map >> 8
988E              		IF ((191)>>5) & 1
988E ED 51        		OUT (C),D
9890              		ELSE
9890              		DB 0xED,0x71
9890              		ENDIF
9890              		PULSE ((191)>>5) & 1
9890 7E           		LD A,(HL)
9891 24           		INC H
9892              		IF ((191)>>4) & 1
9892 ED 51        		OUT (C),D
9894              		ELSE
9894              		DB 0xED,0x71
9894              		ENDIF
9894              		PULSE ((191)>>4) & 1
9894 66           		LD H,(HL)
9895 B3           		OR E
9896              		IF ((191)>>3) & 1
9896 ED 51        		OUT (C),D
9898              		ELSE
9898              		DB 0xED,0x71
9898              		ENDIF
9898              		PULSE ((191)>>3) & 1
9898 6F           		LD L,A
9899 F9           		LD SP,HL
989A              		IF ((191)>>2) & 1
989A ED 51        		OUT (C),D
989C              		ELSE
989C              		DB 0xED,0x71
989C              		ENDIF
989C              		PULSE ((191)>>2) & 1
989C 3E 00        		LD A,0
989E 3E 00        		LD A,0
98A0              		IF ((191)>>1) & 1
98A0 ED 51        		OUT (C),D
98A2              		ELSE
98A2              		DB 0xED,0x71
98A2              		ENDIF
98A2              		PULSE ((191)>>1) & 1
98A2 3E 00        		LD A,0
98A4 3E 00        		LD A,0
98A6              		IF (191) & 1
98A6 ED 51        		OUT (C),D
98A8              		ELSE
98A8              		DB 0xED,0x71
98A8              		ENDIF
98A8              		PULSE (191) & 1
98A8 01 FE 00     		LD BC,0x00FE
98AB FD E9        		JP (IY)
98AD              		ASSERT $ <= first_address_191+64
98AD              		DS first_address_191+64-$
98C0              	        FIRST 191
98C0              		ASSERT $ == first_address_214
98C0              		IF ((214)>>7) & 1
98C0 ED 51        		OUT (C),D
98C2              		ELSE
98C2              		DB 0xED,0x71
98C2              		ENDIF
98C2              		PULSE ((214)>>7) & 1
98C2 D9           		EXX
98C3 1A           		LD A,(DE)
98C4 1C           		INC E
98C5 CA DD 80     		JP Z,advance_page
98C8 D9           		EXX
98C9              		ASSERT $ == first_address_214+first_resume_offset
98C9              		IF ((214)>>6) & 1
98C9 ED 51        		OUT (C),D
98CB              		ELSE
98CB              		DB 0xED,0x71
98CB              		ENDIF
98CB              		PULSE ((214)>>6) & 1
98CB 6F           		LD L,A
98CC 26 AF        		LD H,packet_map >> 8
98CE              		IF ((214)>>5) & 1
98CE              		OUT (C),D
98CE              		ELSE
98CE 71           		DB 0xED,0x71
98D0              		ENDIF
98D0              		PULSE ((214)>>5) & 1
98D0 7E           		LD A,(HL)
98D1 24           		INC H
98D2              		IF ((214)>>4) & 1
98D2 ED 51        		OUT (C),D
98D4              		ELSE
98D4              		DB 0xED,0x71
98D4              		ENDIF
98D4              		PULSE ((214)>>4) & 1
98D4 66           		LD H,(HL)
98D5 B3           		OR E
98D6              		IF ((214)>>3) & 1
98D6              		OUT (C),D
98D6              		ELSE
98D6 71           		DB 0xED,0x71
98D8              		ENDIF
98D8              		PULSE ((214)>>3) & 1
98D8 6F           		LD L,A
98D9 F9           		LD SP,HL
98DA              		IF ((214)>>2) & 1
98DA ED 51        		OUT (C),D
98DC              		ELSE
98DC              		DB 0xED,0x71
98DC              		ENDIF
98DC              		PULSE ((214)>>2) & 1
98DC 3E 00        		LD A,0
98DE 3E 00        		LD A,0
98E0              		IF ((214)>>1) & 1
98E0 ED 51        		OUT (C),D
98E2              		ELSE
98E2              		DB 0xED,0x71
98E2              		ENDIF
98E2              		PULSE ((214)>>1) & 1
98E2 3E 00        		LD A,0
98E4 3E 00        		LD A,0
98E6              		IF (214) & 1
98E6              		OUT (C),D
98E6              		ELSE
98E6 71           		DB 0xED,0x71
98E8              		ENDIF
98E8              		PULSE (214) & 1
98E8 01 FE 00     		LD BC,0x00FE
98EB FD E9        		JP (IY)
98ED              		ASSERT $ <= first_address_214+64
98ED              		DS first_address_214+64-$
9900              	        FIRST 214
9900              		ASSERT $ == first_address_219
9900              		IF ((219)>>7) & 1
9900 ED 51        		OUT (C),D
9902              		ELSE
9902              		DB 0xED,0x71
9902              		ENDIF
9902              		PULSE ((219)>>7) & 1
9902 D9           		EXX
9903 1A           		LD A,(DE)
9904 1C           		INC E
9905 CA DD 80     		JP Z,advance_page
9908 D9           		EXX
9909              		ASSERT $ == first_address_219+first_resume_offset
9909              		IF ((219)>>6) & 1
9909 ED 51        		OUT (C),D
990B              		ELSE
990B              		DB 0xED,0x71
990B              		ENDIF
990B              		PULSE ((219)>>6) & 1
990B 6F           		LD L,A
990C 26 AF        		LD H,packet_map >> 8
990E              		IF ((219)>>5) & 1
990E              		OUT (C),D
990E              		ELSE
990E 71           		DB 0xED,0x71
9910              		ENDIF
9910              		PULSE ((219)>>5) & 1
9910 7E           		LD A,(HL)
9911 24           		INC H
9912              		IF ((219)>>4) & 1
9912 ED 51        		OUT (C),D
9914              		ELSE
9914              		DB 0xED,0x71
9914              		ENDIF
9914              		PULSE ((219)>>4) & 1
9914 66           		LD H,(HL)
9915 B3           		OR E
9916              		IF ((219)>>3) & 1
9916 ED 51        		OUT (C),D
9918              		ELSE
9918              		DB 0xED,0x71
9918              		ENDIF
9918              		PULSE ((219)>>3) & 1
9918 6F           		LD L,A
9919 F9           		LD SP,HL
991A              		IF ((219)>>2) & 1
991A              		OUT (C),D
991A              		ELSE
991A 71           		DB 0xED,0x71
991C              		ENDIF
991C              		PULSE ((219)>>2) & 1
991C 3E 00        		LD A,0
991E 3E 00        		LD A,0
9920              		IF ((219)>>1) & 1
9920 ED 51        		OUT (C),D
9922              		ELSE
9922              		DB 0xED,0x71
9922              		ENDIF
9922              		PULSE ((219)>>1) & 1
9922 3E 00        		LD A,0
9924 3E 00        		LD A,0
9926              		IF (219) & 1
9926 ED 51        		OUT (C),D
9928              		ELSE
9928              		DB 0xED,0x71
9928              		ENDIF
9928              		PULSE (219) & 1
9928 01 FE 00     		LD BC,0x00FE
992B FD E9        		JP (IY)
992D              		ASSERT $ <= first_address_219+64
992D              		DS first_address_219+64-$
9940              	        FIRST 219
9940              		ASSERT $ == first_address_221
9940              		IF ((221)>>7) & 1
9940 ED 51        		OUT (C),D
9942              		ELSE
9942              		DB 0xED,0x71
9942              		ENDIF
9942              		PULSE ((221)>>7) & 1
9942 D9           		EXX
9943 1A           		LD A,(DE)
9944 1C           		INC E
9945 CA DD 80     		JP Z,advance_page
9948 D9           		EXX
9949              		ASSERT $ == first_address_221+first_resume_offset
9949              		IF ((221)>>6) & 1
9949 ED 51        		OUT (C),D
994B              		ELSE
994B              		DB 0xED,0x71
994B              		ENDIF
994B              		PULSE ((221)>>6) & 1
994B 6F           		LD L,A
994C 26 AF        		LD H,packet_map >> 8
994E              		IF ((221)>>5) & 1
994E              		OUT (C),D
994E              		ELSE
994E 71           		DB 0xED,0x71
9950              		ENDIF
9950              		PULSE ((221)>>5) & 1
9950 7E           		LD A,(HL)
9951 24           		INC H
9952              		IF ((221)>>4) & 1
9952 ED 51        		OUT (C),D
9954              		ELSE
9954              		DB 0xED,0x71
9954              		ENDIF
9954              		PULSE ((221)>>4) & 1
9954 66           		LD H,(HL)
9955 B3           		OR E
9956              		IF ((221)>>3) & 1
9956 ED 51        		OUT (C),D
9958              		ELSE
9958              		DB 0xED,0x71
9958              		ENDIF
9958              		PULSE ((221)>>3) & 1
9958 6F           		LD L,A
9959 F9           		LD SP,HL
995A              		IF ((221)>>2) & 1
995A ED 51        		OUT (C),D
995C              		ELSE
995C              		DB 0xED,0x71
995C              		ENDIF
995C              		PULSE ((221)>>2) & 1
995C 3E 00        		LD A,0
995E 3E 00        		LD A,0
9960              		IF ((221)>>1) & 1
9960              		OUT (C),D
9960              		ELSE
9960 71           		DB 0xED,0x71
9962              		ENDIF
9962              		PULSE ((221)>>1) & 1
9962 3E 00        		LD A,0
9964 3E 00        		LD A,0
9966              		IF (221) & 1
9966 ED 51        		OUT (C),D
9968              		ELSE
9968              		DB 0xED,0x71
9968              		ENDIF
9968              		PULSE (221) & 1
9968 01 FE 00     		LD BC,0x00FE
996B FD E9        		JP (IY)
996D              		ASSERT $ <= first_address_221+64
996D              		DS first_address_221+64-$
9980              	        FIRST 221
9980              		ASSERT $ == first_address_222
9980              		IF ((222)>>7) & 1
9980 ED 51        		OUT (C),D
9982              		ELSE
9982              		DB 0xED,0x71
9982              		ENDIF
9982              		PULSE ((222)>>7) & 1
9982 D9           		EXX
9983 1A           		LD A,(DE)
9984 1C           		INC E
9985 CA DD 80     		JP Z,advance_page
9988 D9           		EXX
9989              		ASSERT $ == first_address_222+first_resume_offset
9989              		IF ((222)>>6) & 1
9989 ED 51        		OUT (C),D
998B              		ELSE
998B              		DB 0xED,0x71
998B              		ENDIF
998B              		PULSE ((222)>>6) & 1
998B 6F           		LD L,A
998C 26 AF        		LD H,packet_map >> 8
998E              		IF ((222)>>5) & 1
998E              		OUT (C),D
998E              		ELSE
998E 71           		DB 0xED,0x71
9990              		ENDIF
9990              		PULSE ((222)>>5) & 1
9990 7E           		LD A,(HL)
9991 24           		INC H
9992              		IF ((222)>>4) & 1
9992 ED 51        		OUT (C),D
9994              		ELSE
9994              		DB 0xED,0x71
9994              		ENDIF
9994              		PULSE ((222)>>4) & 1
9994 66           		LD H,(HL)
9995 B3           		OR E
9996              		IF ((222)>>3) & 1
9996 ED 51        		OUT (C),D
9998              		ELSE
9998              		DB 0xED,0x71
9998              		ENDIF
9998              		PULSE ((222)>>3) & 1
9998 6F           		LD L,A
9999 F9           		LD SP,HL
999A              		IF ((222)>>2) & 1
999A ED 51        		OUT (C),D
999C              		ELSE
999C              		DB 0xED,0x71
999C              		ENDIF
999C              		PULSE ((222)>>2) & 1
999C 3E 00        		LD A,0
999E 3E 00        		LD A,0
99A0              		IF ((222)>>1) & 1
99A0 ED 51        		OUT (C),D
99A2              		ELSE
99A2              		DB 0xED,0x71
99A2              		ENDIF
99A2              		PULSE ((222)>>1) & 1
99A2 3E 00        		LD A,0
99A4 3E 00        		LD A,0
99A6              		IF (222) & 1
99A6              		OUT (C),D
99A6              		ELSE
99A6 71           		DB 0xED,0x71
99A8              		ENDIF
99A8              		PULSE (222) & 1
99A8 01 FE 00     		LD BC,0x00FE
99AB FD E9        		JP (IY)
99AD              		ASSERT $ <= first_address_222+64
99AD              		DS first_address_222+64-$
99C0              	        FIRST 222
99C0              		ASSERT $ == first_address_223
99C0              		IF ((223)>>7) & 1
99C0 ED 51        		OUT (C),D
99C2              		ELSE
99C2              		DB 0xED,0x71
99C2              		ENDIF
99C2              		PULSE ((223)>>7) & 1
99C2 D9           		EXX
99C3 1A           		LD A,(DE)
99C4 1C           		INC E
99C5 CA DD 80     		JP Z,advance_page
99C8 D9           		EXX
99C9              		ASSERT $ == first_address_223+first_resume_offset
99C9              		IF ((223)>>6) & 1
99C9 ED 51        		OUT (C),D
99CB              		ELSE
99CB              		DB 0xED,0x71
99CB              		ENDIF
99CB              		PULSE ((223)>>6) & 1
99CB 6F           		LD L,A
99CC 26 AF        		LD H,packet_map >> 8
99CE              		IF ((223)>>5) & 1
99CE              		OUT (C),D
99CE              		ELSE
99CE 71           		DB 0xED,0x71
99D0              		ENDIF
99D0              		PULSE ((223)>>5) & 1
99D0 7E           		LD A,(HL)
99D1 24           		INC H
99D2              		IF ((223)>>4) & 1
99D2 ED 51        		OUT (C),D
99D4              		ELSE
99D4              		DB 0xED,0x71
99D4              		ENDIF
99D4              		PULSE ((223)>>4) & 1
99D4 66           		LD H,(HL)
99D5 B3           		OR E
99D6              		IF ((223)>>3) & 1
99D6 ED 51        		OUT (C),D
99D8              		ELSE
99D8              		DB 0xED,0x71
99D8              		ENDIF
99D8              		PULSE ((223)>>3) & 1
99D8 6F           		LD L,A
99D9 F9           		LD SP,HL
99DA              		IF ((223)>>2) & 1
99DA ED 51        		OUT (C),D
99DC              		ELSE
99DC              		DB 0xED,0x71
99DC              		ENDIF
99DC              		PULSE ((223)>>2) & 1
99DC 3E 00        		LD A,0
99DE 3E 00        		LD A,0
99E0              		IF ((223)>>1) & 1
99E0 ED 51        		OUT (C),D
99E2              		ELSE
99E2              		DB 0xED,0x71
99E2              		ENDIF
99E2              		PULSE ((223)>>1) & 1
99E2 3E 00        		LD A,0
99E4 3E 00        		LD A,0
99E6              		IF (223) & 1
99E6 ED 51        		OUT (C),D
99E8              		ELSE
99E8              		DB 0xED,0x71
99E8              		ENDIF
99E8              		PULSE (223) & 1
99E8 01 FE 00     		LD BC,0x00FE
99EB FD E9        		JP (IY)
99ED              		ASSERT $ <= first_address_223+64
99ED              		DS first_address_223+64-$
9A00              	        FIRST 223
9A00              		ASSERT $ == first_address_238
9A00              		IF ((238)>>7) & 1
9A00 ED 51        		OUT (C),D
9A02              		ELSE
9A02              		DB 0xED,0x71
9A02              		ENDIF
9A02              		PULSE ((238)>>7) & 1
9A02 D9           		EXX
9A03 1A           		LD A,(DE)
9A04 1C           		INC E
9A05 CA DD 80     		JP Z,advance_page
9A08 D9           		EXX
9A09              		ASSERT $ == first_address_238+first_resume_offset
9A09              		IF ((238)>>6) & 1
9A09 ED 51        		OUT (C),D
9A0B              		ELSE
9A0B              		DB 0xED,0x71
9A0B              		ENDIF
9A0B              		PULSE ((238)>>6) & 1
9A0B 6F           		LD L,A
9A0C 26 AF        		LD H,packet_map >> 8
9A0E              		IF ((238)>>5) & 1
9A0E ED 51        		OUT (C),D
9A10              		ELSE
9A10              		DB 0xED,0x71
9A10              		ENDIF
9A10              		PULSE ((238)>>5) & 1
9A10 7E           		LD A,(HL)
9A11 24           		INC H
9A12              		IF ((238)>>4) & 1
9A12              		OUT (C),D
9A12              		ELSE
9A12 71           		DB 0xED,0x71
9A14              		ENDIF
9A14              		PULSE ((238)>>4) & 1
9A14 66           		LD H,(HL)
9A15 B3           		OR E
9A16              		IF ((238)>>3) & 1
9A16 ED 51        		OUT (C),D
9A18              		ELSE
9A18              		DB 0xED,0x71
9A18              		ENDIF
9A18              		PULSE ((238)>>3) & 1
9A18 6F           		LD L,A
9A19 F9           		LD SP,HL
9A1A              		IF ((238)>>2) & 1
9A1A ED 51        		OUT (C),D
9A1C              		ELSE
9A1C              		DB 0xED,0x71
9A1C              		ENDIF
9A1C              		PULSE ((238)>>2) & 1
9A1C 3E 00        		LD A,0
9A1E 3E 00        		LD A,0
9A20              		IF ((238)>>1) & 1
9A20 ED 51        		OUT (C),D
9A22              		ELSE
9A22              		DB 0xED,0x71
9A22              		ENDIF
9A22              		PULSE ((238)>>1) & 1
9A22 3E 00        		LD A,0
9A24 3E 00        		LD A,0
9A26              		IF (238) & 1
9A26              		OUT (C),D
9A26              		ELSE
9A26 71           		DB 0xED,0x71
9A28              		ENDIF
9A28              		PULSE (238) & 1
9A28 01 FE 00     		LD BC,0x00FE
9A2B FD E9        		JP (IY)
9A2D              		ASSERT $ <= first_address_238+64
9A2D              		DS first_address_238+64-$
9A40              	        FIRST 238
9A40              		ASSERT $ == first_address_239
9A40              		IF ((239)>>7) & 1
9A40 ED 51        		OUT (C),D
9A42              		ELSE
9A42              		DB 0xED,0x71
9A42              		ENDIF
9A42              		PULSE ((239)>>7) & 1
9A42 D9           		EXX
9A43 1A           		LD A,(DE)
9A44 1C           		INC E
9A45 CA DD 80     		JP Z,advance_page
9A48 D9           		EXX
9A49              		ASSERT $ == first_address_239+first_resume_offset
9A49              		IF ((239)>>6) & 1
9A49 ED 51        		OUT (C),D
9A4B              		ELSE
9A4B              		DB 0xED,0x71
9A4B              		ENDIF
9A4B              		PULSE ((239)>>6) & 1
9A4B 6F           		LD L,A
9A4C 26 AF        		LD H,packet_map >> 8
9A4E              		IF ((239)>>5) & 1
9A4E ED 51        		OUT (C),D
9A50              		ELSE
9A50              		DB 0xED,0x71
9A50              		ENDIF
9A50              		PULSE ((239)>>5) & 1
9A50 7E           		LD A,(HL)
9A51 24           		INC H
9A52              		IF ((239)>>4) & 1
9A52              		OUT (C),D
9A52              		ELSE
9A52 71           		DB 0xED,0x71
9A54              		ENDIF
9A54              		PULSE ((239)>>4) & 1
9A54 66           		LD H,(HL)
9A55 B3           		OR E
9A56              		IF ((239)>>3) & 1
9A56 ED 51        		OUT (C),D
9A58              		ELSE
9A58              		DB 0xED,0x71
9A58              		ENDIF
9A58              		PULSE ((239)>>3) & 1
9A58 6F           		LD L,A
9A59 F9           		LD SP,HL
9A5A              		IF ((239)>>2) & 1
9A5A ED 51        		OUT (C),D
9A5C              		ELSE
9A5C              		DB 0xED,0x71
9A5C              		ENDIF
9A5C              		PULSE ((239)>>2) & 1
9A5C 3E 00        		LD A,0
9A5E 3E 00        		LD A,0
9A60              		IF ((239)>>1) & 1
9A60 ED 51        		OUT (C),D
9A62              		ELSE
9A62              		DB 0xED,0x71
9A62              		ENDIF
9A62              		PULSE ((239)>>1) & 1
9A62 3E 00        		LD A,0
9A64 3E 00        		LD A,0
9A66              		IF (239) & 1
9A66 ED 51        		OUT (C),D
9A68              		ELSE
9A68              		DB 0xED,0x71
9A68              		ENDIF
9A68              		PULSE (239) & 1
9A68 01 FE 00     		LD BC,0x00FE
9A6B FD E9        		JP (IY)
9A6D              		ASSERT $ <= first_address_239+64
9A6D              		DS first_address_239+64-$
9A80              	        FIRST 239
9A80              		ASSERT $ == first_address_247
9A80              		IF ((247)>>7) & 1
9A80 ED 51        		OUT (C),D
9A82              		ELSE
9A82              		DB 0xED,0x71
9A82              		ENDIF
9A82              		PULSE ((247)>>7) & 1
9A82 D9           		EXX
9A83 1A           		LD A,(DE)
9A84 1C           		INC E
9A85 CA DD 80     		JP Z,advance_page
9A88 D9           		EXX
9A89              		ASSERT $ == first_address_247+first_resume_offset
9A89              		IF ((247)>>6) & 1
9A89 ED 51        		OUT (C),D
9A8B              		ELSE
9A8B              		DB 0xED,0x71
9A8B              		ENDIF
9A8B              		PULSE ((247)>>6) & 1
9A8B 6F           		LD L,A
9A8C 26 AF        		LD H,packet_map >> 8
9A8E              		IF ((247)>>5) & 1
9A8E ED 51        		OUT (C),D
9A90              		ELSE
9A90              		DB 0xED,0x71
9A90              		ENDIF
9A90              		PULSE ((247)>>5) & 1
9A90 7E           		LD A,(HL)
9A91 24           		INC H
9A92              		IF ((247)>>4) & 1
9A92 ED 51        		OUT (C),D
9A94              		ELSE
9A94              		DB 0xED,0x71
9A94              		ENDIF
9A94              		PULSE ((247)>>4) & 1
9A94 66           		LD H,(HL)
9A95 B3           		OR E
9A96              		IF ((247)>>3) & 1
9A96              		OUT (C),D
9A96              		ELSE
9A96 71           		DB 0xED,0x71
9A98              		ENDIF
9A98              		PULSE ((247)>>3) & 1
9A98 6F           		LD L,A
9A99 F9           		LD SP,HL
9A9A              		IF ((247)>>2) & 1
9A9A ED 51        		OUT (C),D
9A9C              		ELSE
9A9C              		DB 0xED,0x71
9A9C              		ENDIF
9A9C              		PULSE ((247)>>2) & 1
9A9C 3E 00        		LD A,0
9A9E 3E 00        		LD A,0
9AA0              		IF ((247)>>1) & 1
9AA0 ED 51        		OUT (C),D
9AA2              		ELSE
9AA2              		DB 0xED,0x71
9AA2              		ENDIF
9AA2              		PULSE ((247)>>1) & 1
9AA2 3E 00        		LD A,0
9AA4 3E 00        		LD A,0
9AA6              		IF (247) & 1
9AA6 ED 51        		OUT (C),D
9AA8              		ELSE
9AA8              		DB 0xED,0x71
9AA8              		ENDIF
9AA8              		PULSE (247) & 1
9AA8 01 FE 00     		LD BC,0x00FE
9AAB FD E9        		JP (IY)
9AAD              		ASSERT $ <= first_address_247+64
9AAD              		DS first_address_247+64-$
9AC0              	        FIRST 247
9AC0              		ASSERT $ == first_address_251
9AC0              		IF ((251)>>7) & 1
9AC0 ED 51        		OUT (C),D
9AC2              		ELSE
9AC2              		DB 0xED,0x71
9AC2              		ENDIF
9AC2              		PULSE ((251)>>7) & 1
9AC2 D9           		EXX
9AC3 1A           		LD A,(DE)
9AC4 1C           		INC E
9AC5 CA DD 80     		JP Z,advance_page
9AC8 D9           		EXX
9AC9              		ASSERT $ == first_address_251+first_resume_offset
9AC9              		IF ((251)>>6) & 1
9AC9 ED 51        		OUT (C),D
9ACB              		ELSE
9ACB              		DB 0xED,0x71
9ACB              		ENDIF
9ACB              		PULSE ((251)>>6) & 1
9ACB 6F           		LD L,A
9ACC 26 AF        		LD H,packet_map >> 8
9ACE              		IF ((251)>>5) & 1
9ACE ED 51        		OUT (C),D
9AD0              		ELSE
9AD0              		DB 0xED,0x71
9AD0              		ENDIF
9AD0              		PULSE ((251)>>5) & 1
9AD0 7E           		LD A,(HL)
9AD1 24           		INC H
9AD2              		IF ((251)>>4) & 1
9AD2 ED 51        		OUT (C),D
9AD4              		ELSE
9AD4              		DB 0xED,0x71
9AD4              		ENDIF
9AD4              		PULSE ((251)>>4) & 1
9AD4 66           		LD H,(HL)
9AD5 B3           		OR E
9AD6              		IF ((251)>>3) & 1
9AD6 ED 51        		OUT (C),D
9AD8              		ELSE
9AD8              		DB 0xED,0x71
9AD8              		ENDIF
9AD8              		PULSE ((251)>>3) & 1
9AD8 6F           		LD L,A
9AD9 F9           		LD SP,HL
9ADA              		IF ((251)>>2) & 1
9ADA              		OUT (C),D
9ADA              		ELSE
9ADA 71           		DB 0xED,0x71
9ADC              		ENDIF
9ADC              		PULSE ((251)>>2) & 1
9ADC 3E 00        		LD A,0
9ADE 3E 00        		LD A,0
9AE0              		IF ((251)>>1) & 1
9AE0 ED 51        		OUT (C),D
9AE2              		ELSE
9AE2              		DB 0xED,0x71
9AE2              		ENDIF
9AE2              		PULSE ((251)>>1) & 1
9AE2 3E 00        		LD A,0
9AE4 3E 00        		LD A,0
9AE6              		IF (251) & 1
9AE6 ED 51        		OUT (C),D
9AE8              		ELSE
9AE8              		DB 0xED,0x71
9AE8              		ENDIF
9AE8              		PULSE (251) & 1
9AE8 01 FE 00     		LD BC,0x00FE
9AEB FD E9        		JP (IY)
9AED              		ASSERT $ <= first_address_251+64
9AED              		DS first_address_251+64-$
9B00              	        FIRST 251
9B00              		ASSERT $ == first_address_253
9B00              		IF ((253)>>7) & 1
9B00 ED 51        		OUT (C),D
9B02              		ELSE
9B02              		DB 0xED,0x71
9B02              		ENDIF
9B02              		PULSE ((253)>>7) & 1
9B02 D9           		EXX
9B03 1A           		LD A,(DE)
9B04 1C           		INC E
9B05 CA DD 80     		JP Z,advance_page
9B08 D9           		EXX
9B09              		ASSERT $ == first_address_253+first_resume_offset
9B09              		IF ((253)>>6) & 1
9B09 ED 51        		OUT (C),D
9B0B              		ELSE
9B0B              		DB 0xED,0x71
9B0B              		ENDIF
9B0B              		PULSE ((253)>>6) & 1
9B0B 6F           		LD L,A
9B0C 26 AF        		LD H,packet_map >> 8
9B0E              		IF ((253)>>5) & 1
9B0E ED 51        		OUT (C),D
9B10              		ELSE
9B10              		DB 0xED,0x71
9B10              		ENDIF
9B10              		PULSE ((253)>>5) & 1
9B10 7E           		LD A,(HL)
9B11 24           		INC H
9B12              		IF ((253)>>4) & 1
9B12 ED 51        		OUT (C),D
9B14              		ELSE
9B14              		DB 0xED,0x71
9B14              		ENDIF
9B14              		PULSE ((253)>>4) & 1
9B14 66           		LD H,(HL)
9B15 B3           		OR E
9B16              		IF ((253)>>3) & 1
9B16 ED 51        		OUT (C),D
9B18              		ELSE
9B18              		DB 0xED,0x71
9B18              		ENDIF
9B18              		PULSE ((253)>>3) & 1
9B18 6F           		LD L,A
9B19 F9           		LD SP,HL
9B1A              		IF ((253)>>2) & 1
9B1A ED 51        		OUT (C),D
9B1C              		ELSE
9B1C              		DB 0xED,0x71
9B1C              		ENDIF
9B1C              		PULSE ((253)>>2) & 1
9B1C 3E 00        		LD A,0
9B1E 3E 00        		LD A,0
9B20              		IF ((253)>>1) & 1
9B20              		OUT (C),D
9B20              		ELSE
9B20 71           		DB 0xED,0x71
9B22              		ENDIF
9B22              		PULSE ((253)>>1) & 1
9B22 3E 00        		LD A,0
9B24 3E 00        		LD A,0
9B26              		IF (253) & 1
9B26 ED 51        		OUT (C),D
9B28              		ELSE
9B28              		DB 0xED,0x71
9B28              		ENDIF
9B28              		PULSE (253) & 1
9B28 01 FE 00     		LD BC,0x00FE
9B2B FD E9        		JP (IY)
9B2D              		ASSERT $ <= first_address_253+64
9B2D              		DS first_address_253+64-$
9B40              	        FIRST 253
9B40              		ASSERT $ == first_address_254
9B40              		IF ((254)>>7) & 1
9B40 ED 51        		OUT (C),D
9B42              		ELSE
9B42              		DB 0xED,0x71
9B42              		ENDIF
9B42              		PULSE ((254)>>7) & 1
9B42 D9           		EXX
9B43 1A           		LD A,(DE)
9B44 1C           		INC E
9B45 CA DD 80     		JP Z,advance_page
9B48 D9           		EXX
9B49              		ASSERT $ == first_address_254+first_resume_offset
9B49              		IF ((254)>>6) & 1
9B49 ED 51        		OUT (C),D
9B4B              		ELSE
9B4B              		DB 0xED,0x71
9B4B              		ENDIF
9B4B              		PULSE ((254)>>6) & 1
9B4B 6F           		LD L,A
9B4C 26 AF        		LD H,packet_map >> 8
9B4E              		IF ((254)>>5) & 1
9B4E ED 51        		OUT (C),D
9B50              		ELSE
9B50              		DB 0xED,0x71
9B50              		ENDIF
9B50              		PULSE ((254)>>5) & 1
9B50 7E           		LD A,(HL)
9B51 24           		INC H
9B52              		IF ((254)>>4) & 1
9B52 ED 51        		OUT (C),D
9B54              		ELSE
9B54              		DB 0xED,0x71
9B54              		ENDIF
9B54              		PULSE ((254)>>4) & 1
9B54 66           		LD H,(HL)
9B55 B3           		OR E
9B56              		IF ((254)>>3) & 1
9B56 ED 51        		OUT (C),D
9B58              		ELSE
9B58              		DB 0xED,0x71
9B58              		ENDIF
9B58              		PULSE ((254)>>3) & 1
9B58 6F           		LD L,A
9B59 F9           		LD SP,HL
9B5A              		IF ((254)>>2) & 1
9B5A ED 51        		OUT (C),D
9B5C              		ELSE
9B5C              		DB 0xED,0x71
9B5C              		ENDIF
9B5C              		PULSE ((254)>>2) & 1
9B5C 3E 00        		LD A,0
9B5E 3E 00        		LD A,0
9B60              		IF ((254)>>1) & 1
9B60 ED 51        		OUT (C),D
9B62              		ELSE
9B62              		DB 0xED,0x71
9B62              		ENDIF
9B62              		PULSE ((254)>>1) & 1
9B62 3E 00        		LD A,0
9B64 3E 00        		LD A,0
9B66              		IF (254) & 1
9B66              		OUT (C),D
9B66              		ELSE
9B66 71           		DB 0xED,0x71
9B68              		ENDIF
9B68              		PULSE (254) & 1
9B68 01 FE 00     		LD BC,0x00FE
9B6B FD E9        		JP (IY)
9B6D              		ASSERT $ <= first_address_254+64
9B6D              		DS first_address_254+64-$
9B80              	        FIRST 254
9B80              		ASSERT $ == first_address_255
9B80              		IF ((255)>>7) & 1
9B80 ED 51        		OUT (C),D
9B82              		ELSE
9B82              		DB 0xED,0x71
9B82              		ENDIF
9B82              		PULSE ((255)>>7) & 1
9B82 D9           		EXX
9B83 1A           		LD A,(DE)
9B84 1C           		INC E
9B85 CA DD 80     		JP Z,advance_page
9B88 D9           		EXX
9B89              		ASSERT $ == first_address_255+first_resume_offset
9B89              		IF ((255)>>6) & 1
9B89 ED 51        		OUT (C),D
9B8B              		ELSE
9B8B              		DB 0xED,0x71
9B8B              		ENDIF
9B8B              		PULSE ((255)>>6) & 1
9B8B 6F           		LD L,A
9B8C 26 AF        		LD H,packet_map >> 8
9B8E              		IF ((255)>>5) & 1
9B8E ED 51        		OUT (C),D
9B90              		ELSE
9B90              		DB 0xED,0x71
9B90              		ENDIF
9B90              		PULSE ((255)>>5) & 1
9B90 7E           		LD A,(HL)
9B91 24           		INC H
9B92              		IF ((255)>>4) & 1
9B92 ED 51        		OUT (C),D
9B94              		ELSE
9B94              		DB 0xED,0x71
9B94              		ENDIF
9B94              		PULSE ((255)>>4) & 1
9B94 66           		LD H,(HL)
9B95 B3           		OR E
9B96              		IF ((255)>>3) & 1
9B96 ED 51        		OUT (C),D
9B98              		ELSE
9B98              		DB 0xED,0x71
9B98              		ENDIF
9B98              		PULSE ((255)>>3) & 1
9B98 6F           		LD L,A
9B99 F9           		LD SP,HL
9B9A              		IF ((255)>>2) & 1
9B9A ED 51        		OUT (C),D
9B9C              		ELSE
9B9C              		DB 0xED,0x71
9B9C              		ENDIF
9B9C              		PULSE ((255)>>2) & 1
9B9C 3E 00        		LD A,0
9B9E 3E 00        		LD A,0
9BA0              		IF ((255)>>1) & 1
9BA0 ED 51        		OUT (C),D
9BA2              		ELSE
9BA2              		DB 0xED,0x71
9BA2              		ENDIF
9BA2              		PULSE ((255)>>1) & 1
9BA2 3E 00        		LD A,0
9BA4 3E 00        		LD A,0
9BA6              		IF (255) & 1
9BA6 ED 51        		OUT (C),D
9BA8              		ELSE
9BA8              		DB 0xED,0x71
9BA8              		ENDIF
9BA8              		PULSE (255) & 1
9BA8 01 FE 00     		LD BC,0x00FE
9BAB FD E9        		JP (IY)
9BAD              		ASSERT $ <= first_address_255+64
9BAD              		DS first_address_255+64-$
9BC0              	        FIRST 255
9BC0              	        INCLUDE "first.inc"
                 	
9BC0              	SECOND: MACRO
9BC0              	        ASSERT $ == second_address_\0
9BC0              	        PULSE ((\0)>>7) & 1
9BC0              	        POP IY
9BC0              	        PULSE ((\0)>>6) & 1
9BC0              	        POP HL
9BC0              	        NOP
9BC0              	        PULSE ((\0)>>5) & 1
9BC0              	        LD A,L
9BC0              	        AND 63
9BC0              	        LD E,A
9BC0              	        PULSE ((\0)>>4) & 1
9BC0              	        LD A,L
9BC0              	        AND 192
9BC0              	        LD L,A
9BC0              	        PULSE ((\0)>>3) & 1
9BC0              	        NOP
9BC0              	        NOP
9BC0              	        NOP
9BC0              	        PULSE ((\0)>>2) & 1
9BC0              	        LD A,0
9BC0              	        LD A,0
9BC0              	        PULSE ((\0)>>1) & 1
9BC0              	        LD A,0
9BC0              	        NOP
9BC0              	        NOP
9BC0              	        PULSE (\0) & 1
9BC0              	        LD BC,0x00FE
9BC0              	        JP (HL)
9BC0              	        ASSERT $ <= second_address_\0+44
9BC0              	        DS second_address_\0+44-$
9BC0              	        ENDM
                 	
9BC0              		ASSERT $ == second_address_0
9BC0              		IF ((0)>>7) & 1
9BC0              		OUT (C),D
9BC0              		ELSE
9BC0 71           		DB 0xED,0x71
9BC2              		ENDIF
9BC2              		PULSE ((0)>>7) & 1
9BC2 FD E1        		POP IY
9BC4              		IF ((0)>>6) & 1
9BC4              		OUT (C),D
9BC4              		ELSE
9BC4 71           		DB 0xED,0x71
9BC6              		ENDIF
9BC6              		PULSE ((0)>>6) & 1
9BC6 E1           		POP HL
9BC7 00           		NOP
9BC8              		IF ((0)>>5) & 1
9BC8              		OUT (C),D
9BC8              		ELSE
9BC8 71           		DB 0xED,0x71
9BCA              		ENDIF
9BCA              		PULSE ((0)>>5) & 1
9BCA 7D           		LD A,L
9BCB E6 3F        		AND 63
9BCD 5F           		LD E,A
9BCE              		IF ((0)>>4) & 1
9BCE              		OUT (C),D
9BCE              		ELSE
9BCE 71           		DB 0xED,0x71
9BD0              		ENDIF
9BD0              		PULSE ((0)>>4) & 1
9BD0 7D           		LD A,L
9BD1 E6 C0        		AND 192
9BD3 6F           		LD L,A
9BD4              		IF ((0)>>3) & 1
9BD4              		OUT (C),D
9BD4              		ELSE
9BD4 71           		DB 0xED,0x71
9BD6              		ENDIF
9BD6              		PULSE ((0)>>3) & 1
9BD6 00           		NOP
9BD7 00           		NOP
9BD8 00           		NOP
9BD9              		IF ((0)>>2) & 1
9BD9              		OUT (C),D
9BD9              		ELSE
9BD9 71           		DB 0xED,0x71
9BDB              		ENDIF
9BDB              		PULSE ((0)>>2) & 1
9BDB 3E 00        		LD A,0
9BDD 3E 00        		LD A,0
9BDF              		IF ((0)>>1) & 1
9BDF              		OUT (C),D
9BDF              		ELSE
9BDF 71           		DB 0xED,0x71
9BE1              		ENDIF
9BE1              		PULSE ((0)>>1) & 1
9BE1 3E 00        		LD A,0
9BE3 00           		NOP
9BE4 00           		NOP
9BE5              		IF (0) & 1
9BE5              		OUT (C),D
9BE5              		ELSE
9BE5 71           		DB 0xED,0x71
9BE7              		ENDIF
9BE7              		PULSE (0) & 1
9BE7 01 FE 00     		LD BC,0x00FE
9BEA E9           		JP (HL)
9BEB              		ASSERT $ <= second_address_0+44
9BEB              		DS second_address_0+44-$
9BEC              	        SECOND 0
9BEC              		ASSERT $ == second_address_1
9BEC              		IF ((1)>>7) & 1
9BEC              		OUT (C),D
9BEC              		ELSE
9BEC 71           		DB 0xED,0x71
9BEE              		ENDIF
9BEE              		PULSE ((1)>>7) & 1
9BEE FD E1        		POP IY
9BF0              		IF ((1)>>6) & 1
9BF0              		OUT (C),D
9BF0              		ELSE
9BF0 71           		DB 0xED,0x71
9BF2              		ENDIF
9BF2              		PULSE ((1)>>6) & 1
9BF2 E1           		POP HL
9BF3 00           		NOP
9BF4              		IF ((1)>>5) & 1
9BF4              		OUT (C),D
9BF4              		ELSE
9BF4 71           		DB 0xED,0x71
9BF6              		ENDIF
9BF6              		PULSE ((1)>>5) & 1
9BF6 7D           		LD A,L
9BF7 E6 3F        		AND 63
9BF9 5F           		LD E,A
9BFA              		IF ((1)>>4) & 1
9BFA              		OUT (C),D
9BFA              		ELSE
9BFA 71           		DB 0xED,0x71
9BFC              		ENDIF
9BFC              		PULSE ((1)>>4) & 1
9BFC 7D           		LD A,L
9BFD E6 C0        		AND 192
9BFF 6F           		LD L,A
9C00              		IF ((1)>>3) & 1
9C00              		OUT (C),D
9C00              		ELSE
9C00 71           		DB 0xED,0x71
9C02              		ENDIF
9C02              		PULSE ((1)>>3) & 1
9C02 00           		NOP
9C03 00           		NOP
9C04 00           		NOP
9C05              		IF ((1)>>2) & 1
9C05              		OUT (C),D
9C05              		ELSE
9C05 71           		DB 0xED,0x71
9C07              		ENDIF
9C07              		PULSE ((1)>>2) & 1
9C07 3E 00        		LD A,0
9C09 3E 00        		LD A,0
9C0B              		IF ((1)>>1) & 1
9C0B              		OUT (C),D
9C0B              		ELSE
9C0B 71           		DB 0xED,0x71
9C0D              		ENDIF
9C0D              		PULSE ((1)>>1) & 1
9C0D 3E 00        		LD A,0
9C0F 00           		NOP
9C10 00           		NOP
9C11              		IF (1) & 1
9C11 ED 51        		OUT (C),D
9C13              		ELSE
9C13              		DB 0xED,0x71
9C13              		ENDIF
9C13              		PULSE (1) & 1
9C13 01 FE 00     		LD BC,0x00FE
9C16 E9           		JP (HL)
9C17              		ASSERT $ <= second_address_1+44
9C17              		DS second_address_1+44-$
9C18              	        SECOND 1
9C18              		ASSERT $ == second_address_2
9C18              		IF ((2)>>7) & 1
9C18              		OUT (C),D
9C18              		ELSE
9C18 71           		DB 0xED,0x71
9C1A              		ENDIF
9C1A              		PULSE ((2)>>7) & 1
9C1A FD E1        		POP IY
9C1C              		IF ((2)>>6) & 1
9C1C              		OUT (C),D
9C1C              		ELSE
9C1C 71           		DB 0xED,0x71
9C1E              		ENDIF
9C1E              		PULSE ((2)>>6) & 1
9C1E E1           		POP HL
9C1F 00           		NOP
9C20              		IF ((2)>>5) & 1
9C20              		OUT (C),D
9C20              		ELSE
9C20 71           		DB 0xED,0x71
9C22              		ENDIF
9C22              		PULSE ((2)>>5) & 1
9C22 7D           		LD A,L
9C23 E6 3F        		AND 63
9C25 5F           		LD E,A
9C26              		IF ((2)>>4) & 1
9C26              		OUT (C),D
9C26              		ELSE
9C26 71           		DB 0xED,0x71
9C28              		ENDIF
9C28              		PULSE ((2)>>4) & 1
9C28 7D           		LD A,L
9C29 E6 C0        		AND 192
9C2B 6F           		LD L,A
9C2C              		IF ((2)>>3) & 1
9C2C              		OUT (C),D
9C2C              		ELSE
9C2C 71           		DB 0xED,0x71
9C2E              		ENDIF
9C2E              		PULSE ((2)>>3) & 1
9C2E 00           		NOP
9C2F 00           		NOP
9C30 00           		NOP
9C31              		IF ((2)>>2) & 1
9C31              		OUT (C),D
9C31              		ELSE
9C31 71           		DB 0xED,0x71
9C33              		ENDIF
9C33              		PULSE ((2)>>2) & 1
9C33 3E 00        		LD A,0
9C35 3E 00        		LD A,0
9C37              		IF ((2)>>1) & 1
9C37 ED 51        		OUT (C),D
9C39              		ELSE
9C39              		DB 0xED,0x71
9C39              		ENDIF
9C39              		PULSE ((2)>>1) & 1
9C39 3E 00        		LD A,0
9C3B 00           		NOP
9C3C 00           		NOP
9C3D              		IF (2) & 1
9C3D              		OUT (C),D
9C3D              		ELSE
9C3D 71           		DB 0xED,0x71
9C3F              		ENDIF
9C3F              		PULSE (2) & 1
9C3F 01 FE 00     		LD BC,0x00FE
9C42 E9           		JP (HL)
9C43              		ASSERT $ <= second_address_2+44
9C43              		DS second_address_2+44-$
9C44              	        SECOND 2
9C44              		ASSERT $ == second_address_4
9C44              		IF ((4)>>7) & 1
9C44              		OUT (C),D
9C44              		ELSE
9C44 71           		DB 0xED,0x71
9C46              		ENDIF
9C46              		PULSE ((4)>>7) & 1
9C46 FD E1        		POP IY
9C48              		IF ((4)>>6) & 1
9C48              		OUT (C),D
9C48              		ELSE
9C48 71           		DB 0xED,0x71
9C4A              		ENDIF
9C4A              		PULSE ((4)>>6) & 1
9C4A E1           		POP HL
9C4B 00           		NOP
9C4C              		IF ((4)>>5) & 1
9C4C              		OUT (C),D
9C4C              		ELSE
9C4C 71           		DB 0xED,0x71
9C4E              		ENDIF
9C4E              		PULSE ((4)>>5) & 1
9C4E 7D           		LD A,L
9C4F E6 3F        		AND 63
9C51 5F           		LD E,A
9C52              		IF ((4)>>4) & 1
9C52              		OUT (C),D
9C52              		ELSE
9C52 71           		DB 0xED,0x71
9C54              		ENDIF
9C54              		PULSE ((4)>>4) & 1
9C54 7D           		LD A,L
9C55 E6 C0        		AND 192
9C57 6F           		LD L,A
9C58              		IF ((4)>>3) & 1
9C58              		OUT (C),D
9C58              		ELSE
9C58 71           		DB 0xED,0x71
9C5A              		ENDIF
9C5A              		PULSE ((4)>>3) & 1
9C5A 00           		NOP
9C5B 00           		NOP
9C5C 00           		NOP
9C5D              		IF ((4)>>2) & 1
9C5D ED 51        		OUT (C),D
9C5F              		ELSE
9C5F              		DB 0xED,0x71
9C5F              		ENDIF
9C5F              		PULSE ((4)>>2) & 1
9C5F 3E 00        		LD A,0
9C61 3E 00        		LD A,0
9C63              		IF ((4)>>1) & 1
9C63              		OUT (C),D
9C63              		ELSE
9C63 71           		DB 0xED,0x71
9C65              		ENDIF
9C65              		PULSE ((4)>>1) & 1
9C65 3E 00        		LD A,0
9C67 00           		NOP
9C68 00           		NOP
9C69              		IF (4) & 1
9C69              		OUT (C),D
9C69              		ELSE
9C69 71           		DB 0xED,0x71
9C6B              		ENDIF
9C6B              		PULSE (4) & 1
9C6B 01 FE 00     		LD BC,0x00FE
9C6E E9           		JP (HL)
9C6F              		ASSERT $ <= second_address_4+44
9C6F              		DS second_address_4+44-$
9C70              	        SECOND 4
9C70              		ASSERT $ == second_address_8
9C70              		IF ((8)>>7) & 1
9C70              		OUT (C),D
9C70              		ELSE
9C70 71           		DB 0xED,0x71
9C72              		ENDIF
9C72              		PULSE ((8)>>7) & 1
9C72 FD E1        		POP IY
9C74              		IF ((8)>>6) & 1
9C74              		OUT (C),D
9C74              		ELSE
9C74 71           		DB 0xED,0x71
9C76              		ENDIF
9C76              		PULSE ((8)>>6) & 1
9C76 E1           		POP HL
9C77 00           		NOP
9C78              		IF ((8)>>5) & 1
9C78              		OUT (C),D
9C78              		ELSE
9C78 71           		DB 0xED,0x71
9C7A              		ENDIF
9C7A              		PULSE ((8)>>5) & 1
9C7A 7D           		LD A,L
9C7B E6 3F        		AND 63
9C7D 5F           		LD E,A
9C7E              		IF ((8)>>4) & 1
9C7E              		OUT (C),D
9C7E              		ELSE
9C7E 71           		DB 0xED,0x71
9C80              		ENDIF
9C80              		PULSE ((8)>>4) & 1
9C80 7D           		LD A,L
9C81 E6 C0        		AND 192
9C83 6F           		LD L,A
9C84              		IF ((8)>>3) & 1
9C84 ED 51        		OUT (C),D
9C86              		ELSE
9C86              		DB 0xED,0x71
9C86              		ENDIF
9C86              		PULSE ((8)>>3) & 1
9C86 00           		NOP
9C87 00           		NOP
9C88 00           		NOP
9C89              		IF ((8)>>2) & 1
9C89              		OUT (C),D
9C89              		ELSE
9C89 71           		DB 0xED,0x71
9C8B              		ENDIF
9C8B              		PULSE ((8)>>2) & 1
9C8B 3E 00        		LD A,0
9C8D 3E 00        		LD A,0
9C8F              		IF ((8)>>1) & 1
9C8F              		OUT (C),D
9C8F              		ELSE
9C8F 71           		DB 0xED,0x71
9C91              		ENDIF
9C91              		PULSE ((8)>>1) & 1
9C91 3E 00        		LD A,0
9C93 00           		NOP
9C94 00           		NOP
9C95              		IF (8) & 1
9C95              		OUT (C),D
9C95              		ELSE
9C95 71           		DB 0xED,0x71
9C97              		ENDIF
9C97              		PULSE (8) & 1
9C97 01 FE 00     		LD BC,0x00FE
9C9A E9           		JP (HL)
9C9B              		ASSERT $ <= second_address_8+44
9C9B              		DS second_address_8+44-$
9C9C              	        SECOND 8
9C9C              		ASSERT $ == second_address_9
9C9C              		IF ((9)>>7) & 1
9C9C              		OUT (C),D
9C9C              		ELSE
9C9C 71           		DB 0xED,0x71
9C9E              		ENDIF
9C9E              		PULSE ((9)>>7) & 1
9C9E FD E1        		POP IY
9CA0              		IF ((9)>>6) & 1
9CA0              		OUT (C),D
9CA0              		ELSE
9CA0 71           		DB 0xED,0x71
9CA2              		ENDIF
9CA2              		PULSE ((9)>>6) & 1
9CA2 E1           		POP HL
9CA3 00           		NOP
9CA4              		IF ((9)>>5) & 1
9CA4              		OUT (C),D
9CA4              		ELSE
9CA4 71           		DB 0xED,0x71
9CA6              		ENDIF
9CA6              		PULSE ((9)>>5) & 1
9CA6 7D           		LD A,L
9CA7 E6 3F        		AND 63
9CA9 5F           		LD E,A
9CAA              		IF ((9)>>4) & 1
9CAA              		OUT (C),D
9CAA              		ELSE
9CAA 71           		DB 0xED,0x71
9CAC              		ENDIF
9CAC              		PULSE ((9)>>4) & 1
9CAC 7D           		LD A,L
9CAD E6 C0        		AND 192
9CAF 6F           		LD L,A
9CB0              		IF ((9)>>3) & 1
9CB0 ED 51        		OUT (C),D
9CB2              		ELSE
9CB2              		DB 0xED,0x71
9CB2              		ENDIF
9CB2              		PULSE ((9)>>3) & 1
9CB2 00           		NOP
9CB3 00           		NOP
9CB4 00           		NOP
9CB5              		IF ((9)>>2) & 1
9CB5              		OUT (C),D
9CB5              		ELSE
9CB5 71           		DB 0xED,0x71
9CB7              		ENDIF
9CB7              		PULSE ((9)>>2) & 1
9CB7 3E 00        		LD A,0
9CB9 3E 00        		LD A,0
9CBB              		IF ((9)>>1) & 1
9CBB              		OUT (C),D
9CBB              		ELSE
9CBB 71           		DB 0xED,0x71
9CBD              		ENDIF
9CBD              		PULSE ((9)>>1) & 1
9CBD 3E 00        		LD A,0
9CBF 00           		NOP
9CC0 00           		NOP
9CC1              		IF (9) & 1
9CC1 ED 51        		OUT (C),D
9CC3              		ELSE
9CC3              		DB 0xED,0x71
9CC3              		ENDIF
9CC3              		PULSE (9) & 1
9CC3 01 FE 00     		LD BC,0x00FE
9CC6 E9           		JP (HL)
9CC7              		ASSERT $ <= second_address_9+44
9CC7              		DS second_address_9+44-$
9CC8              	        SECOND 9
9CC8              		ASSERT $ == second_address_16
9CC8              		IF ((16)>>7) & 1
9CC8              		OUT (C),D
9CC8              		ELSE
9CC8 71           		DB 0xED,0x71
9CCA              		ENDIF
9CCA              		PULSE ((16)>>7) & 1
9CCA FD E1        		POP IY
9CCC              		IF ((16)>>6) & 1
9CCC              		OUT (C),D
9CCC              		ELSE
9CCC 71           		DB 0xED,0x71
9CCE              		ENDIF
9CCE              		PULSE ((16)>>6) & 1
9CCE E1           		POP HL
9CCF 00           		NOP
9CD0              		IF ((16)>>5) & 1
9CD0              		OUT (C),D
9CD0              		ELSE
9CD0 71           		DB 0xED,0x71
9CD2              		ENDIF
9CD2              		PULSE ((16)>>5) & 1
9CD2 7D           		LD A,L
9CD3 E6 3F        		AND 63
9CD5 5F           		LD E,A
9CD6              		IF ((16)>>4) & 1
9CD6 ED 51        		OUT (C),D
9CD8              		ELSE
9CD8              		DB 0xED,0x71
9CD8              		ENDIF
9CD8              		PULSE ((16)>>4) & 1
9CD8 7D           		LD A,L
9CD9 E6 C0        		AND 192
9CDB 6F           		LD L,A
9CDC              		IF ((16)>>3) & 1
9CDC              		OUT (C),D
9CDC              		ELSE
9CDC 71           		DB 0xED,0x71
9CDE              		ENDIF
9CDE              		PULSE ((16)>>3) & 1
9CDE 00           		NOP
9CDF 00           		NOP
9CE0 00           		NOP
9CE1              		IF ((16)>>2) & 1
9CE1              		OUT (C),D
9CE1              		ELSE
9CE1 71           		DB 0xED,0x71
9CE3              		ENDIF
9CE3              		PULSE ((16)>>2) & 1
9CE3 3E 00        		LD A,0
9CE5 3E 00        		LD A,0
9CE7              		IF ((16)>>1) & 1
9CE7              		OUT (C),D
9CE7              		ELSE
9CE7 71           		DB 0xED,0x71
9CE9              		ENDIF
9CE9              		PULSE ((16)>>1) & 1
9CE9 3E 00        		LD A,0
9CEB 00           		NOP
9CEC 00           		NOP
9CED              		IF (16) & 1
9CED              		OUT (C),D
9CED              		ELSE
9CED 71           		DB 0xED,0x71
9CEF              		ENDIF
9CEF              		PULSE (16) & 1
9CEF 01 FE 00     		LD BC,0x00FE
9CF2 E9           		JP (HL)
9CF3              		ASSERT $ <= second_address_16+44
9CF3              		DS second_address_16+44-$
9CF4              	        SECOND 16
9CF4              		ASSERT $ == second_address_17
9CF4              		IF ((17)>>7) & 1
9CF4              		OUT (C),D
9CF4              		ELSE
9CF4 71           		DB 0xED,0x71
9CF6              		ENDIF
9CF6              		PULSE ((17)>>7) & 1
9CF6 FD E1        		POP IY
9CF8              		IF ((17)>>6) & 1
9CF8              		OUT (C),D
9CF8              		ELSE
9CF8 71           		DB 0xED,0x71
9CFA              		ENDIF
9CFA              		PULSE ((17)>>6) & 1
9CFA E1           		POP HL
9CFB 00           		NOP
9CFC              		IF ((17)>>5) & 1
9CFC              		OUT (C),D
9CFC              		ELSE
9CFC 71           		DB 0xED,0x71
9CFE              		ENDIF
9CFE              		PULSE ((17)>>5) & 1
9CFE 7D           		LD A,L
9CFF E6 3F        		AND 63
9D01 5F           		LD E,A
9D02              		IF ((17)>>4) & 1
9D02 ED 51        		OUT (C),D
9D04              		ELSE
9D04              		DB 0xED,0x71
9D04              		ENDIF
9D04              		PULSE ((17)>>4) & 1
9D04 7D           		LD A,L
9D05 E6 C0        		AND 192
9D07 6F           		LD L,A
9D08              		IF ((17)>>3) & 1
9D08              		OUT (C),D
9D08              		ELSE
9D08 71           		DB 0xED,0x71
9D0A              		ENDIF
9D0A              		PULSE ((17)>>3) & 1
9D0A 00           		NOP
9D0B 00           		NOP
9D0C 00           		NOP
9D0D              		IF ((17)>>2) & 1
9D0D              		OUT (C),D
9D0D              		ELSE
9D0D 71           		DB 0xED,0x71
9D0F              		ENDIF
9D0F              		PULSE ((17)>>2) & 1
9D0F 3E 00        		LD A,0
9D11 3E 00        		LD A,0
9D13              		IF ((17)>>1) & 1
9D13              		OUT (C),D
9D13              		ELSE
9D13 71           		DB 0xED,0x71
9D15              		ENDIF
9D15              		PULSE ((17)>>1) & 1
9D15 3E 00        		LD A,0
9D17 00           		NOP
9D18 00           		NOP
9D19              		IF (17) & 1
9D19 ED 51        		OUT (C),D
9D1B              		ELSE
9D1B              		DB 0xED,0x71
9D1B              		ENDIF
9D1B              		PULSE (17) & 1
9D1B 01 FE 00     		LD BC,0x00FE
9D1E E9           		JP (HL)
9D1F              		ASSERT $ <= second_address_17+44
9D1F              		DS second_address_17+44-$
9D20              	        SECOND 17
9D20              		ASSERT $ == second_address_18
9D20              		IF ((18)>>7) & 1
9D20              		OUT (C),D
9D20              		ELSE
9D20 71           		DB 0xED,0x71
9D22              		ENDIF
9D22              		PULSE ((18)>>7) & 1
9D22 FD E1        		POP IY
9D24              		IF ((18)>>6) & 1
9D24              		OUT (C),D
9D24              		ELSE
9D24 71           		DB 0xED,0x71
9D26              		ENDIF
9D26              		PULSE ((18)>>6) & 1
9D26 E1           		POP HL
9D27 00           		NOP
9D28              		IF ((18)>>5) & 1
9D28              		OUT (C),D
9D28              		ELSE
9D28 71           		DB 0xED,0x71
9D2A              		ENDIF
9D2A              		PULSE ((18)>>5) & 1
9D2A 7D           		LD A,L
9D2B E6 3F        		AND 63
9D2D 5F           		LD E,A
9D2E              		IF ((18)>>4) & 1
9D2E ED 51        		OUT (C),D
9D30              		ELSE
9D30              		DB 0xED,0x71
9D30              		ENDIF
9D30              		PULSE ((18)>>4) & 1
9D30 7D           		LD A,L
9D31 E6 C0        		AND 192
9D33 6F           		LD L,A
9D34              		IF ((18)>>3) & 1
9D34              		OUT (C),D
9D34              		ELSE
9D34 71           		DB 0xED,0x71
9D36              		ENDIF
9D36              		PULSE ((18)>>3) & 1
9D36 00           		NOP
9D37 00           		NOP
9D38 00           		NOP
9D39              		IF ((18)>>2) & 1
9D39              		OUT (C),D
9D39              		ELSE
9D39 71           		DB 0xED,0x71
9D3B              		ENDIF
9D3B              		PULSE ((18)>>2) & 1
9D3B 3E 00        		LD A,0
9D3D 3E 00        		LD A,0
9D3F              		IF ((18)>>1) & 1
9D3F ED 51        		OUT (C),D
9D41              		ELSE
9D41              		DB 0xED,0x71
9D41              		ENDIF
9D41              		PULSE ((18)>>1) & 1
9D41 3E 00        		LD A,0
9D43 00           		NOP
9D44 00           		NOP
9D45              		IF (18) & 1
9D45              		OUT (C),D
9D45              		ELSE
9D45 71           		DB 0xED,0x71
9D47              		ENDIF
9D47              		PULSE (18) & 1
9D47 01 FE 00     		LD BC,0x00FE
9D4A E9           		JP (HL)
9D4B              		ASSERT $ <= second_address_18+44
9D4B              		DS second_address_18+44-$
9D4C              	        SECOND 18
9D4C              		ASSERT $ == second_address_20
9D4C              		IF ((20)>>7) & 1
9D4C              		OUT (C),D
9D4C              		ELSE
9D4C 71           		DB 0xED,0x71
9D4E              		ENDIF
9D4E              		PULSE ((20)>>7) & 1
9D4E FD E1        		POP IY
9D50              		IF ((20)>>6) & 1
9D50              		OUT (C),D
9D50              		ELSE
9D50 71           		DB 0xED,0x71
9D52              		ENDIF
9D52              		PULSE ((20)>>6) & 1
9D52 E1           		POP HL
9D53 00           		NOP
9D54              		IF ((20)>>5) & 1
9D54              		OUT (C),D
9D54              		ELSE
9D54 71           		DB 0xED,0x71
9D56              		ENDIF
9D56              		PULSE ((20)>>5) & 1
9D56 7D           		LD A,L
9D57 E6 3F        		AND 63
9D59 5F           		LD E,A
9D5A              		IF ((20)>>4) & 1
9D5A ED 51        		OUT (C),D
9D5C              		ELSE
9D5C              		DB 0xED,0x71
9D5C              		ENDIF
9D5C              		PULSE ((20)>>4) & 1
9D5C 7D           		LD A,L
9D5D E6 C0        		AND 192
9D5F 6F           		LD L,A
9D60              		IF ((20)>>3) & 1
9D60              		OUT (C),D
9D60              		ELSE
9D60 71           		DB 0xED,0x71
9D62              		ENDIF
9D62              		PULSE ((20)>>3) & 1
9D62 00           		NOP
9D63 00           		NOP
9D64 00           		NOP
9D65              		IF ((20)>>2) & 1
9D65 ED 51        		OUT (C),D
9D67              		ELSE
9D67              		DB 0xED,0x71
9D67              		ENDIF
9D67              		PULSE ((20)>>2) & 1
9D67 3E 00        		LD A,0
9D69 3E 00        		LD A,0
9D6B              		IF ((20)>>1) & 1
9D6B              		OUT (C),D
9D6B              		ELSE
9D6B 71           		DB 0xED,0x71
9D6D              		ENDIF
9D6D              		PULSE ((20)>>1) & 1
9D6D 3E 00        		LD A,0
9D6F 00           		NOP
9D70 00           		NOP
9D71              		IF (20) & 1
9D71              		OUT (C),D
9D71              		ELSE
9D71 71           		DB 0xED,0x71
9D73              		ENDIF
9D73              		PULSE (20) & 1
9D73 01 FE 00     		LD BC,0x00FE
9D76 E9           		JP (HL)
9D77              		ASSERT $ <= second_address_20+44
9D77              		DS second_address_20+44-$
9D78              	        SECOND 20
9D78              		ASSERT $ == second_address_32
9D78              		IF ((32)>>7) & 1
9D78              		OUT (C),D
9D78              		ELSE
9D78 71           		DB 0xED,0x71
9D7A              		ENDIF
9D7A              		PULSE ((32)>>7) & 1
9D7A FD E1        		POP IY
9D7C              		IF ((32)>>6) & 1
9D7C              		OUT (C),D
9D7C              		ELSE
9D7C 71           		DB 0xED,0x71
9D7E              		ENDIF
9D7E              		PULSE ((32)>>6) & 1
9D7E E1           		POP HL
9D7F 00           		NOP
9D80              		IF ((32)>>5) & 1
9D80 ED 51        		OUT (C),D
9D82              		ELSE
9D82              		DB 0xED,0x71
9D82              		ENDIF
9D82              		PULSE ((32)>>5) & 1
9D82 7D           		LD A,L
9D83 E6 3F        		AND 63
9D85 5F           		LD E,A
9D86              		IF ((32)>>4) & 1
9D86              		OUT (C),D
9D86              		ELSE
9D86 71           		DB 0xED,0x71
9D88              		ENDIF
9D88              		PULSE ((32)>>4) & 1
9D88 7D           		LD A,L
9D89 E6 C0        		AND 192
9D8B 6F           		LD L,A
9D8C              		IF ((32)>>3) & 1
9D8C              		OUT (C),D
9D8C              		ELSE
9D8C 71           		DB 0xED,0x71
9D8E              		ENDIF
9D8E              		PULSE ((32)>>3) & 1
9D8E 00           		NOP
9D8F 00           		NOP
9D90 00           		NOP
9D91              		IF ((32)>>2) & 1
9D91              		OUT (C),D
9D91              		ELSE
9D91 71           		DB 0xED,0x71
9D93              		ENDIF
9D93              		PULSE ((32)>>2) & 1
9D93 3E 00        		LD A,0
9D95 3E 00        		LD A,0
9D97              		IF ((32)>>1) & 1
9D97              		OUT (C),D
9D97              		ELSE
9D97 71           		DB 0xED,0x71
9D99              		ENDIF
9D99              		PULSE ((32)>>1) & 1
9D99 3E 00        		LD A,0
9D9B 00           		NOP
9D9C 00           		NOP
9D9D              		IF (32) & 1
9D9D              		OUT (C),D
9D9D              		ELSE
9D9D 71           		DB 0xED,0x71
9D9F              		ENDIF
9D9F              		PULSE (32) & 1
9D9F 01 FE 00     		LD BC,0x00FE
9DA2 E9           		JP (HL)
9DA3              		ASSERT $ <= second_address_32+44
9DA3              		DS second_address_32+44-$
9DA4              	        SECOND 32
9DA4              		ASSERT $ == second_address_33
9DA4              		IF ((33)>>7) & 1
9DA4              		OUT (C),D
9DA4              		ELSE
9DA4 71           		DB 0xED,0x71
9DA6              		ENDIF
9DA6              		PULSE ((33)>>7) & 1
9DA6 FD E1        		POP IY
9DA8              		IF ((33)>>6) & 1
9DA8              		OUT (C),D
9DA8              		ELSE
9DA8 71           		DB 0xED,0x71
9DAA              		ENDIF
9DAA              		PULSE ((33)>>6) & 1
9DAA E1           		POP HL
9DAB 00           		NOP
9DAC              		IF ((33)>>5) & 1
9DAC ED 51        		OUT (C),D
9DAE              		ELSE
9DAE              		DB 0xED,0x71
9DAE              		ENDIF
9DAE              		PULSE ((33)>>5) & 1
9DAE 7D           		LD A,L
9DAF E6 3F        		AND 63
9DB1 5F           		LD E,A
9DB2              		IF ((33)>>4) & 1
9DB2              		OUT (C),D
9DB2              		ELSE
9DB2 71           		DB 0xED,0x71
9DB4              		ENDIF
9DB4              		PULSE ((33)>>4) & 1
9DB4 7D           		LD A,L
9DB5 E6 C0        		AND 192
9DB7 6F           		LD L,A
9DB8              		IF ((33)>>3) & 1
9DB8              		OUT (C),D
9DB8              		ELSE
9DB8 71           		DB 0xED,0x71
9DBA              		ENDIF
9DBA              		PULSE ((33)>>3) & 1
9DBA 00           		NOP
9DBB 00           		NOP
9DBC 00           		NOP
9DBD              		IF ((33)>>2) & 1
9DBD              		OUT (C),D
9DBD              		ELSE
9DBD 71           		DB 0xED,0x71
9DBF              		ENDIF
9DBF              		PULSE ((33)>>2) & 1
9DBF 3E 00        		LD A,0
9DC1 3E 00        		LD A,0
9DC3              		IF ((33)>>1) & 1
9DC3              		OUT (C),D
9DC3              		ELSE
9DC3 71           		DB 0xED,0x71
9DC5              		ENDIF
9DC5              		PULSE ((33)>>1) & 1
9DC5 3E 00        		LD A,0
9DC7 00           		NOP
9DC8 00           		NOP
9DC9              		IF (33) & 1
9DC9 ED 51        		OUT (C),D
9DCB              		ELSE
9DCB              		DB 0xED,0x71
9DCB              		ENDIF
9DCB              		PULSE (33) & 1
9DCB 01 FE 00     		LD BC,0x00FE
9DCE E9           		JP (HL)
9DCF              		ASSERT $ <= second_address_33+44
9DCF              		DS second_address_33+44-$
9DD0              	        SECOND 33
9DD0              		ASSERT $ == second_address_34
9DD0              		IF ((34)>>7) & 1
9DD0              		OUT (C),D
9DD0              		ELSE
9DD0 71           		DB 0xED,0x71
9DD2              		ENDIF
9DD2              		PULSE ((34)>>7) & 1
9DD2 FD E1        		POP IY
9DD4              		IF ((34)>>6) & 1
9DD4              		OUT (C),D
9DD4              		ELSE
9DD4 71           		DB 0xED,0x71
9DD6              		ENDIF
9DD6              		PULSE ((34)>>6) & 1
9DD6 E1           		POP HL
9DD7 00           		NOP
9DD8              		IF ((34)>>5) & 1
9DD8 ED 51        		OUT (C),D
9DDA              		ELSE
9DDA              		DB 0xED,0x71
9DDA              		ENDIF
9DDA              		PULSE ((34)>>5) & 1
9DDA 7D           		LD A,L
9DDB E6 3F        		AND 63
9DDD 5F           		LD E,A
9DDE              		IF ((34)>>4) & 1
9DDE              		OUT (C),D
9DDE              		ELSE
9DDE 71           		DB 0xED,0x71
9DE0              		ENDIF
9DE0              		PULSE ((34)>>4) & 1
9DE0 7D           		LD A,L
9DE1 E6 C0        		AND 192
9DE3 6F           		LD L,A
9DE4              		IF ((34)>>3) & 1
9DE4              		OUT (C),D
9DE4              		ELSE
9DE4 71           		DB 0xED,0x71
9DE6              		ENDIF
9DE6              		PULSE ((34)>>3) & 1
9DE6 00           		NOP
9DE7 00           		NOP
9DE8 00           		NOP
9DE9              		IF ((34)>>2) & 1
9DE9              		OUT (C),D
9DE9              		ELSE
9DE9 71           		DB 0xED,0x71
9DEB              		ENDIF
9DEB              		PULSE ((34)>>2) & 1
9DEB 3E 00        		LD A,0
9DED 3E 00        		LD A,0
9DEF              		IF ((34)>>1) & 1
9DEF ED 51        		OUT (C),D
9DF1              		ELSE
9DF1              		DB 0xED,0x71
9DF1              		ENDIF
9DF1              		PULSE ((34)>>1) & 1
9DF1 3E 00        		LD A,0
9DF3 00           		NOP
9DF4 00           		NOP
9DF5              		IF (34) & 1
9DF5              		OUT (C),D
9DF5              		ELSE
9DF5 71           		DB 0xED,0x71
9DF7              		ENDIF
9DF7              		PULSE (34) & 1
9DF7 01 FE 00     		LD BC,0x00FE
9DFA E9           		JP (HL)
9DFB              		ASSERT $ <= second_address_34+44
9DFB              		DS second_address_34+44-$
9DFC              	        SECOND 34
9DFC              		ASSERT $ == second_address_36
9DFC              		IF ((36)>>7) & 1
9DFC              		OUT (C),D
9DFC              		ELSE
9DFC 71           		DB 0xED,0x71
9DFE              		ENDIF
9DFE              		PULSE ((36)>>7) & 1
9DFE FD E1        		POP IY
9E00              		IF ((36)>>6) & 1
9E00              		OUT (C),D
9E00              		ELSE
9E00 71           		DB 0xED,0x71
9E02              		ENDIF
9E02              		PULSE ((36)>>6) & 1
9E02 E1           		POP HL
9E03 00           		NOP
9E04              		IF ((36)>>5) & 1
9E04 ED 51        		OUT (C),D
9E06              		ELSE
9E06              		DB 0xED,0x71
9E06              		ENDIF
9E06              		PULSE ((36)>>5) & 1
9E06 7D           		LD A,L
9E07 E6 3F        		AND 63
9E09 5F           		LD E,A
9E0A              		IF ((36)>>4) & 1
9E0A              		OUT (C),D
9E0A              		ELSE
9E0A 71           		DB 0xED,0x71
9E0C              		ENDIF
9E0C              		PULSE ((36)>>4) & 1
9E0C 7D           		LD A,L
9E0D E6 C0        		AND 192
9E0F 6F           		LD L,A
9E10              		IF ((36)>>3) & 1
9E10              		OUT (C),D
9E10              		ELSE
9E10 71           		DB 0xED,0x71
9E12              		ENDIF
9E12              		PULSE ((36)>>3) & 1
9E12 00           		NOP
9E13 00           		NOP
9E14 00           		NOP
9E15              		IF ((36)>>2) & 1
9E15 ED 51        		OUT (C),D
9E17              		ELSE
9E17              		DB 0xED,0x71
9E17              		ENDIF
9E17              		PULSE ((36)>>2) & 1
9E17 3E 00        		LD A,0
9E19 3E 00        		LD A,0
9E1B              		IF ((36)>>1) & 1
9E1B              		OUT (C),D
9E1B              		ELSE
9E1B 71           		DB 0xED,0x71
9E1D              		ENDIF
9E1D              		PULSE ((36)>>1) & 1
9E1D 3E 00        		LD A,0
9E1F 00           		NOP
9E20 00           		NOP
9E21              		IF (36) & 1
9E21              		OUT (C),D
9E21              		ELSE
9E21 71           		DB 0xED,0x71
9E23              		ENDIF
9E23              		PULSE (36) & 1
9E23 01 FE 00     		LD BC,0x00FE
9E26 E9           		JP (HL)
9E27              		ASSERT $ <= second_address_36+44
9E27              		DS second_address_36+44-$
9E28              	        SECOND 36
9E28              		ASSERT $ == second_address_37
9E28              		IF ((37)>>7) & 1
9E28              		OUT (C),D
9E28              		ELSE
9E28 71           		DB 0xED,0x71
9E2A              		ENDIF
9E2A              		PULSE ((37)>>7) & 1
9E2A FD E1        		POP IY
9E2C              		IF ((37)>>6) & 1
9E2C              		OUT (C),D
9E2C              		ELSE
9E2C 71           		DB 0xED,0x71
9E2E              		ENDIF
9E2E              		PULSE ((37)>>6) & 1
9E2E E1           		POP HL
9E2F 00           		NOP
9E30              		IF ((37)>>5) & 1
9E30 ED 51        		OUT (C),D
9E32              		ELSE
9E32              		DB 0xED,0x71
9E32              		ENDIF
9E32              		PULSE ((37)>>5) & 1
9E32 7D           		LD A,L
9E33 E6 3F        		AND 63
9E35 5F           		LD E,A
9E36              		IF ((37)>>4) & 1
9E36              		OUT (C),D
9E36              		ELSE
9E36 71           		DB 0xED,0x71
9E38              		ENDIF
9E38              		PULSE ((37)>>4) & 1
9E38 7D           		LD A,L
9E39 E6 C0        		AND 192
9E3B 6F           		LD L,A
9E3C              		IF ((37)>>3) & 1
9E3C              		OUT (C),D
9E3C              		ELSE
9E3C 71           		DB 0xED,0x71
9E3E              		ENDIF
9E3E              		PULSE ((37)>>3) & 1
9E3E 00           		NOP
9E3F 00           		NOP
9E40 00           		NOP
9E41              		IF ((37)>>2) & 1
9E41 ED 51        		OUT (C),D
9E43              		ELSE
9E43              		DB 0xED,0x71
9E43              		ENDIF
9E43              		PULSE ((37)>>2) & 1
9E43 3E 00        		LD A,0
9E45 3E 00        		LD A,0
9E47              		IF ((37)>>1) & 1
9E47              		OUT (C),D
9E47              		ELSE
9E47 71           		DB 0xED,0x71
9E49              		ENDIF
9E49              		PULSE ((37)>>1) & 1
9E49 3E 00        		LD A,0
9E4B 00           		NOP
9E4C 00           		NOP
9E4D              		IF (37) & 1
9E4D ED 51        		OUT (C),D
9E4F              		ELSE
9E4F              		DB 0xED,0x71
9E4F              		ENDIF
9E4F              		PULSE (37) & 1
9E4F 01 FE 00     		LD BC,0x00FE
9E52 E9           		JP (HL)
9E53              		ASSERT $ <= second_address_37+44
9E53              		DS second_address_37+44-$
9E54              	        SECOND 37
9E54              		ASSERT $ == second_address_40
9E54              		IF ((40)>>7) & 1
9E54              		OUT (C),D
9E54              		ELSE
9E54 71           		DB 0xED,0x71
9E56              		ENDIF
9E56              		PULSE ((40)>>7) & 1
9E56 FD E1        		POP IY
9E58              		IF ((40)>>6) & 1
9E58              		OUT (C),D
9E58              		ELSE
9E58 71           		DB 0xED,0x71
9E5A              		ENDIF
9E5A              		PULSE ((40)>>6) & 1
9E5A E1           		POP HL
9E5B 00           		NOP
9E5C              		IF ((40)>>5) & 1
9E5C ED 51        		OUT (C),D
9E5E              		ELSE
9E5E              		DB 0xED,0x71
9E5E              		ENDIF
9E5E              		PULSE ((40)>>5) & 1
9E5E 7D           		LD A,L
9E5F E6 3F        		AND 63
9E61 5F           		LD E,A
9E62              		IF ((40)>>4) & 1
9E62              		OUT (C),D
9E62              		ELSE
9E62 71           		DB 0xED,0x71
9E64              		ENDIF
9E64              		PULSE ((40)>>4) & 1
9E64 7D           		LD A,L
9E65 E6 C0        		AND 192
9E67 6F           		LD L,A
9E68              		IF ((40)>>3) & 1
9E68 ED 51        		OUT (C),D
9E6A              		ELSE
9E6A              		DB 0xED,0x71
9E6A              		ENDIF
9E6A              		PULSE ((40)>>3) & 1
9E6A 00           		NOP
9E6B 00           		NOP
9E6C 00           		NOP
9E6D              		IF ((40)>>2) & 1
9E6D              		OUT (C),D
9E6D              		ELSE
9E6D 71           		DB 0xED,0x71
9E6F              		ENDIF
9E6F              		PULSE ((40)>>2) & 1
9E6F 3E 00        		LD A,0
9E71 3E 00        		LD A,0
9E73              		IF ((40)>>1) & 1
9E73              		OUT (C),D
9E73              		ELSE
9E73 71           		DB 0xED,0x71
9E75              		ENDIF
9E75              		PULSE ((40)>>1) & 1
9E75 3E 00        		LD A,0
9E77 00           		NOP
9E78 00           		NOP
9E79              		IF (40) & 1
9E79              		OUT (C),D
9E79              		ELSE
9E79 71           		DB 0xED,0x71
9E7B              		ENDIF
9E7B              		PULSE (40) & 1
9E7B 01 FE 00     		LD BC,0x00FE
9E7E E9           		JP (HL)
9E7F              		ASSERT $ <= second_address_40+44
9E7F              		DS second_address_40+44-$
9E80              	        SECOND 40
9E80              		ASSERT $ == second_address_41
9E80              		IF ((41)>>7) & 1
9E80              		OUT (C),D
9E80              		ELSE
9E80 71           		DB 0xED,0x71
9E82              		ENDIF
9E82              		PULSE ((41)>>7) & 1
9E82 FD E1        		POP IY
9E84              		IF ((41)>>6) & 1
9E84              		OUT (C),D
9E84              		ELSE
9E84 71           		DB 0xED,0x71
9E86              		ENDIF
9E86              		PULSE ((41)>>6) & 1
9E86 E1           		POP HL
9E87 00           		NOP
9E88              		IF ((41)>>5) & 1
9E88 ED 51        		OUT (C),D
9E8A              		ELSE
9E8A              		DB 0xED,0x71
9E8A              		ENDIF
9E8A              		PULSE ((41)>>5) & 1
9E8A 7D           		LD A,L
9E8B E6 3F        		AND 63
9E8D 5F           		LD E,A
9E8E              		IF ((41)>>4) & 1
9E8E              		OUT (C),D
9E8E              		ELSE
9E8E 71           		DB 0xED,0x71
9E90              		ENDIF
9E90              		PULSE ((41)>>4) & 1
9E90 7D           		LD A,L
9E91 E6 C0        		AND 192
9E93 6F           		LD L,A
9E94              		IF ((41)>>3) & 1
9E94 ED 51        		OUT (C),D
9E96              		ELSE
9E96              		DB 0xED,0x71
9E96              		ENDIF
9E96              		PULSE ((41)>>3) & 1
9E96 00           		NOP
9E97 00           		NOP
9E98 00           		NOP
9E99              		IF ((41)>>2) & 1
9E99              		OUT (C),D
9E99              		ELSE
9E99 71           		DB 0xED,0x71
9E9B              		ENDIF
9E9B              		PULSE ((41)>>2) & 1
9E9B 3E 00        		LD A,0
9E9D 3E 00        		LD A,0
9E9F              		IF ((41)>>1) & 1
9E9F              		OUT (C),D
9E9F              		ELSE
9E9F 71           		DB 0xED,0x71
9EA1              		ENDIF
9EA1              		PULSE ((41)>>1) & 1
9EA1 3E 00        		LD A,0
9EA3 00           		NOP
9EA4 00           		NOP
9EA5              		IF (41) & 1
9EA5 ED 51        		OUT (C),D
9EA7              		ELSE
9EA7              		DB 0xED,0x71
9EA7              		ENDIF
9EA7              		PULSE (41) & 1
9EA7 01 FE 00     		LD BC,0x00FE
9EAA E9           		JP (HL)
9EAB              		ASSERT $ <= second_address_41+44
9EAB              		DS second_address_41+44-$
9EAC              	        SECOND 41
9EAC              		ASSERT $ == second_address_42
9EAC              		IF ((42)>>7) & 1
9EAC              		OUT (C),D
9EAC              		ELSE
9EAC 71           		DB 0xED,0x71
9EAE              		ENDIF
9EAE              		PULSE ((42)>>7) & 1
9EAE FD E1        		POP IY
9EB0              		IF ((42)>>6) & 1
9EB0              		OUT (C),D
9EB0              		ELSE
9EB0 71           		DB 0xED,0x71
9EB2              		ENDIF
9EB2              		PULSE ((42)>>6) & 1
9EB2 E1           		POP HL
9EB3 00           		NOP
9EB4              		IF ((42)>>5) & 1
9EB4 ED 51        		OUT (C),D
9EB6              		ELSE
9EB6              		DB 0xED,0x71
9EB6              		ENDIF
9EB6              		PULSE ((42)>>5) & 1
9EB6 7D           		LD A,L
9EB7 E6 3F        		AND 63
9EB9 5F           		LD E,A
9EBA              		IF ((42)>>4) & 1
9EBA              		OUT (C),D
9EBA              		ELSE
9EBA 71           		DB 0xED,0x71
9EBC              		ENDIF
9EBC              		PULSE ((42)>>4) & 1
9EBC 7D           		LD A,L
9EBD E6 C0        		AND 192
9EBF 6F           		LD L,A
9EC0              		IF ((42)>>3) & 1
9EC0 ED 51        		OUT (C),D
9EC2              		ELSE
9EC2              		DB 0xED,0x71
9EC2              		ENDIF
9EC2              		PULSE ((42)>>3) & 1
9EC2 00           		NOP
9EC3 00           		NOP
9EC4 00           		NOP
9EC5              		IF ((42)>>2) & 1
9EC5              		OUT (C),D
9EC5              		ELSE
9EC5 71           		DB 0xED,0x71
9EC7              		ENDIF
9EC7              		PULSE ((42)>>2) & 1
9EC7 3E 00        		LD A,0
9EC9 3E 00        		LD A,0
9ECB              		IF ((42)>>1) & 1
9ECB ED 51        		OUT (C),D
9ECD              		ELSE
9ECD              		DB 0xED,0x71
9ECD              		ENDIF
9ECD              		PULSE ((42)>>1) & 1
9ECD 3E 00        		LD A,0
9ECF 00           		NOP
9ED0 00           		NOP
9ED1              		IF (42) & 1
9ED1              		OUT (C),D
9ED1              		ELSE
9ED1 71           		DB 0xED,0x71
9ED3              		ENDIF
9ED3              		PULSE (42) & 1
9ED3 01 FE 00     		LD BC,0x00FE
9ED6 E9           		JP (HL)
9ED7              		ASSERT $ <= second_address_42+44
9ED7              		DS second_address_42+44-$
9ED8              	        SECOND 42
9ED8              		ASSERT $ == second_address_44
9ED8              		IF ((44)>>7) & 1
9ED8              		OUT (C),D
9ED8              		ELSE
9ED8 71           		DB 0xED,0x71
9EDA              		ENDIF
9EDA              		PULSE ((44)>>7) & 1
9EDA FD E1        		POP IY
9EDC              		IF ((44)>>6) & 1
9EDC              		OUT (C),D
9EDC              		ELSE
9EDC 71           		DB 0xED,0x71
9EDE              		ENDIF
9EDE              		PULSE ((44)>>6) & 1
9EDE E1           		POP HL
9EDF 00           		NOP
9EE0              		IF ((44)>>5) & 1
9EE0 ED 51        		OUT (C),D
9EE2              		ELSE
9EE2              		DB 0xED,0x71
9EE2              		ENDIF
9EE2              		PULSE ((44)>>5) & 1
9EE2 7D           		LD A,L
9EE3 E6 3F        		AND 63
9EE5 5F           		LD E,A
9EE6              		IF ((44)>>4) & 1
9EE6              		OUT (C),D
9EE6              		ELSE
9EE6 71           		DB 0xED,0x71
9EE8              		ENDIF
9EE8              		PULSE ((44)>>4) & 1
9EE8 7D           		LD A,L
9EE9 E6 C0        		AND 192
9EEB 6F           		LD L,A
9EEC              		IF ((44)>>3) & 1
9EEC ED 51        		OUT (C),D
9EEE              		ELSE
9EEE              		DB 0xED,0x71
9EEE              		ENDIF
9EEE              		PULSE ((44)>>3) & 1
9EEE 00           		NOP
9EEF 00           		NOP
9EF0 00           		NOP
9EF1              		IF ((44)>>2) & 1
9EF1 ED 51        		OUT (C),D
9EF3              		ELSE
9EF3              		DB 0xED,0x71
9EF3              		ENDIF
9EF3              		PULSE ((44)>>2) & 1
9EF3 3E 00        		LD A,0
9EF5 3E 00        		LD A,0
9EF7              		IF ((44)>>1) & 1
9EF7              		OUT (C),D
9EF7              		ELSE
9EF7 71           		DB 0xED,0x71
9EF9              		ENDIF
9EF9              		PULSE ((44)>>1) & 1
9EF9 3E 00        		LD A,0
9EFB 00           		NOP
9EFC 00           		NOP
9EFD              		IF (44) & 1
9EFD              		OUT (C),D
9EFD              		ELSE
9EFD 71           		DB 0xED,0x71
9EFF              		ENDIF
9EFF              		PULSE (44) & 1
9EFF 01 FE 00     		LD BC,0x00FE
9F02 E9           		JP (HL)
9F03              		ASSERT $ <= second_address_44+44
9F03              		DS second_address_44+44-$
9F04              	        SECOND 44
9F04              		ASSERT $ == second_address_45
9F04              		IF ((45)>>7) & 1
9F04              		OUT (C),D
9F04              		ELSE
9F04 71           		DB 0xED,0x71
9F06              		ENDIF
9F06              		PULSE ((45)>>7) & 1
9F06 FD E1        		POP IY
9F08              		IF ((45)>>6) & 1
9F08              		OUT (C),D
9F08              		ELSE
9F08 71           		DB 0xED,0x71
9F0A              		ENDIF
9F0A              		PULSE ((45)>>6) & 1
9F0A E1           		POP HL
9F0B 00           		NOP
9F0C              		IF ((45)>>5) & 1
9F0C ED 51        		OUT (C),D
9F0E              		ELSE
9F0E              		DB 0xED,0x71
9F0E              		ENDIF
9F0E              		PULSE ((45)>>5) & 1
9F0E 7D           		LD A,L
9F0F E6 3F        		AND 63
9F11 5F           		LD E,A
9F12              		IF ((45)>>4) & 1
9F12              		OUT (C),D
9F12              		ELSE
9F12 71           		DB 0xED,0x71
9F14              		ENDIF
9F14              		PULSE ((45)>>4) & 1
9F14 7D           		LD A,L
9F15 E6 C0        		AND 192
9F17 6F           		LD L,A
9F18              		IF ((45)>>3) & 1
9F18 ED 51        		OUT (C),D
9F1A              		ELSE
9F1A              		DB 0xED,0x71
9F1A              		ENDIF
9F1A              		PULSE ((45)>>3) & 1
9F1A 00           		NOP
9F1B 00           		NOP
9F1C 00           		NOP
9F1D              		IF ((45)>>2) & 1
9F1D ED 51        		OUT (C),D
9F1F              		ELSE
9F1F              		DB 0xED,0x71
9F1F              		ENDIF
9F1F              		PULSE ((45)>>2) & 1
9F1F 3E 00        		LD A,0
9F21 3E 00        		LD A,0
9F23              		IF ((45)>>1) & 1
9F23              		OUT (C),D
9F23              		ELSE
9F23 71           		DB 0xED,0x71
9F25              		ENDIF
9F25              		PULSE ((45)>>1) & 1
9F25 3E 00        		LD A,0
9F27 00           		NOP
9F28 00           		NOP
9F29              		IF (45) & 1
9F29 ED 51        		OUT (C),D
9F2B              		ELSE
9F2B              		DB 0xED,0x71
9F2B              		ENDIF
9F2B              		PULSE (45) & 1
9F2B 01 FE 00     		LD BC,0x00FE
9F2E E9           		JP (HL)
9F2F              		ASSERT $ <= second_address_45+44
9F2F              		DS second_address_45+44-$
9F30              	        SECOND 45
9F30              		ASSERT $ == second_address_50
9F30              		IF ((50)>>7) & 1
9F30              		OUT (C),D
9F30              		ELSE
9F30 71           		DB 0xED,0x71
9F32              		ENDIF
9F32              		PULSE ((50)>>7) & 1
9F32 FD E1        		POP IY
9F34              		IF ((50)>>6) & 1
9F34              		OUT (C),D
9F34              		ELSE
9F34 71           		DB 0xED,0x71
9F36              		ENDIF
9F36              		PULSE ((50)>>6) & 1
9F36 E1           		POP HL
9F37 00           		NOP
9F38              		IF ((50)>>5) & 1
9F38 ED 51        		OUT (C),D
9F3A              		ELSE
9F3A              		DB 0xED,0x71
9F3A              		ENDIF
9F3A              		PULSE ((50)>>5) & 1
9F3A 7D           		LD A,L
9F3B E6 3F        		AND 63
9F3D 5F           		LD E,A
9F3E              		IF ((50)>>4) & 1
9F3E ED 51        		OUT (C),D
9F40              		ELSE
9F40              		DB 0xED,0x71
9F40              		ENDIF
9F40              		PULSE ((50)>>4) & 1
9F40 7D           		LD A,L
9F41 E6 C0        		AND 192
9F43 6F           		LD L,A
9F44              		IF ((50)>>3) & 1
9F44              		OUT (C),D
9F44              		ELSE
9F44 71           		DB 0xED,0x71
9F46              		ENDIF
9F46              		PULSE ((50)>>3) & 1
9F46 00           		NOP
9F47 00           		NOP
9F48 00           		NOP
9F49              		IF ((50)>>2) & 1
9F49              		OUT (C),D
9F49              		ELSE
9F49 71           		DB 0xED,0x71
9F4B              		ENDIF
9F4B              		PULSE ((50)>>2) & 1
9F4B 3E 00        		LD A,0
9F4D 3E 00        		LD A,0
9F4F              		IF ((50)>>1) & 1
9F4F ED 51        		OUT (C),D
9F51              		ELSE
9F51              		DB 0xED,0x71
9F51              		ENDIF
9F51              		PULSE ((50)>>1) & 1
9F51 3E 00        		LD A,0
9F53 00           		NOP
9F54 00           		NOP
9F55              		IF (50) & 1
9F55              		OUT (C),D
9F55              		ELSE
9F55 71           		DB 0xED,0x71
9F57              		ENDIF
9F57              		PULSE (50) & 1
9F57 01 FE 00     		LD BC,0x00FE
9F5A E9           		JP (HL)
9F5B              		ASSERT $ <= second_address_50+44
9F5B              		DS second_address_50+44-$
9F5C              	        SECOND 50
9F5C              		ASSERT $ == second_address_51
9F5C              		IF ((51)>>7) & 1
9F5C              		OUT (C),D
9F5C              		ELSE
9F5C 71           		DB 0xED,0x71
9F5E              		ENDIF
9F5E              		PULSE ((51)>>7) & 1
9F5E FD E1        		POP IY
9F60              		IF ((51)>>6) & 1
9F60              		OUT (C),D
9F60              		ELSE
9F60 71           		DB 0xED,0x71
9F62              		ENDIF
9F62              		PULSE ((51)>>6) & 1
9F62 E1           		POP HL
9F63 00           		NOP
9F64              		IF ((51)>>5) & 1
9F64 ED 51        		OUT (C),D
9F66              		ELSE
9F66              		DB 0xED,0x71
9F66              		ENDIF
9F66              		PULSE ((51)>>5) & 1
9F66 7D           		LD A,L
9F67 E6 3F        		AND 63
9F69 5F           		LD E,A
9F6A              		IF ((51)>>4) & 1
9F6A ED 51        		OUT (C),D
9F6C              		ELSE
9F6C              		DB 0xED,0x71
9F6C              		ENDIF
9F6C              		PULSE ((51)>>4) & 1
9F6C 7D           		LD A,L
9F6D E6 C0        		AND 192
9F6F 6F           		LD L,A
9F70              		IF ((51)>>3) & 1
9F70              		OUT (C),D
9F70              		ELSE
9F70 71           		DB 0xED,0x71
9F72              		ENDIF
9F72              		PULSE ((51)>>3) & 1
9F72 00           		NOP
9F73 00           		NOP
9F74 00           		NOP
9F75              		IF ((51)>>2) & 1
9F75              		OUT (C),D
9F75              		ELSE
9F75 71           		DB 0xED,0x71
9F77              		ENDIF
9F77              		PULSE ((51)>>2) & 1
9F77 3E 00        		LD A,0
9F79 3E 00        		LD A,0
9F7B              		IF ((51)>>1) & 1
9F7B ED 51        		OUT (C),D
9F7D              		ELSE
9F7D              		DB 0xED,0x71
9F7D              		ENDIF
9F7D              		PULSE ((51)>>1) & 1
9F7D 3E 00        		LD A,0
9F7F 00           		NOP
9F80 00           		NOP
9F81              		IF (51) & 1
9F81 ED 51        		OUT (C),D
9F83              		ELSE
9F83              		DB 0xED,0x71
9F83              		ENDIF
9F83              		PULSE (51) & 1
9F83 01 FE 00     		LD BC,0x00FE
9F86 E9           		JP (HL)
9F87              		ASSERT $ <= second_address_51+44
9F87              		DS second_address_51+44-$
9F88              	        SECOND 51
9F88              		ASSERT $ == second_address_53
9F88              		IF ((53)>>7) & 1
9F88              		OUT (C),D
9F88              		ELSE
9F88 71           		DB 0xED,0x71
9F8A              		ENDIF
9F8A              		PULSE ((53)>>7) & 1
9F8A FD E1        		POP IY
9F8C              		IF ((53)>>6) & 1
9F8C              		OUT (C),D
9F8C              		ELSE
9F8C 71           		DB 0xED,0x71
9F8E              		ENDIF
9F8E              		PULSE ((53)>>6) & 1
9F8E E1           		POP HL
9F8F 00           		NOP
9F90              		IF ((53)>>5) & 1
9F90 ED 51        		OUT (C),D
9F92              		ELSE
9F92              		DB 0xED,0x71
9F92              		ENDIF
9F92              		PULSE ((53)>>5) & 1
9F92 7D           		LD A,L
9F93 E6 3F        		AND 63
9F95 5F           		LD E,A
9F96              		IF ((53)>>4) & 1
9F96 ED 51        		OUT (C),D
9F98              		ELSE
9F98              		DB 0xED,0x71
9F98              		ENDIF
9F98              		PULSE ((53)>>4) & 1
9F98 7D           		LD A,L
9F99 E6 C0        		AND 192
9F9B 6F           		LD L,A
9F9C              		IF ((53)>>3) & 1
9F9C              		OUT (C),D
9F9C              		ELSE
9F9C 71           		DB 0xED,0x71
9F9E              		ENDIF
9F9E              		PULSE ((53)>>3) & 1
9F9E 00           		NOP
9F9F 00           		NOP
9FA0 00           		NOP
9FA1              		IF ((53)>>2) & 1
9FA1 ED 51        		OUT (C),D
9FA3              		ELSE
9FA3              		DB 0xED,0x71
9FA3              		ENDIF
9FA3              		PULSE ((53)>>2) & 1
9FA3 3E 00        		LD A,0
9FA5 3E 00        		LD A,0
9FA7              		IF ((53)>>1) & 1
9FA7              		OUT (C),D
9FA7              		ELSE
9FA7 71           		DB 0xED,0x71
9FA9              		ENDIF
9FA9              		PULSE ((53)>>1) & 1
9FA9 3E 00        		LD A,0
9FAB 00           		NOP
9FAC 00           		NOP
9FAD              		IF (53) & 1
9FAD ED 51        		OUT (C),D
9FAF              		ELSE
9FAF              		DB 0xED,0x71
9FAF              		ENDIF
9FAF              		PULSE (53) & 1
9FAF 01 FE 00     		LD BC,0x00FE
9FB2 E9           		JP (HL)
9FB3              		ASSERT $ <= second_address_53+44
9FB3              		DS second_address_53+44-$
9FB4              	        SECOND 53
9FB4              		ASSERT $ == second_address_64
9FB4              		IF ((64)>>7) & 1
9FB4              		OUT (C),D
9FB4              		ELSE
9FB4 71           		DB 0xED,0x71
9FB6              		ENDIF
9FB6              		PULSE ((64)>>7) & 1
9FB6 FD E1        		POP IY
9FB8              		IF ((64)>>6) & 1
9FB8 ED 51        		OUT (C),D
9FBA              		ELSE
9FBA              		DB 0xED,0x71
9FBA              		ENDIF
9FBA              		PULSE ((64)>>6) & 1
9FBA E1           		POP HL
9FBB 00           		NOP
9FBC              		IF ((64)>>5) & 1
9FBC              		OUT (C),D
9FBC              		ELSE
9FBC 71           		DB 0xED,0x71
9FBE              		ENDIF
9FBE              		PULSE ((64)>>5) & 1
9FBE 7D           		LD A,L
9FBF E6 3F        		AND 63
9FC1 5F           		LD E,A
9FC2              		IF ((64)>>4) & 1
9FC2              		OUT (C),D
9FC2              		ELSE
9FC2 71           		DB 0xED,0x71
9FC4              		ENDIF
9FC4              		PULSE ((64)>>4) & 1
9FC4 7D           		LD A,L
9FC5 E6 C0        		AND 192
9FC7 6F           		LD L,A
9FC8              		IF ((64)>>3) & 1
9FC8              		OUT (C),D
9FC8              		ELSE
9FC8 71           		DB 0xED,0x71
9FCA              		ENDIF
9FCA              		PULSE ((64)>>3) & 1
9FCA 00           		NOP
9FCB 00           		NOP
9FCC 00           		NOP
9FCD              		IF ((64)>>2) & 1
9FCD              		OUT (C),D
9FCD              		ELSE
9FCD 71           		DB 0xED,0x71
9FCF              		ENDIF
9FCF              		PULSE ((64)>>2) & 1
9FCF 3E 00        		LD A,0
9FD1 3E 00        		LD A,0
9FD3              		IF ((64)>>1) & 1
9FD3              		OUT (C),D
9FD3              		ELSE
9FD3 71           		DB 0xED,0x71
9FD5              		ENDIF
9FD5              		PULSE ((64)>>1) & 1
9FD5 3E 00        		LD A,0
9FD7 00           		NOP
9FD8 00           		NOP
9FD9              		IF (64) & 1
9FD9              		OUT (C),D
9FD9              		ELSE
9FD9 71           		DB 0xED,0x71
9FDB              		ENDIF
9FDB              		PULSE (64) & 1
9FDB 01 FE 00     		LD BC,0x00FE
9FDE E9           		JP (HL)
9FDF              		ASSERT $ <= second_address_64+44
9FDF              		DS second_address_64+44-$
9FE0              	        SECOND 64
9FE0              		ASSERT $ == second_address_65
9FE0              		IF ((65)>>7) & 1
9FE0              		OUT (C),D
9FE0              		ELSE
9FE0 71           		DB 0xED,0x71
9FE2              		ENDIF
9FE2              		PULSE ((65)>>7) & 1
9FE2 FD E1        		POP IY
9FE4              		IF ((65)>>6) & 1
9FE4 ED 51        		OUT (C),D
9FE6              		ELSE
9FE6              		DB 0xED,0x71
9FE6              		ENDIF
9FE6              		PULSE ((65)>>6) & 1
9FE6 E1           		POP HL
9FE7 00           		NOP
9FE8              		IF ((65)>>5) & 1
9FE8              		OUT (C),D
9FE8              		ELSE
9FE8 71           		DB 0xED,0x71
9FEA              		ENDIF
9FEA              		PULSE ((65)>>5) & 1
9FEA 7D           		LD A,L
9FEB E6 3F        		AND 63
9FED 5F           		LD E,A
9FEE              		IF ((65)>>4) & 1
9FEE              		OUT (C),D
9FEE              		ELSE
9FEE 71           		DB 0xED,0x71
9FF0              		ENDIF
9FF0              		PULSE ((65)>>4) & 1
9FF0 7D           		LD A,L
9FF1 E6 C0        		AND 192
9FF3 6F           		LD L,A
9FF4              		IF ((65)>>3) & 1
9FF4              		OUT (C),D
9FF4              		ELSE
9FF4 71           		DB 0xED,0x71
9FF6              		ENDIF
9FF6              		PULSE ((65)>>3) & 1
9FF6 00           		NOP
9FF7 00           		NOP
9FF8 00           		NOP
9FF9              		IF ((65)>>2) & 1
9FF9              		OUT (C),D
9FF9              		ELSE
9FF9 71           		DB 0xED,0x71
9FFB              		ENDIF
9FFB              		PULSE ((65)>>2) & 1
9FFB 3E 00        		LD A,0
9FFD 3E 00        		LD A,0
9FFF              		IF ((65)>>1) & 1
9FFF              		OUT (C),D
9FFF              		ELSE
9FFF 71           		DB 0xED,0x71
A001              		ENDIF
A001              		PULSE ((65)>>1) & 1
A001 3E 00        		LD A,0
A003 00           		NOP
A004 00           		NOP
A005              		IF (65) & 1
A005 ED 51        		OUT (C),D
A007              		ELSE
A007              		DB 0xED,0x71
A007              		ENDIF
A007              		PULSE (65) & 1
A007 01 FE 00     		LD BC,0x00FE
A00A E9           		JP (HL)
A00B              		ASSERT $ <= second_address_65+44
A00B              		DS second_address_65+44-$
A00C              	        SECOND 65
A00C              		ASSERT $ == second_address_66
A00C              		IF ((66)>>7) & 1
A00C              		OUT (C),D
A00C              		ELSE
A00C 71           		DB 0xED,0x71
A00E              		ENDIF
A00E              		PULSE ((66)>>7) & 1
A00E FD E1        		POP IY
A010              		IF ((66)>>6) & 1
A010 ED 51        		OUT (C),D
A012              		ELSE
A012              		DB 0xED,0x71
A012              		ENDIF
A012              		PULSE ((66)>>6) & 1
A012 E1           		POP HL
A013 00           		NOP
A014              		IF ((66)>>5) & 1
A014              		OUT (C),D
A014              		ELSE
A014 71           		DB 0xED,0x71
A016              		ENDIF
A016              		PULSE ((66)>>5) & 1
A016 7D           		LD A,L
A017 E6 3F        		AND 63
A019 5F           		LD E,A
A01A              		IF ((66)>>4) & 1
A01A              		OUT (C),D
A01A              		ELSE
A01A 71           		DB 0xED,0x71
A01C              		ENDIF
A01C              		PULSE ((66)>>4) & 1
A01C 7D           		LD A,L
A01D E6 C0        		AND 192
A01F 6F           		LD L,A
A020              		IF ((66)>>3) & 1
A020              		OUT (C),D
A020              		ELSE
A020 71           		DB 0xED,0x71
A022              		ENDIF
A022              		PULSE ((66)>>3) & 1
A022 00           		NOP
A023 00           		NOP
A024 00           		NOP
A025              		IF ((66)>>2) & 1
A025              		OUT (C),D
A025              		ELSE
A025 71           		DB 0xED,0x71
A027              		ENDIF
A027              		PULSE ((66)>>2) & 1
A027 3E 00        		LD A,0
A029 3E 00        		LD A,0
A02B              		IF ((66)>>1) & 1
A02B ED 51        		OUT (C),D
A02D              		ELSE
A02D              		DB 0xED,0x71
A02D              		ENDIF
A02D              		PULSE ((66)>>1) & 1
A02D 3E 00        		LD A,0
A02F 00           		NOP
A030 00           		NOP
A031              		IF (66) & 1
A031              		OUT (C),D
A031              		ELSE
A031 71           		DB 0xED,0x71
A033              		ENDIF
A033              		PULSE (66) & 1
A033 01 FE 00     		LD BC,0x00FE
A036 E9           		JP (HL)
A037              		ASSERT $ <= second_address_66+44
A037              		DS second_address_66+44-$
A038              	        SECOND 66
A038              		ASSERT $ == second_address_68
A038              		IF ((68)>>7) & 1
A038              		OUT (C),D
A038              		ELSE
A038 71           		DB 0xED,0x71
A03A              		ENDIF
A03A              		PULSE ((68)>>7) & 1
A03A FD E1        		POP IY
A03C              		IF ((68)>>6) & 1
A03C ED 51        		OUT (C),D
A03E              		ELSE
A03E              		DB 0xED,0x71
A03E              		ENDIF
A03E              		PULSE ((68)>>6) & 1
A03E E1           		POP HL
A03F 00           		NOP
A040              		IF ((68)>>5) & 1
A040              		OUT (C),D
A040              		ELSE
A040 71           		DB 0xED,0x71
A042              		ENDIF
A042              		PULSE ((68)>>5) & 1
A042 7D           		LD A,L
A043 E6 3F        		AND 63
A045 5F           		LD E,A
A046              		IF ((68)>>4) & 1
A046              		OUT (C),D
A046              		ELSE
A046 71           		DB 0xED,0x71
A048              		ENDIF
A048              		PULSE ((68)>>4) & 1
A048 7D           		LD A,L
A049 E6 C0        		AND 192
A04B 6F           		LD L,A
A04C              		IF ((68)>>3) & 1
A04C              		OUT (C),D
A04C              		ELSE
A04C 71           		DB 0xED,0x71
A04E              		ENDIF
A04E              		PULSE ((68)>>3) & 1
A04E 00           		NOP
A04F 00           		NOP
A050 00           		NOP
A051              		IF ((68)>>2) & 1
A051 ED 51        		OUT (C),D
A053              		ELSE
A053              		DB 0xED,0x71
A053              		ENDIF
A053              		PULSE ((68)>>2) & 1
A053 3E 00        		LD A,0
A055 3E 00        		LD A,0
A057              		IF ((68)>>1) & 1
A057              		OUT (C),D
A057              		ELSE
A057 71           		DB 0xED,0x71
A059              		ENDIF
A059              		PULSE ((68)>>1) & 1
A059 3E 00        		LD A,0
A05B 00           		NOP
A05C 00           		NOP
A05D              		IF (68) & 1
A05D              		OUT (C),D
A05D              		ELSE
A05D 71           		DB 0xED,0x71
A05F              		ENDIF
A05F              		PULSE (68) & 1
A05F 01 FE 00     		LD BC,0x00FE
A062 E9           		JP (HL)
A063              		ASSERT $ <= second_address_68+44
A063              		DS second_address_68+44-$
A064              	        SECOND 68
A064              		ASSERT $ == second_address_72
A064              		IF ((72)>>7) & 1
A064              		OUT (C),D
A064              		ELSE
A064 71           		DB 0xED,0x71
A066              		ENDIF
A066              		PULSE ((72)>>7) & 1
A066 FD E1        		POP IY
A068              		IF ((72)>>6) & 1
A068 ED 51        		OUT (C),D
A06A              		ELSE
A06A              		DB 0xED,0x71
A06A              		ENDIF
A06A              		PULSE ((72)>>6) & 1
A06A E1           		POP HL
A06B 00           		NOP
A06C              		IF ((72)>>5) & 1
A06C              		OUT (C),D
A06C              		ELSE
A06C 71           		DB 0xED,0x71
A06E              		ENDIF
A06E              		PULSE ((72)>>5) & 1
A06E 7D           		LD A,L
A06F E6 3F        		AND 63
A071 5F           		LD E,A
A072              		IF ((72)>>4) & 1
A072              		OUT (C),D
A072              		ELSE
A072 71           		DB 0xED,0x71
A074              		ENDIF
A074              		PULSE ((72)>>4) & 1
A074 7D           		LD A,L
A075 E6 C0        		AND 192
A077 6F           		LD L,A
A078              		IF ((72)>>3) & 1
A078 ED 51        		OUT (C),D
A07A              		ELSE
A07A              		DB 0xED,0x71
A07A              		ENDIF
A07A              		PULSE ((72)>>3) & 1
A07A 00           		NOP
A07B 00           		NOP
A07C 00           		NOP
A07D              		IF ((72)>>2) & 1
A07D              		OUT (C),D
A07D              		ELSE
A07D 71           		DB 0xED,0x71
A07F              		ENDIF
A07F              		PULSE ((72)>>2) & 1
A07F 3E 00        		LD A,0
A081 3E 00        		LD A,0
A083              		IF ((72)>>1) & 1
A083              		OUT (C),D
A083              		ELSE
A083 71           		DB 0xED,0x71
A085              		ENDIF
A085              		PULSE ((72)>>1) & 1
A085 3E 00        		LD A,0
A087 00           		NOP
A088 00           		NOP
A089              		IF (72) & 1
A089              		OUT (C),D
A089              		ELSE
A089 71           		DB 0xED,0x71
A08B              		ENDIF
A08B              		PULSE (72) & 1
A08B 01 FE 00     		LD BC,0x00FE
A08E E9           		JP (HL)
A08F              		ASSERT $ <= second_address_72+44
A08F              		DS second_address_72+44-$
A090              	        SECOND 72
A090              		ASSERT $ == second_address_73
A090              		IF ((73)>>7) & 1
A090              		OUT (C),D
A090              		ELSE
A090 71           		DB 0xED,0x71
A092              		ENDIF
A092              		PULSE ((73)>>7) & 1
A092 FD E1        		POP IY
A094              		IF ((73)>>6) & 1
A094 ED 51        		OUT (C),D
A096              		ELSE
A096              		DB 0xED,0x71
A096              		ENDIF
A096              		PULSE ((73)>>6) & 1
A096 E1           		POP HL
A097 00           		NOP
A098              		IF ((73)>>5) & 1
A098              		OUT (C),D
A098              		ELSE
A098 71           		DB 0xED,0x71
A09A              		ENDIF
A09A              		PULSE ((73)>>5) & 1
A09A 7D           		LD A,L
A09B E6 3F        		AND 63
A09D 5F           		LD E,A
A09E              		IF ((73)>>4) & 1
A09E              		OUT (C),D
A09E              		ELSE
A09E 71           		DB 0xED,0x71
A0A0              		ENDIF
A0A0              		PULSE ((73)>>4) & 1
A0A0 7D           		LD A,L
A0A1 E6 C0        		AND 192
A0A3 6F           		LD L,A
A0A4              		IF ((73)>>3) & 1
A0A4 ED 51        		OUT (C),D
A0A6              		ELSE
A0A6              		DB 0xED,0x71
A0A6              		ENDIF
A0A6              		PULSE ((73)>>3) & 1
A0A6 00           		NOP
A0A7 00           		NOP
A0A8 00           		NOP
A0A9              		IF ((73)>>2) & 1
A0A9              		OUT (C),D
A0A9              		ELSE
A0A9 71           		DB 0xED,0x71
A0AB              		ENDIF
A0AB              		PULSE ((73)>>2) & 1
A0AB 3E 00        		LD A,0
A0AD 3E 00        		LD A,0
A0AF              		IF ((73)>>1) & 1
A0AF              		OUT (C),D
A0AF              		ELSE
A0AF 71           		DB 0xED,0x71
A0B1              		ENDIF
A0B1              		PULSE ((73)>>1) & 1
A0B1 3E 00        		LD A,0
A0B3 00           		NOP
A0B4 00           		NOP
A0B5              		IF (73) & 1
A0B5 ED 51        		OUT (C),D
A0B7              		ELSE
A0B7              		DB 0xED,0x71
A0B7              		ENDIF
A0B7              		PULSE (73) & 1
A0B7 01 FE 00     		LD BC,0x00FE
A0BA E9           		JP (HL)
A0BB              		ASSERT $ <= second_address_73+44
A0BB              		DS second_address_73+44-$
A0BC              	        SECOND 73
A0BC              		ASSERT $ == second_address_74
A0BC              		IF ((74)>>7) & 1
A0BC              		OUT (C),D
A0BC              		ELSE
A0BC 71           		DB 0xED,0x71
A0BE              		ENDIF
A0BE              		PULSE ((74)>>7) & 1
A0BE FD E1        		POP IY
A0C0              		IF ((74)>>6) & 1
A0C0 ED 51        		OUT (C),D
A0C2              		ELSE
A0C2              		DB 0xED,0x71
A0C2              		ENDIF
A0C2              		PULSE ((74)>>6) & 1
A0C2 E1           		POP HL
A0C3 00           		NOP
A0C4              		IF ((74)>>5) & 1
A0C4              		OUT (C),D
A0C4              		ELSE
A0C4 71           		DB 0xED,0x71
A0C6              		ENDIF
A0C6              		PULSE ((74)>>5) & 1
A0C6 7D           		LD A,L
A0C7 E6 3F        		AND 63
A0C9 5F           		LD E,A
A0CA              		IF ((74)>>4) & 1
A0CA              		OUT (C),D
A0CA              		ELSE
A0CA 71           		DB 0xED,0x71
A0CC              		ENDIF
A0CC              		PULSE ((74)>>4) & 1
A0CC 7D           		LD A,L
A0CD E6 C0        		AND 192
A0CF 6F           		LD L,A
A0D0              		IF ((74)>>3) & 1
A0D0 ED 51        		OUT (C),D
A0D2              		ELSE
A0D2              		DB 0xED,0x71
A0D2              		ENDIF
A0D2              		PULSE ((74)>>3) & 1
A0D2 00           		NOP
A0D3 00           		NOP
A0D4 00           		NOP
A0D5              		IF ((74)>>2) & 1
A0D5              		OUT (C),D
A0D5              		ELSE
A0D5 71           		DB 0xED,0x71
A0D7              		ENDIF
A0D7              		PULSE ((74)>>2) & 1
A0D7 3E 00        		LD A,0
A0D9 3E 00        		LD A,0
A0DB              		IF ((74)>>1) & 1
A0DB ED 51        		OUT (C),D
A0DD              		ELSE
A0DD              		DB 0xED,0x71
A0DD              		ENDIF
A0DD              		PULSE ((74)>>1) & 1
A0DD 3E 00        		LD A,0
A0DF 00           		NOP
A0E0 00           		NOP
A0E1              		IF (74) & 1
A0E1              		OUT (C),D
A0E1              		ELSE
A0E1 71           		DB 0xED,0x71
A0E3              		ENDIF
A0E3              		PULSE (74) & 1
A0E3 01 FE 00     		LD BC,0x00FE
A0E6 E9           		JP (HL)
A0E7              		ASSERT $ <= second_address_74+44
A0E7              		DS second_address_74+44-$
A0E8              	        SECOND 74
A0E8              		ASSERT $ == second_address_76
A0E8              		IF ((76)>>7) & 1
A0E8              		OUT (C),D
A0E8              		ELSE
A0E8 71           		DB 0xED,0x71
A0EA              		ENDIF
A0EA              		PULSE ((76)>>7) & 1
A0EA FD E1        		POP IY
A0EC              		IF ((76)>>6) & 1
A0EC ED 51        		OUT (C),D
A0EE              		ELSE
A0EE              		DB 0xED,0x71
A0EE              		ENDIF
A0EE              		PULSE ((76)>>6) & 1
A0EE E1           		POP HL
A0EF 00           		NOP
A0F0              		IF ((76)>>5) & 1
A0F0              		OUT (C),D
A0F0              		ELSE
A0F0 71           		DB 0xED,0x71
A0F2              		ENDIF
A0F2              		PULSE ((76)>>5) & 1
A0F2 7D           		LD A,L
A0F3 E6 3F        		AND 63
A0F5 5F           		LD E,A
A0F6              		IF ((76)>>4) & 1
A0F6              		OUT (C),D
A0F6              		ELSE
A0F6 71           		DB 0xED,0x71
A0F8              		ENDIF
A0F8              		PULSE ((76)>>4) & 1
A0F8 7D           		LD A,L
A0F9 E6 C0        		AND 192
A0FB 6F           		LD L,A
A0FC              		IF ((76)>>3) & 1
A0FC ED 51        		OUT (C),D
A0FE              		ELSE
A0FE              		DB 0xED,0x71
A0FE              		ENDIF
A0FE              		PULSE ((76)>>3) & 1
A0FE 00           		NOP
A0FF 00           		NOP
A100 00           		NOP
A101              		IF ((76)>>2) & 1
A101 ED 51        		OUT (C),D
A103              		ELSE
A103              		DB 0xED,0x71
A103              		ENDIF
A103              		PULSE ((76)>>2) & 1
A103 3E 00        		LD A,0
A105 3E 00        		LD A,0
A107              		IF ((76)>>1) & 1
A107              		OUT (C),D
A107              		ELSE
A107 71           		DB 0xED,0x71
A109              		ENDIF
A109              		PULSE ((76)>>1) & 1
A109 3E 00        		LD A,0
A10B 00           		NOP
A10C 00           		NOP
A10D              		IF (76) & 1
A10D              		OUT (C),D
A10D              		ELSE
A10D 71           		DB 0xED,0x71
A10F              		ENDIF
A10F              		PULSE (76) & 1
A10F 01 FE 00     		LD BC,0x00FE
A112 E9           		JP (HL)
A113              		ASSERT $ <= second_address_76+44
A113              		DS second_address_76+44-$
A114              	        SECOND 76
A114              		ASSERT $ == second_address_77
A114              		IF ((77)>>7) & 1
A114              		OUT (C),D
A114              		ELSE
A114 71           		DB 0xED,0x71
A116              		ENDIF
A116              		PULSE ((77)>>7) & 1
A116 FD E1        		POP IY
A118              		IF ((77)>>6) & 1
A118 ED 51        		OUT (C),D
A11A              		ELSE
A11A              		DB 0xED,0x71
A11A              		ENDIF
A11A              		PULSE ((77)>>6) & 1
A11A E1           		POP HL
A11B 00           		NOP
A11C              		IF ((77)>>5) & 1
A11C              		OUT (C),D
A11C              		ELSE
A11C 71           		DB 0xED,0x71
A11E              		ENDIF
A11E              		PULSE ((77)>>5) & 1
A11E 7D           		LD A,L
A11F E6 3F        		AND 63
A121 5F           		LD E,A
A122              		IF ((77)>>4) & 1
A122              		OUT (C),D
A122              		ELSE
A122 71           		DB 0xED,0x71
A124              		ENDIF
A124              		PULSE ((77)>>4) & 1
A124 7D           		LD A,L
A125 E6 C0        		AND 192
A127 6F           		LD L,A
A128              		IF ((77)>>3) & 1
A128 ED 51        		OUT (C),D
A12A              		ELSE
A12A              		DB 0xED,0x71
A12A              		ENDIF
A12A              		PULSE ((77)>>3) & 1
A12A 00           		NOP
A12B 00           		NOP
A12C 00           		NOP
A12D              		IF ((77)>>2) & 1
A12D ED 51        		OUT (C),D
A12F              		ELSE
A12F              		DB 0xED,0x71
A12F              		ENDIF
A12F              		PULSE ((77)>>2) & 1
A12F 3E 00        		LD A,0
A131 3E 00        		LD A,0
A133              		IF ((77)>>1) & 1
A133              		OUT (C),D
A133              		ELSE
A133 71           		DB 0xED,0x71
A135              		ENDIF
A135              		PULSE ((77)>>1) & 1
A135 3E 00        		LD A,0
A137 00           		NOP
A138 00           		NOP
A139              		IF (77) & 1
A139 ED 51        		OUT (C),D
A13B              		ELSE
A13B              		DB 0xED,0x71
A13B              		ENDIF
A13B              		PULSE (77) & 1
A13B 01 FE 00     		LD BC,0x00FE
A13E E9           		JP (HL)
A13F              		ASSERT $ <= second_address_77+44
A13F              		DS second_address_77+44-$
A140              	        SECOND 77
A140              		ASSERT $ == second_address_81
A140              		IF ((81)>>7) & 1
A140              		OUT (C),D
A140              		ELSE
A140 71           		DB 0xED,0x71
A142              		ENDIF
A142              		PULSE ((81)>>7) & 1
A142 FD E1        		POP IY
A144              		IF ((81)>>6) & 1
A144 ED 51        		OUT (C),D
A146              		ELSE
A146              		DB 0xED,0x71
A146              		ENDIF
A146              		PULSE ((81)>>6) & 1
A146 E1           		POP HL
A147 00           		NOP
A148              		IF ((81)>>5) & 1
A148              		OUT (C),D
A148              		ELSE
A148 71           		DB 0xED,0x71
A14A              		ENDIF
A14A              		PULSE ((81)>>5) & 1
A14A 7D           		LD A,L
A14B E6 3F        		AND 63
A14D 5F           		LD E,A
A14E              		IF ((81)>>4) & 1
A14E ED 51        		OUT (C),D
A150              		ELSE
A150              		DB 0xED,0x71
A150              		ENDIF
A150              		PULSE ((81)>>4) & 1
A150 7D           		LD A,L
A151 E6 C0        		AND 192
A153 6F           		LD L,A
A154              		IF ((81)>>3) & 1
A154              		OUT (C),D
A154              		ELSE
A154 71           		DB 0xED,0x71
A156              		ENDIF
A156              		PULSE ((81)>>3) & 1
A156 00           		NOP
A157 00           		NOP
A158 00           		NOP
A159              		IF ((81)>>2) & 1
A159              		OUT (C),D
A159              		ELSE
A159 71           		DB 0xED,0x71
A15B              		ENDIF
A15B              		PULSE ((81)>>2) & 1
A15B 3E 00        		LD A,0
A15D 3E 00        		LD A,0
A15F              		IF ((81)>>1) & 1
A15F              		OUT (C),D
A15F              		ELSE
A15F 71           		DB 0xED,0x71
A161              		ENDIF
A161              		PULSE ((81)>>1) & 1
A161 3E 00        		LD A,0
A163 00           		NOP
A164 00           		NOP
A165              		IF (81) & 1
A165 ED 51        		OUT (C),D
A167              		ELSE
A167              		DB 0xED,0x71
A167              		ENDIF
A167              		PULSE (81) & 1
A167 01 FE 00     		LD BC,0x00FE
A16A E9           		JP (HL)
A16B              		ASSERT $ <= second_address_81+44
A16B              		DS second_address_81+44-$
A16C              	        SECOND 81
A16C              		ASSERT $ == second_address_82
A16C              		IF ((82)>>7) & 1
A16C              		OUT (C),D
A16C              		ELSE
A16C 71           		DB 0xED,0x71
A16E              		ENDIF
A16E              		PULSE ((82)>>7) & 1
A16E FD E1        		POP IY
A170              		IF ((82)>>6) & 1
A170 ED 51        		OUT (C),D
A172              		ELSE
A172              		DB 0xED,0x71
A172              		ENDIF
A172              		PULSE ((82)>>6) & 1
A172 E1           		POP HL
A173 00           		NOP
A174              		IF ((82)>>5) & 1
A174              		OUT (C),D
A174              		ELSE
A174 71           		DB 0xED,0x71
A176              		ENDIF
A176              		PULSE ((82)>>5) & 1
A176 7D           		LD A,L
A177 E6 3F        		AND 63
A179 5F           		LD E,A
A17A              		IF ((82)>>4) & 1
A17A ED 51        		OUT (C),D
A17C              		ELSE
A17C              		DB 0xED,0x71
A17C              		ENDIF
A17C              		PULSE ((82)>>4) & 1
A17C 7D           		LD A,L
A17D E6 C0        		AND 192
A17F 6F           		LD L,A
A180              		IF ((82)>>3) & 1
A180              		OUT (C),D
A180              		ELSE
A180 71           		DB 0xED,0x71
A182              		ENDIF
A182              		PULSE ((82)>>3) & 1
A182 00           		NOP
A183 00           		NOP
A184 00           		NOP
A185              		IF ((82)>>2) & 1
A185              		OUT (C),D
A185              		ELSE
A185 71           		DB 0xED,0x71
A187              		ENDIF
A187              		PULSE ((82)>>2) & 1
A187 3E 00        		LD A,0
A189 3E 00        		LD A,0
A18B              		IF ((82)>>1) & 1
A18B ED 51        		OUT (C),D
A18D              		ELSE
A18D              		DB 0xED,0x71
A18D              		ENDIF
A18D              		PULSE ((82)>>1) & 1
A18D 3E 00        		LD A,0
A18F 00           		NOP
A190 00           		NOP
A191              		IF (82) & 1
A191              		OUT (C),D
A191              		ELSE
A191 71           		DB 0xED,0x71
A193              		ENDIF
A193              		PULSE (82) & 1
A193 01 FE 00     		LD BC,0x00FE
A196 E9           		JP (HL)
A197              		ASSERT $ <= second_address_82+44
A197              		DS second_address_82+44-$
A198              	        SECOND 82
A198              		ASSERT $ == second_address_83
A198              		IF ((83)>>7) & 1
A198              		OUT (C),D
A198              		ELSE
A198 71           		DB 0xED,0x71
A19A              		ENDIF
A19A              		PULSE ((83)>>7) & 1
A19A FD E1        		POP IY
A19C              		IF ((83)>>6) & 1
A19C ED 51        		OUT (C),D
A19E              		ELSE
A19E              		DB 0xED,0x71
A19E              		ENDIF
A19E              		PULSE ((83)>>6) & 1
A19E E1           		POP HL
A19F 00           		NOP
A1A0              		IF ((83)>>5) & 1
A1A0              		OUT (C),D
A1A0              		ELSE
A1A0 71           		DB 0xED,0x71
A1A2              		ENDIF
A1A2              		PULSE ((83)>>5) & 1
A1A2 7D           		LD A,L
A1A3 E6 3F        		AND 63
A1A5 5F           		LD E,A
A1A6              		IF ((83)>>4) & 1
A1A6 ED 51        		OUT (C),D
A1A8              		ELSE
A1A8              		DB 0xED,0x71
A1A8              		ENDIF
A1A8              		PULSE ((83)>>4) & 1
A1A8 7D           		LD A,L
A1A9 E6 C0        		AND 192
A1AB 6F           		LD L,A
A1AC              		IF ((83)>>3) & 1
A1AC              		OUT (C),D
A1AC              		ELSE
A1AC 71           		DB 0xED,0x71
A1AE              		ENDIF
A1AE              		PULSE ((83)>>3) & 1
A1AE 00           		NOP
A1AF 00           		NOP
A1B0 00           		NOP
A1B1              		IF ((83)>>2) & 1
A1B1              		OUT (C),D
A1B1              		ELSE
A1B1 71           		DB 0xED,0x71
A1B3              		ENDIF
A1B3              		PULSE ((83)>>2) & 1
A1B3 3E 00        		LD A,0
A1B5 3E 00        		LD A,0
A1B7              		IF ((83)>>1) & 1
A1B7 ED 51        		OUT (C),D
A1B9              		ELSE
A1B9              		DB 0xED,0x71
A1B9              		ENDIF
A1B9              		PULSE ((83)>>1) & 1
A1B9 3E 00        		LD A,0
A1BB 00           		NOP
A1BC 00           		NOP
A1BD              		IF (83) & 1
A1BD ED 51        		OUT (C),D
A1BF              		ELSE
A1BF              		DB 0xED,0x71
A1BF              		ENDIF
A1BF              		PULSE (83) & 1
A1BF 01 FE 00     		LD BC,0x00FE
A1C2 E9           		JP (HL)
A1C3              		ASSERT $ <= second_address_83+44
A1C3              		DS second_address_83+44-$
A1C4              	        SECOND 83
A1C4              		ASSERT $ == second_address_84
A1C4              		IF ((84)>>7) & 1
A1C4              		OUT (C),D
A1C4              		ELSE
A1C4 71           		DB 0xED,0x71
A1C6              		ENDIF
A1C6              		PULSE ((84)>>7) & 1
A1C6 FD E1        		POP IY
A1C8              		IF ((84)>>6) & 1
A1C8 ED 51        		OUT (C),D
A1CA              		ELSE
A1CA              		DB 0xED,0x71
A1CA              		ENDIF
A1CA              		PULSE ((84)>>6) & 1
A1CA E1           		POP HL
A1CB 00           		NOP
A1CC              		IF ((84)>>5) & 1
A1CC              		OUT (C),D
A1CC              		ELSE
A1CC 71           		DB 0xED,0x71
A1CE              		ENDIF
A1CE              		PULSE ((84)>>5) & 1
A1CE 7D           		LD A,L
A1CF E6 3F        		AND 63
A1D1 5F           		LD E,A
A1D2              		IF ((84)>>4) & 1
A1D2 ED 51        		OUT (C),D
A1D4              		ELSE
A1D4              		DB 0xED,0x71
A1D4              		ENDIF
A1D4              		PULSE ((84)>>4) & 1
A1D4 7D           		LD A,L
A1D5 E6 C0        		AND 192
A1D7 6F           		LD L,A
A1D8              		IF ((84)>>3) & 1
A1D8              		OUT (C),D
A1D8              		ELSE
A1D8 71           		DB 0xED,0x71
A1DA              		ENDIF
A1DA              		PULSE ((84)>>3) & 1
A1DA 00           		NOP
A1DB 00           		NOP
A1DC 00           		NOP
A1DD              		IF ((84)>>2) & 1
A1DD ED 51        		OUT (C),D
A1DF              		ELSE
A1DF              		DB 0xED,0x71
A1DF              		ENDIF
A1DF              		PULSE ((84)>>2) & 1
A1DF 3E 00        		LD A,0
A1E1 3E 00        		LD A,0
A1E3              		IF ((84)>>1) & 1
A1E3              		OUT (C),D
A1E3              		ELSE
A1E3 71           		DB 0xED,0x71
A1E5              		ENDIF
A1E5              		PULSE ((84)>>1) & 1
A1E5 3E 00        		LD A,0
A1E7 00           		NOP
A1E8 00           		NOP
A1E9              		IF (84) & 1
A1E9              		OUT (C),D
A1E9              		ELSE
A1E9 71           		DB 0xED,0x71
A1EB              		ENDIF
A1EB              		PULSE (84) & 1
A1EB 01 FE 00     		LD BC,0x00FE
A1EE E9           		JP (HL)
A1EF              		ASSERT $ <= second_address_84+44
A1EF              		DS second_address_84+44-$
A1F0              	        SECOND 84
A1F0              		ASSERT $ == second_address_85
A1F0              		IF ((85)>>7) & 1
A1F0              		OUT (C),D
A1F0              		ELSE
A1F0 71           		DB 0xED,0x71
A1F2              		ENDIF
A1F2              		PULSE ((85)>>7) & 1
A1F2 FD E1        		POP IY
A1F4              		IF ((85)>>6) & 1
A1F4 ED 51        		OUT (C),D
A1F6              		ELSE
A1F6              		DB 0xED,0x71
A1F6              		ENDIF
A1F6              		PULSE ((85)>>6) & 1
A1F6 E1           		POP HL
A1F7 00           		NOP
A1F8              		IF ((85)>>5) & 1
A1F8              		OUT (C),D
A1F8              		ELSE
A1F8 71           		DB 0xED,0x71
A1FA              		ENDIF
A1FA              		PULSE ((85)>>5) & 1
A1FA 7D           		LD A,L
A1FB E6 3F        		AND 63
A1FD 5F           		LD E,A
A1FE              		IF ((85)>>4) & 1
A1FE ED 51        		OUT (C),D
A200              		ELSE
A200              		DB 0xED,0x71
A200              		ENDIF
A200              		PULSE ((85)>>4) & 1
A200 7D           		LD A,L
A201 E6 C0        		AND 192
A203 6F           		LD L,A
A204              		IF ((85)>>3) & 1
A204              		OUT (C),D
A204              		ELSE
A204 71           		DB 0xED,0x71
A206              		ENDIF
A206              		PULSE ((85)>>3) & 1
A206 00           		NOP
A207 00           		NOP
A208 00           		NOP
A209              		IF ((85)>>2) & 1
A209 ED 51        		OUT (C),D
A20B              		ELSE
A20B              		DB 0xED,0x71
A20B              		ENDIF
A20B              		PULSE ((85)>>2) & 1
A20B 3E 00        		LD A,0
A20D 3E 00        		LD A,0
A20F              		IF ((85)>>1) & 1
A20F              		OUT (C),D
A20F              		ELSE
A20F 71           		DB 0xED,0x71
A211              		ENDIF
A211              		PULSE ((85)>>1) & 1
A211 3E 00        		LD A,0
A213 00           		NOP
A214 00           		NOP
A215              		IF (85) & 1
A215 ED 51        		OUT (C),D
A217              		ELSE
A217              		DB 0xED,0x71
A217              		ENDIF
A217              		PULSE (85) & 1
A217 01 FE 00     		LD BC,0x00FE
A21A E9           		JP (HL)
A21B              		ASSERT $ <= second_address_85+44
A21B              		DS second_address_85+44-$
A21C              	        SECOND 85
A21C              		ASSERT $ == second_address_86
A21C              		IF ((86)>>7) & 1
A21C              		OUT (C),D
A21C              		ELSE
A21C 71           		DB 0xED,0x71
A21E              		ENDIF
A21E              		PULSE ((86)>>7) & 1
A21E FD E1        		POP IY
A220              		IF ((86)>>6) & 1
A220 ED 51        		OUT (C),D
A222              		ELSE
A222              		DB 0xED,0x71
A222              		ENDIF
A222              		PULSE ((86)>>6) & 1
A222 E1           		POP HL
A223 00           		NOP
A224              		IF ((86)>>5) & 1
A224              		OUT (C),D
A224              		ELSE
A224 71           		DB 0xED,0x71
A226              		ENDIF
A226              		PULSE ((86)>>5) & 1
A226 7D           		LD A,L
A227 E6 3F        		AND 63
A229 5F           		LD E,A
A22A              		IF ((86)>>4) & 1
A22A ED 51        		OUT (C),D
A22C              		ELSE
A22C              		DB 0xED,0x71
A22C              		ENDIF
A22C              		PULSE ((86)>>4) & 1
A22C 7D           		LD A,L
A22D E6 C0        		AND 192
A22F 6F           		LD L,A
A230              		IF ((86)>>3) & 1
A230              		OUT (C),D
A230              		ELSE
A230 71           		DB 0xED,0x71
A232              		ENDIF
A232              		PULSE ((86)>>3) & 1
A232 00           		NOP
A233 00           		NOP
A234 00           		NOP
A235              		IF ((86)>>2) & 1
A235 ED 51        		OUT (C),D
A237              		ELSE
A237              		DB 0xED,0x71
A237              		ENDIF
A237              		PULSE ((86)>>2) & 1
A237 3E 00        		LD A,0
A239 3E 00        		LD A,0
A23B              		IF ((86)>>1) & 1
A23B ED 51        		OUT (C),D
A23D              		ELSE
A23D              		DB 0xED,0x71
A23D              		ENDIF
A23D              		PULSE ((86)>>1) & 1
A23D 3E 00        		LD A,0
A23F 00           		NOP
A240 00           		NOP
A241              		IF (86) & 1
A241              		OUT (C),D
A241              		ELSE
A241 71           		DB 0xED,0x71
A243              		ENDIF
A243              		PULSE (86) & 1
A243 01 FE 00     		LD BC,0x00FE
A246 E9           		JP (HL)
A247              		ASSERT $ <= second_address_86+44
A247              		DS second_address_86+44-$
A248              	        SECOND 86
A248              		ASSERT $ == second_address_89
A248              		IF ((89)>>7) & 1
A248              		OUT (C),D
A248              		ELSE
A248 71           		DB 0xED,0x71
A24A              		ENDIF
A24A              		PULSE ((89)>>7) & 1
A24A FD E1        		POP IY
A24C              		IF ((89)>>6) & 1
A24C ED 51        		OUT (C),D
A24E              		ELSE
A24E              		DB 0xED,0x71
A24E              		ENDIF
A24E              		PULSE ((89)>>6) & 1
A24E E1           		POP HL
A24F 00           		NOP
A250              		IF ((89)>>5) & 1
A250              		OUT (C),D
A250              		ELSE
A250 71           		DB 0xED,0x71
A252              		ENDIF
A252              		PULSE ((89)>>5) & 1
A252 7D           		LD A,L
A253 E6 3F        		AND 63
A255 5F           		LD E,A
A256              		IF ((89)>>4) & 1
A256 ED 51        		OUT (C),D
A258              		ELSE
A258              		DB 0xED,0x71
A258              		ENDIF
A258              		PULSE ((89)>>4) & 1
A258 7D           		LD A,L
A259 E6 C0        		AND 192
A25B 6F           		LD L,A
A25C              		IF ((89)>>3) & 1
A25C ED 51        		OUT (C),D
A25E              		ELSE
A25E              		DB 0xED,0x71
A25E              		ENDIF
A25E              		PULSE ((89)>>3) & 1
A25E 00           		NOP
A25F 00           		NOP
A260 00           		NOP
A261              		IF ((89)>>2) & 1
A261              		OUT (C),D
A261              		ELSE
A261 71           		DB 0xED,0x71
A263              		ENDIF
A263              		PULSE ((89)>>2) & 1
A263 3E 00        		LD A,0
A265 3E 00        		LD A,0
A267              		IF ((89)>>1) & 1
A267              		OUT (C),D
A267              		ELSE
A267 71           		DB 0xED,0x71
A269              		ENDIF
A269              		PULSE ((89)>>1) & 1
A269 3E 00        		LD A,0
A26B 00           		NOP
A26C 00           		NOP
A26D              		IF (89) & 1
A26D ED 51        		OUT (C),D
A26F              		ELSE
A26F              		DB 0xED,0x71
A26F              		ENDIF
A26F              		PULSE (89) & 1
A26F 01 FE 00     		LD BC,0x00FE
A272 E9           		JP (HL)
A273              		ASSERT $ <= second_address_89+44
A273              		DS second_address_89+44-$
A274              	        SECOND 89
A274              		ASSERT $ == second_address_90
A274              		IF ((90)>>7) & 1
A274              		OUT (C),D
A274              		ELSE
A274 71           		DB 0xED,0x71
A276              		ENDIF
A276              		PULSE ((90)>>7) & 1
A276 FD E1        		POP IY
A278              		IF ((90)>>6) & 1
A278 ED 51        		OUT (C),D
A27A              		ELSE
A27A              		DB 0xED,0x71
A27A              		ENDIF
A27A              		PULSE ((90)>>6) & 1
A27A E1           		POP HL
A27B 00           		NOP
A27C              		IF ((90)>>5) & 1
A27C              		OUT (C),D
A27C              		ELSE
A27C 71           		DB 0xED,0x71
A27E              		ENDIF
A27E              		PULSE ((90)>>5) & 1
A27E 7D           		LD A,L
A27F E6 3F        		AND 63
A281 5F           		LD E,A
A282              		IF ((90)>>4) & 1
A282 ED 51        		OUT (C),D
A284              		ELSE
A284              		DB 0xED,0x71
A284              		ENDIF
A284              		PULSE ((90)>>4) & 1
A284 7D           		LD A,L
A285 E6 C0        		AND 192
A287 6F           		LD L,A
A288              		IF ((90)>>3) & 1
A288 ED 51        		OUT (C),D
A28A              		ELSE
A28A              		DB 0xED,0x71
A28A              		ENDIF
A28A              		PULSE ((90)>>3) & 1
A28A 00           		NOP
A28B 00           		NOP
A28C 00           		NOP
A28D              		IF ((90)>>2) & 1
A28D              		OUT (C),D
A28D              		ELSE
A28D 71           		DB 0xED,0x71
A28F              		ENDIF
A28F              		PULSE ((90)>>2) & 1
A28F 3E 00        		LD A,0
A291 3E 00        		LD A,0
A293              		IF ((90)>>1) & 1
A293 ED 51        		OUT (C),D
A295              		ELSE
A295              		DB 0xED,0x71
A295              		ENDIF
A295              		PULSE ((90)>>1) & 1
A295 3E 00        		LD A,0
A297 00           		NOP
A298 00           		NOP
A299              		IF (90) & 1
A299              		OUT (C),D
A299              		ELSE
A299 71           		DB 0xED,0x71
A29B              		ENDIF
A29B              		PULSE (90) & 1
A29B 01 FE 00     		LD BC,0x00FE
A29E E9           		JP (HL)
A29F              		ASSERT $ <= second_address_90+44
A29F              		DS second_address_90+44-$
A2A0              	        SECOND 90
A2A0              		ASSERT $ == second_address_91
A2A0              		IF ((91)>>7) & 1
A2A0              		OUT (C),D
A2A0              		ELSE
A2A0 71           		DB 0xED,0x71
A2A2              		ENDIF
A2A2              		PULSE ((91)>>7) & 1
A2A2 FD E1        		POP IY
A2A4              		IF ((91)>>6) & 1
A2A4 ED 51        		OUT (C),D
A2A6              		ELSE
A2A6              		DB 0xED,0x71
A2A6              		ENDIF
A2A6              		PULSE ((91)>>6) & 1
A2A6 E1           		POP HL
A2A7 00           		NOP
A2A8              		IF ((91)>>5) & 1
A2A8              		OUT (C),D
A2A8              		ELSE
A2A8 71           		DB 0xED,0x71
A2AA              		ENDIF
A2AA              		PULSE ((91)>>5) & 1
A2AA 7D           		LD A,L
A2AB E6 3F        		AND 63
A2AD 5F           		LD E,A
A2AE              		IF ((91)>>4) & 1
A2AE ED 51        		OUT (C),D
A2B0              		ELSE
A2B0              		DB 0xED,0x71
A2B0              		ENDIF
A2B0              		PULSE ((91)>>4) & 1
A2B0 7D           		LD A,L
A2B1 E6 C0        		AND 192
A2B3 6F           		LD L,A
A2B4              		IF ((91)>>3) & 1
A2B4 ED 51        		OUT (C),D
A2B6              		ELSE
A2B6              		DB 0xED,0x71
A2B6              		ENDIF
A2B6              		PULSE ((91)>>3) & 1
A2B6 00           		NOP
A2B7 00           		NOP
A2B8 00           		NOP
A2B9              		IF ((91)>>2) & 1
A2B9              		OUT (C),D
A2B9              		ELSE
A2B9 71           		DB 0xED,0x71
A2BB              		ENDIF
A2BB              		PULSE ((91)>>2) & 1
A2BB 3E 00        		LD A,0
A2BD 3E 00        		LD A,0
A2BF              		IF ((91)>>1) & 1
A2BF ED 51        		OUT (C),D
A2C1              		ELSE
A2C1              		DB 0xED,0x71
A2C1              		ENDIF
A2C1              		PULSE ((91)>>1) & 1
A2C1 3E 00        		LD A,0
A2C3 00           		NOP
A2C4 00           		NOP
A2C5              		IF (91) & 1
A2C5 ED 51        		OUT (C),D
A2C7              		ELSE
A2C7              		DB 0xED,0x71
A2C7              		ENDIF
A2C7              		PULSE (91) & 1
A2C7 01 FE 00     		LD BC,0x00FE
A2CA E9           		JP (HL)
A2CB              		ASSERT $ <= second_address_91+44
A2CB              		DS second_address_91+44-$
A2CC              	        SECOND 91
A2CC              		ASSERT $ == second_address_93
A2CC              		IF ((93)>>7) & 1
A2CC              		OUT (C),D
A2CC              		ELSE
A2CC 71           		DB 0xED,0x71
A2CE              		ENDIF
A2CE              		PULSE ((93)>>7) & 1
A2CE FD E1        		POP IY
A2D0              		IF ((93)>>6) & 1
A2D0 ED 51        		OUT (C),D
A2D2              		ELSE
A2D2              		DB 0xED,0x71
A2D2              		ENDIF
A2D2              		PULSE ((93)>>6) & 1
A2D2 E1           		POP HL
A2D3 00           		NOP
A2D4              		IF ((93)>>5) & 1
A2D4              		OUT (C),D
A2D4              		ELSE
A2D4 71           		DB 0xED,0x71
A2D6              		ENDIF
A2D6              		PULSE ((93)>>5) & 1
A2D6 7D           		LD A,L
A2D7 E6 3F        		AND 63
A2D9 5F           		LD E,A
A2DA              		IF ((93)>>4) & 1
A2DA ED 51        		OUT (C),D
A2DC              		ELSE
A2DC              		DB 0xED,0x71
A2DC              		ENDIF
A2DC              		PULSE ((93)>>4) & 1
A2DC 7D           		LD A,L
A2DD E6 C0        		AND 192
A2DF 6F           		LD L,A
A2E0              		IF ((93)>>3) & 1
A2E0 ED 51        		OUT (C),D
A2E2              		ELSE
A2E2              		DB 0xED,0x71
A2E2              		ENDIF
A2E2              		PULSE ((93)>>3) & 1
A2E2 00           		NOP
A2E3 00           		NOP
A2E4 00           		NOP
A2E5              		IF ((93)>>2) & 1
A2E5 ED 51        		OUT (C),D
A2E7              		ELSE
A2E7              		DB 0xED,0x71
A2E7              		ENDIF
A2E7              		PULSE ((93)>>2) & 1
A2E7 3E 00        		LD A,0
A2E9 3E 00        		LD A,0
A2EB              		IF ((93)>>1) & 1
A2EB              		OUT (C),D
A2EB              		ELSE
A2EB 71           		DB 0xED,0x71
A2ED              		ENDIF
A2ED              		PULSE ((93)>>1) & 1
A2ED 3E 00        		LD A,0
A2EF 00           		NOP
A2F0 00           		NOP
A2F1              		IF (93) & 1
A2F1 ED 51        		OUT (C),D
A2F3              		ELSE
A2F3              		DB 0xED,0x71
A2F3              		ENDIF
A2F3              		PULSE (93) & 1
A2F3 01 FE 00     		LD BC,0x00FE
A2F6 E9           		JP (HL)
A2F7              		ASSERT $ <= second_address_93+44
A2F7              		DS second_address_93+44-$
A2F8              	        SECOND 93
A2F8              		ASSERT $ == second_address_101
A2F8              		IF ((101)>>7) & 1
A2F8              		OUT (C),D
A2F8              		ELSE
A2F8 71           		DB 0xED,0x71
A2FA              		ENDIF
A2FA              		PULSE ((101)>>7) & 1
A2FA FD E1        		POP IY
A2FC              		IF ((101)>>6) & 1
A2FC ED 51        		OUT (C),D
A2FE              		ELSE
A2FE              		DB 0xED,0x71
A2FE              		ENDIF
A2FE              		PULSE ((101)>>6) & 1
A2FE E1           		POP HL
A2FF 00           		NOP
A300              		IF ((101)>>5) & 1
A300 ED 51        		OUT (C),D
A302              		ELSE
A302              		DB 0xED,0x71
A302              		ENDIF
A302              		PULSE ((101)>>5) & 1
A302 7D           		LD A,L
A303 E6 3F        		AND 63
A305 5F           		LD E,A
A306              		IF ((101)>>4) & 1
A306              		OUT (C),D
A306              		ELSE
A306 71           		DB 0xED,0x71
A308              		ENDIF
A308              		PULSE ((101)>>4) & 1
A308 7D           		LD A,L
A309 E6 C0        		AND 192
A30B 6F           		LD L,A
A30C              		IF ((101)>>3) & 1
A30C              		OUT (C),D
A30C              		ELSE
A30C 71           		DB 0xED,0x71
A30E              		ENDIF
A30E              		PULSE ((101)>>3) & 1
A30E 00           		NOP
A30F 00           		NOP
A310 00           		NOP
A311              		IF ((101)>>2) & 1
A311 ED 51        		OUT (C),D
A313              		ELSE
A313              		DB 0xED,0x71
A313              		ENDIF
A313              		PULSE ((101)>>2) & 1
A313 3E 00        		LD A,0
A315 3E 00        		LD A,0
A317              		IF ((101)>>1) & 1
A317              		OUT (C),D
A317              		ELSE
A317 71           		DB 0xED,0x71
A319              		ENDIF
A319              		PULSE ((101)>>1) & 1
A319 3E 00        		LD A,0
A31B 00           		NOP
A31C 00           		NOP
A31D              		IF (101) & 1
A31D ED 51        		OUT (C),D
A31F              		ELSE
A31F              		DB 0xED,0x71
A31F              		ENDIF
A31F              		PULSE (101) & 1
A31F 01 FE 00     		LD BC,0x00FE
A322 E9           		JP (HL)
A323              		ASSERT $ <= second_address_101+44
A323              		DS second_address_101+44-$
A324              	        SECOND 101
A324              		ASSERT $ == second_address_102
A324              		IF ((102)>>7) & 1
A324              		OUT (C),D
A324              		ELSE
A324 71           		DB 0xED,0x71
A326              		ENDIF
A326              		PULSE ((102)>>7) & 1
A326 FD E1        		POP IY
A328              		IF ((102)>>6) & 1
A328 ED 51        		OUT (C),D
A32A              		ELSE
A32A              		DB 0xED,0x71
A32A              		ENDIF
A32A              		PULSE ((102)>>6) & 1
A32A E1           		POP HL
A32B 00           		NOP
A32C              		IF ((102)>>5) & 1
A32C ED 51        		OUT (C),D
A32E              		ELSE
A32E              		DB 0xED,0x71
A32E              		ENDIF
A32E              		PULSE ((102)>>5) & 1
A32E 7D           		LD A,L
A32F E6 3F        		AND 63
A331 5F           		LD E,A
A332              		IF ((102)>>4) & 1
A332              		OUT (C),D
A332              		ELSE
A332 71           		DB 0xED,0x71
A334              		ENDIF
A334              		PULSE ((102)>>4) & 1
A334 7D           		LD A,L
A335 E6 C0        		AND 192
A337 6F           		LD L,A
A338              		IF ((102)>>3) & 1
A338              		OUT (C),D
A338              		ELSE
A338 71           		DB 0xED,0x71
A33A              		ENDIF
A33A              		PULSE ((102)>>3) & 1
A33A 00           		NOP
A33B 00           		NOP
A33C 00           		NOP
A33D              		IF ((102)>>2) & 1
A33D ED 51        		OUT (C),D
A33F              		ELSE
A33F              		DB 0xED,0x71
A33F              		ENDIF
A33F              		PULSE ((102)>>2) & 1
A33F 3E 00        		LD A,0
A341 3E 00        		LD A,0
A343              		IF ((102)>>1) & 1
A343 ED 51        		OUT (C),D
A345              		ELSE
A345              		DB 0xED,0x71
A345              		ENDIF
A345              		PULSE ((102)>>1) & 1
A345 3E 00        		LD A,0
A347 00           		NOP
A348 00           		NOP
A349              		IF (102) & 1
A349              		OUT (C),D
A349              		ELSE
A349 71           		DB 0xED,0x71
A34B              		ENDIF
A34B              		PULSE (102) & 1
A34B 01 FE 00     		LD BC,0x00FE
A34E E9           		JP (HL)
A34F              		ASSERT $ <= second_address_102+44
A34F              		DS second_address_102+44-$
A350              	        SECOND 102
A350              		ASSERT $ == second_address_106
A350              		IF ((106)>>7) & 1
A350              		OUT (C),D
A350              		ELSE
A350 71           		DB 0xED,0x71
A352              		ENDIF
A352              		PULSE ((106)>>7) & 1
A352 FD E1        		POP IY
A354              		IF ((106)>>6) & 1
A354 ED 51        		OUT (C),D
A356              		ELSE
A356              		DB 0xED,0x71
A356              		ENDIF
A356              		PULSE ((106)>>6) & 1
A356 E1           		POP HL
A357 00           		NOP
A358              		IF ((106)>>5) & 1
A358 ED 51        		OUT (C),D
A35A              		ELSE
A35A              		DB 0xED,0x71
A35A              		ENDIF
A35A              		PULSE ((106)>>5) & 1
A35A 7D           		LD A,L
A35B E6 3F        		AND 63
A35D 5F           		LD E,A
A35E              		IF ((106)>>4) & 1
A35E              		OUT (C),D
A35E              		ELSE
A35E 71           		DB 0xED,0x71
A360              		ENDIF
A360              		PULSE ((106)>>4) & 1
A360 7D           		LD A,L
A361 E6 C0        		AND 192
A363 6F           		LD L,A
A364              		IF ((106)>>3) & 1
A364 ED 51        		OUT (C),D
A366              		ELSE
A366              		DB 0xED,0x71
A366              		ENDIF
A366              		PULSE ((106)>>3) & 1
A366 00           		NOP
A367 00           		NOP
A368 00           		NOP
A369              		IF ((106)>>2) & 1
A369              		OUT (C),D
A369              		ELSE
A369 71           		DB 0xED,0x71
A36B              		ENDIF
A36B              		PULSE ((106)>>2) & 1
A36B 3E 00        		LD A,0
A36D 3E 00        		LD A,0
A36F              		IF ((106)>>1) & 1
A36F ED 51        		OUT (C),D
A371              		ELSE
A371              		DB 0xED,0x71
A371              		ENDIF
A371              		PULSE ((106)>>1) & 1
A371 3E 00        		LD A,0
A373 00           		NOP
A374 00           		NOP
A375              		IF (106) & 1
A375              		OUT (C),D
A375              		ELSE
A375 71           		DB 0xED,0x71
A377              		ENDIF
A377              		PULSE (106) & 1
A377 01 FE 00     		LD BC,0x00FE
A37A E9           		JP (HL)
A37B              		ASSERT $ <= second_address_106+44
A37B              		DS second_address_106+44-$
A37C              	        SECOND 106
A37C              		ASSERT $ == second_address_107
A37C              		IF ((107)>>7) & 1
A37C              		OUT (C),D
A37C              		ELSE
A37C 71           		DB 0xED,0x71
A37E              		ENDIF
A37E              		PULSE ((107)>>7) & 1
A37E FD E1        		POP IY
A380              		IF ((107)>>6) & 1
A380 ED 51        		OUT (C),D
A382              		ELSE
A382              		DB 0xED,0x71
A382              		ENDIF
A382              		PULSE ((107)>>6) & 1
A382 E1           		POP HL
A383 00           		NOP
A384              		IF ((107)>>5) & 1
A384 ED 51        		OUT (C),D
A386              		ELSE
A386              		DB 0xED,0x71
A386              		ENDIF
A386              		PULSE ((107)>>5) & 1
A386 7D           		LD A,L
A387 E6 3F        		AND 63
A389 5F           		LD E,A
A38A              		IF ((107)>>4) & 1
A38A              		OUT (C),D
A38A              		ELSE
A38A 71           		DB 0xED,0x71
A38C              		ENDIF
A38C              		PULSE ((107)>>4) & 1
A38C 7D           		LD A,L
A38D E6 C0        		AND 192
A38F 6F           		LD L,A
A390              		IF ((107)>>3) & 1
A390 ED 51        		OUT (C),D
A392              		ELSE
A392              		DB 0xED,0x71
A392              		ENDIF
A392              		PULSE ((107)>>3) & 1
A392 00           		NOP
A393 00           		NOP
A394 00           		NOP
A395              		IF ((107)>>2) & 1
A395              		OUT (C),D
A395              		ELSE
A395 71           		DB 0xED,0x71
A397              		ENDIF
A397              		PULSE ((107)>>2) & 1
A397 3E 00        		LD A,0
A399 3E 00        		LD A,0
A39B              		IF ((107)>>1) & 1
A39B ED 51        		OUT (C),D
A39D              		ELSE
A39D              		DB 0xED,0x71
A39D              		ENDIF
A39D              		PULSE ((107)>>1) & 1
A39D 3E 00        		LD A,0
A39F 00           		NOP
A3A0 00           		NOP
A3A1              		IF (107) & 1
A3A1 ED 51        		OUT (C),D
A3A3              		ELSE
A3A3              		DB 0xED,0x71
A3A3              		ENDIF
A3A3              		PULSE (107) & 1
A3A3 01 FE 00     		LD BC,0x00FE
A3A6 E9           		JP (HL)
A3A7              		ASSERT $ <= second_address_107+44
A3A7              		DS second_address_107+44-$
A3A8              	        SECOND 107
A3A8              		ASSERT $ == second_address_109
A3A8              		IF ((109)>>7) & 1
A3A8              		OUT (C),D
A3A8              		ELSE
A3A8 71           		DB 0xED,0x71
A3AA              		ENDIF
A3AA              		PULSE ((109)>>7) & 1
A3AA FD E1        		POP IY
A3AC              		IF ((109)>>6) & 1
A3AC ED 51        		OUT (C),D
A3AE              		ELSE
A3AE              		DB 0xED,0x71
A3AE              		ENDIF
A3AE              		PULSE ((109)>>6) & 1
A3AE E1           		POP HL
A3AF 00           		NOP
A3B0              		IF ((109)>>5) & 1
A3B0 ED 51        		OUT (C),D
A3B2              		ELSE
A3B2              		DB 0xED,0x71
A3B2              		ENDIF
A3B2              		PULSE ((109)>>5) & 1
A3B2 7D           		LD A,L
A3B3 E6 3F        		AND 63
A3B5 5F           		LD E,A
A3B6              		IF ((109)>>4) & 1
A3B6              		OUT (C),D
A3B6              		ELSE
A3B6 71           		DB 0xED,0x71
A3B8              		ENDIF
A3B8              		PULSE ((109)>>4) & 1
A3B8 7D           		LD A,L
A3B9 E6 C0        		AND 192
A3BB 6F           		LD L,A
A3BC              		IF ((109)>>3) & 1
A3BC ED 51        		OUT (C),D
A3BE              		ELSE
A3BE              		DB 0xED,0x71
A3BE              		ENDIF
A3BE              		PULSE ((109)>>3) & 1
A3BE 00           		NOP
A3BF 00           		NOP
A3C0 00           		NOP
A3C1              		IF ((109)>>2) & 1
A3C1 ED 51        		OUT (C),D
A3C3              		ELSE
A3C3              		DB 0xED,0x71
A3C3              		ENDIF
A3C3              		PULSE ((109)>>2) & 1
A3C3 3E 00        		LD A,0
A3C5 3E 00        		LD A,0
A3C7              		IF ((109)>>1) & 1
A3C7              		OUT (C),D
A3C7              		ELSE
A3C7 71           		DB 0xED,0x71
A3C9              		ENDIF
A3C9              		PULSE ((109)>>1) & 1
A3C9 3E 00        		LD A,0
A3CB 00           		NOP
A3CC 00           		NOP
A3CD              		IF (109) & 1
A3CD ED 51        		OUT (C),D
A3CF              		ELSE
A3CF              		DB 0xED,0x71
A3CF              		ENDIF
A3CF              		PULSE (109) & 1
A3CF 01 FE 00     		LD BC,0x00FE
A3D2 E9           		JP (HL)
A3D3              		ASSERT $ <= second_address_109+44
A3D3              		DS second_address_109+44-$
A3D4              	        SECOND 109
A3D4              		ASSERT $ == second_address_110
A3D4              		IF ((110)>>7) & 1
A3D4              		OUT (C),D
A3D4              		ELSE
A3D4 71           		DB 0xED,0x71
A3D6              		ENDIF
A3D6              		PULSE ((110)>>7) & 1
A3D6 FD E1        		POP IY
A3D8              		IF ((110)>>6) & 1
A3D8 ED 51        		OUT (C),D
A3DA              		ELSE
A3DA              		DB 0xED,0x71
A3DA              		ENDIF
A3DA              		PULSE ((110)>>6) & 1
A3DA E1           		POP HL
A3DB 00           		NOP
A3DC              		IF ((110)>>5) & 1
A3DC ED 51        		OUT (C),D
A3DE              		ELSE
A3DE              		DB 0xED,0x71
A3DE              		ENDIF
A3DE              		PULSE ((110)>>5) & 1
A3DE 7D           		LD A,L
A3DF E6 3F        		AND 63
A3E1 5F           		LD E,A
A3E2              		IF ((110)>>4) & 1
A3E2              		OUT (C),D
A3E2              		ELSE
A3E2 71           		DB 0xED,0x71
A3E4              		ENDIF
A3E4              		PULSE ((110)>>4) & 1
A3E4 7D           		LD A,L
A3E5 E6 C0        		AND 192
A3E7 6F           		LD L,A
A3E8              		IF ((110)>>3) & 1
A3E8 ED 51        		OUT (C),D
A3EA              		ELSE
A3EA              		DB 0xED,0x71
A3EA              		ENDIF
A3EA              		PULSE ((110)>>3) & 1
A3EA 00           		NOP
A3EB 00           		NOP
A3EC 00           		NOP
A3ED              		IF ((110)>>2) & 1
A3ED ED 51        		OUT (C),D
A3EF              		ELSE
A3EF              		DB 0xED,0x71
A3EF              		ENDIF
A3EF              		PULSE ((110)>>2) & 1
A3EF 3E 00        		LD A,0
A3F1 3E 00        		LD A,0
A3F3              		IF ((110)>>1) & 1
A3F3 ED 51        		OUT (C),D
A3F5              		ELSE
A3F5              		DB 0xED,0x71
A3F5              		ENDIF
A3F5              		PULSE ((110)>>1) & 1
A3F5 3E 00        		LD A,0
A3F7 00           		NOP
A3F8 00           		NOP
A3F9              		IF (110) & 1
A3F9              		OUT (C),D
A3F9              		ELSE
A3F9 71           		DB 0xED,0x71
A3FB              		ENDIF
A3FB              		PULSE (110) & 1
A3FB 01 FE 00     		LD BC,0x00FE
A3FE E9           		JP (HL)
A3FF              		ASSERT $ <= second_address_110+44
A3FF              		DS second_address_110+44-$
A400              	        SECOND 110
A400              		ASSERT $ == second_address_117
A400              		IF ((117)>>7) & 1
A400              		OUT (C),D
A400              		ELSE
A400 71           		DB 0xED,0x71
A402              		ENDIF
A402              		PULSE ((117)>>7) & 1
A402 FD E1        		POP IY
A404              		IF ((117)>>6) & 1
A404 ED 51        		OUT (C),D
A406              		ELSE
A406              		DB 0xED,0x71
A406              		ENDIF
A406              		PULSE ((117)>>6) & 1
A406 E1           		POP HL
A407 00           		NOP
A408              		IF ((117)>>5) & 1
A408 ED 51        		OUT (C),D
A40A              		ELSE
A40A              		DB 0xED,0x71
A40A              		ENDIF
A40A              		PULSE ((117)>>5) & 1
A40A 7D           		LD A,L
A40B E6 3F        		AND 63
A40D 5F           		LD E,A
A40E              		IF ((117)>>4) & 1
A40E ED 51        		OUT (C),D
A410              		ELSE
A410              		DB 0xED,0x71
A410              		ENDIF
A410              		PULSE ((117)>>4) & 1
A410 7D           		LD A,L
A411 E6 C0        		AND 192
A413 6F           		LD L,A
A414              		IF ((117)>>3) & 1
A414              		OUT (C),D
A414              		ELSE
A414 71           		DB 0xED,0x71
A416              		ENDIF
A416              		PULSE ((117)>>3) & 1
A416 00           		NOP
A417 00           		NOP
A418 00           		NOP
A419              		IF ((117)>>2) & 1
A419 ED 51        		OUT (C),D
A41B              		ELSE
A41B              		DB 0xED,0x71
A41B              		ENDIF
A41B              		PULSE ((117)>>2) & 1
A41B 3E 00        		LD A,0
A41D 3E 00        		LD A,0
A41F              		IF ((117)>>1) & 1
A41F              		OUT (C),D
A41F              		ELSE
A41F 71           		DB 0xED,0x71
A421              		ENDIF
A421              		PULSE ((117)>>1) & 1
A421 3E 00        		LD A,0
A423 00           		NOP
A424 00           		NOP
A425              		IF (117) & 1
A425 ED 51        		OUT (C),D
A427              		ELSE
A427              		DB 0xED,0x71
A427              		ENDIF
A427              		PULSE (117) & 1
A427 01 FE 00     		LD BC,0x00FE
A42A E9           		JP (HL)
A42B              		ASSERT $ <= second_address_117+44
A42B              		DS second_address_117+44-$
A42C              	        SECOND 117
A42C              		ASSERT $ == second_address_118
A42C              		IF ((118)>>7) & 1
A42C              		OUT (C),D
A42C              		ELSE
A42C 71           		DB 0xED,0x71
A42E              		ENDIF
A42E              		PULSE ((118)>>7) & 1
A42E FD E1        		POP IY
A430              		IF ((118)>>6) & 1
A430 ED 51        		OUT (C),D
A432              		ELSE
A432              		DB 0xED,0x71
A432              		ENDIF
A432              		PULSE ((118)>>6) & 1
A432 E1           		POP HL
A433 00           		NOP
A434              		IF ((118)>>5) & 1
A434 ED 51        		OUT (C),D
A436              		ELSE
A436              		DB 0xED,0x71
A436              		ENDIF
A436              		PULSE ((118)>>5) & 1
A436 7D           		LD A,L
A437 E6 3F        		AND 63
A439 5F           		LD E,A
A43A              		IF ((118)>>4) & 1
A43A ED 51        		OUT (C),D
A43C              		ELSE
A43C              		DB 0xED,0x71
A43C              		ENDIF
A43C              		PULSE ((118)>>4) & 1
A43C 7D           		LD A,L
A43D E6 C0        		AND 192
A43F 6F           		LD L,A
A440              		IF ((118)>>3) & 1
A440              		OUT (C),D
A440              		ELSE
A440 71           		DB 0xED,0x71
A442              		ENDIF
A442              		PULSE ((118)>>3) & 1
A442 00           		NOP
A443 00           		NOP
A444 00           		NOP
A445              		IF ((118)>>2) & 1
A445 ED 51        		OUT (C),D
A447              		ELSE
A447              		DB 0xED,0x71
A447              		ENDIF
A447              		PULSE ((118)>>2) & 1
A447 3E 00        		LD A,0
A449 3E 00        		LD A,0
A44B              		IF ((118)>>1) & 1
A44B ED 51        		OUT (C),D
A44D              		ELSE
A44D              		DB 0xED,0x71
A44D              		ENDIF
A44D              		PULSE ((118)>>1) & 1
A44D 3E 00        		LD A,0
A44F 00           		NOP
A450 00           		NOP
A451              		IF (118) & 1
A451              		OUT (C),D
A451              		ELSE
A451 71           		DB 0xED,0x71
A453              		ENDIF
A453              		PULSE (118) & 1
A453 01 FE 00     		LD BC,0x00FE
A456 E9           		JP (HL)
A457              		ASSERT $ <= second_address_118+44
A457              		DS second_address_118+44-$
A458              	        SECOND 118
A458              		ASSERT $ == second_address_119
A458              		IF ((119)>>7) & 1
A458              		OUT (C),D
A458              		ELSE
A458 71           		DB 0xED,0x71
A45A              		ENDIF
A45A              		PULSE ((119)>>7) & 1
A45A FD E1        		POP IY
A45C              		IF ((119)>>6) & 1
A45C ED 51        		OUT (C),D
A45E              		ELSE
A45E              		DB 0xED,0x71
A45E              		ENDIF
A45E              		PULSE ((119)>>6) & 1
A45E E1           		POP HL
A45F 00           		NOP
A460              		IF ((119)>>5) & 1
A460 ED 51        		OUT (C),D
A462              		ELSE
A462              		DB 0xED,0x71
A462              		ENDIF
A462              		PULSE ((119)>>5) & 1
A462 7D           		LD A,L
A463 E6 3F        		AND 63
A465 5F           		LD E,A
A466              		IF ((119)>>4) & 1
A466 ED 51        		OUT (C),D
A468              		ELSE
A468              		DB 0xED,0x71
A468              		ENDIF
A468              		PULSE ((119)>>4) & 1
A468 7D           		LD A,L
A469 E6 C0        		AND 192
A46B 6F           		LD L,A
A46C              		IF ((119)>>3) & 1
A46C              		OUT (C),D
A46C              		ELSE
A46C 71           		DB 0xED,0x71
A46E              		ENDIF
A46E              		PULSE ((119)>>3) & 1
A46E 00           		NOP
A46F 00           		NOP
A470 00           		NOP
A471              		IF ((119)>>2) & 1
A471 ED 51        		OUT (C),D
A473              		ELSE
A473              		DB 0xED,0x71
A473              		ENDIF
A473              		PULSE ((119)>>2) & 1
A473 3E 00        		LD A,0
A475 3E 00        		LD A,0
A477              		IF ((119)>>1) & 1
A477 ED 51        		OUT (C),D
A479              		ELSE
A479              		DB 0xED,0x71
A479              		ENDIF
A479              		PULSE ((119)>>1) & 1
A479 3E 00        		LD A,0
A47B 00           		NOP
A47C 00           		NOP
A47D              		IF (119) & 1
A47D ED 51        		OUT (C),D
A47F              		ELSE
A47F              		DB 0xED,0x71
A47F              		ENDIF
A47F              		PULSE (119) & 1
A47F 01 FE 00     		LD BC,0x00FE
A482 E9           		JP (HL)
A483              		ASSERT $ <= second_address_119+44
A483              		DS second_address_119+44-$
A484              	        SECOND 119
A484              		ASSERT $ == second_address_123
A484              		IF ((123)>>7) & 1
A484              		OUT (C),D
A484              		ELSE
A484 71           		DB 0xED,0x71
A486              		ENDIF
A486              		PULSE ((123)>>7) & 1
A486 FD E1        		POP IY
A488              		IF ((123)>>6) & 1
A488 ED 51        		OUT (C),D
A48A              		ELSE
A48A              		DB 0xED,0x71
A48A              		ENDIF
A48A              		PULSE ((123)>>6) & 1
A48A E1           		POP HL
A48B 00           		NOP
A48C              		IF ((123)>>5) & 1
A48C ED 51        		OUT (C),D
A48E              		ELSE
A48E              		DB 0xED,0x71
A48E              		ENDIF
A48E              		PULSE ((123)>>5) & 1
A48E 7D           		LD A,L
A48F E6 3F        		AND 63
A491 5F           		LD E,A
A492              		IF ((123)>>4) & 1
A492 ED 51        		OUT (C),D
A494              		ELSE
A494              		DB 0xED,0x71
A494              		ENDIF
A494              		PULSE ((123)>>4) & 1
A494 7D           		LD A,L
A495 E6 C0        		AND 192
A497 6F           		LD L,A
A498              		IF ((123)>>3) & 1
A498 ED 51        		OUT (C),D
A49A              		ELSE
A49A              		DB 0xED,0x71
A49A              		ENDIF
A49A              		PULSE ((123)>>3) & 1
A49A 00           		NOP
A49B 00           		NOP
A49C 00           		NOP
A49D              		IF ((123)>>2) & 1
A49D              		OUT (C),D
A49D              		ELSE
A49D 71           		DB 0xED,0x71
A49F              		ENDIF
A49F              		PULSE ((123)>>2) & 1
A49F 3E 00        		LD A,0
A4A1 3E 00        		LD A,0
A4A3              		IF ((123)>>1) & 1
A4A3 ED 51        		OUT (C),D
A4A5              		ELSE
A4A5              		DB 0xED,0x71
A4A5              		ENDIF
A4A5              		PULSE ((123)>>1) & 1
A4A5 3E 00        		LD A,0
A4A7 00           		NOP
A4A8 00           		NOP
A4A9              		IF (123) & 1
A4A9 ED 51        		OUT (C),D
A4AB              		ELSE
A4AB              		DB 0xED,0x71
A4AB              		ENDIF
A4AB              		PULSE (123) & 1
A4AB 01 FE 00     		LD BC,0x00FE
A4AE E9           		JP (HL)
A4AF              		ASSERT $ <= second_address_123+44
A4AF              		DS second_address_123+44-$
A4B0              	        SECOND 123
A4B0              		ASSERT $ == second_address_125
A4B0              		IF ((125)>>7) & 1
A4B0              		OUT (C),D
A4B0              		ELSE
A4B0 71           		DB 0xED,0x71
A4B2              		ENDIF
A4B2              		PULSE ((125)>>7) & 1
A4B2 FD E1        		POP IY
A4B4              		IF ((125)>>6) & 1
A4B4 ED 51        		OUT (C),D
A4B6              		ELSE
A4B6              		DB 0xED,0x71
A4B6              		ENDIF
A4B6              		PULSE ((125)>>6) & 1
A4B6 E1           		POP HL
A4B7 00           		NOP
A4B8              		IF ((125)>>5) & 1
A4B8 ED 51        		OUT (C),D
A4BA              		ELSE
A4BA              		DB 0xED,0x71
A4BA              		ENDIF
A4BA              		PULSE ((125)>>5) & 1
A4BA 7D           		LD A,L
A4BB E6 3F        		AND 63
A4BD 5F           		LD E,A
A4BE              		IF ((125)>>4) & 1
A4BE ED 51        		OUT (C),D
A4C0              		ELSE
A4C0              		DB 0xED,0x71
A4C0              		ENDIF
A4C0              		PULSE ((125)>>4) & 1
A4C0 7D           		LD A,L
A4C1 E6 C0        		AND 192
A4C3 6F           		LD L,A
A4C4              		IF ((125)>>3) & 1
A4C4 ED 51        		OUT (C),D
A4C6              		ELSE
A4C6              		DB 0xED,0x71
A4C6              		ENDIF
A4C6              		PULSE ((125)>>3) & 1
A4C6 00           		NOP
A4C7 00           		NOP
A4C8 00           		NOP
A4C9              		IF ((125)>>2) & 1
A4C9 ED 51        		OUT (C),D
A4CB              		ELSE
A4CB              		DB 0xED,0x71
A4CB              		ENDIF
A4CB              		PULSE ((125)>>2) & 1
A4CB 3E 00        		LD A,0
A4CD 3E 00        		LD A,0
A4CF              		IF ((125)>>1) & 1
A4CF              		OUT (C),D
A4CF              		ELSE
A4CF 71           		DB 0xED,0x71
A4D1              		ENDIF
A4D1              		PULSE ((125)>>1) & 1
A4D1 3E 00        		LD A,0
A4D3 00           		NOP
A4D4 00           		NOP
A4D5              		IF (125) & 1
A4D5 ED 51        		OUT (C),D
A4D7              		ELSE
A4D7              		DB 0xED,0x71
A4D7              		ENDIF
A4D7              		PULSE (125) & 1
A4D7 01 FE 00     		LD BC,0x00FE
A4DA E9           		JP (HL)
A4DB              		ASSERT $ <= second_address_125+44
A4DB              		DS second_address_125+44-$
A4DC              	        SECOND 125
A4DC              		ASSERT $ == second_address_126
A4DC              		IF ((126)>>7) & 1
A4DC              		OUT (C),D
A4DC              		ELSE
A4DC 71           		DB 0xED,0x71
A4DE              		ENDIF
A4DE              		PULSE ((126)>>7) & 1
A4DE FD E1        		POP IY
A4E0              		IF ((126)>>6) & 1
A4E0 ED 51        		OUT (C),D
A4E2              		ELSE
A4E2              		DB 0xED,0x71
A4E2              		ENDIF
A4E2              		PULSE ((126)>>6) & 1
A4E2 E1           		POP HL
A4E3 00           		NOP
A4E4              		IF ((126)>>5) & 1
A4E4 ED 51        		OUT (C),D
A4E6              		ELSE
A4E6              		DB 0xED,0x71
A4E6              		ENDIF
A4E6              		PULSE ((126)>>5) & 1
A4E6 7D           		LD A,L
A4E7 E6 3F        		AND 63
A4E9 5F           		LD E,A
A4EA              		IF ((126)>>4) & 1
A4EA ED 51        		OUT (C),D
A4EC              		ELSE
A4EC              		DB 0xED,0x71
A4EC              		ENDIF
A4EC              		PULSE ((126)>>4) & 1
A4EC 7D           		LD A,L
A4ED E6 C0        		AND 192
A4EF 6F           		LD L,A
A4F0              		IF ((126)>>3) & 1
A4F0 ED 51        		OUT (C),D
A4F2              		ELSE
A4F2              		DB 0xED,0x71
A4F2              		ENDIF
A4F2              		PULSE ((126)>>3) & 1
A4F2 00           		NOP
A4F3 00           		NOP
A4F4 00           		NOP
A4F5              		IF ((126)>>2) & 1
A4F5 ED 51        		OUT (C),D
A4F7              		ELSE
A4F7              		DB 0xED,0x71
A4F7              		ENDIF
A4F7              		PULSE ((126)>>2) & 1
A4F7 3E 00        		LD A,0
A4F9 3E 00        		LD A,0
A4FB              		IF ((126)>>1) & 1
A4FB ED 51        		OUT (C),D
A4FD              		ELSE
A4FD              		DB 0xED,0x71
A4FD              		ENDIF
A4FD              		PULSE ((126)>>1) & 1
A4FD 3E 00        		LD A,0
A4FF 00           		NOP
A500 00           		NOP
A501              		IF (126) & 1
A501              		OUT (C),D
A501              		ELSE
A501 71           		DB 0xED,0x71
A503              		ENDIF
A503              		PULSE (126) & 1
A503 01 FE 00     		LD BC,0x00FE
A506 E9           		JP (HL)
A507              		ASSERT $ <= second_address_126+44
A507              		DS second_address_126+44-$
A508              	        SECOND 126
A508              		ASSERT $ == second_address_127
A508              		IF ((127)>>7) & 1
A508              		OUT (C),D
A508              		ELSE
A508 71           		DB 0xED,0x71
A50A              		ENDIF
A50A              		PULSE ((127)>>7) & 1
A50A FD E1        		POP IY
A50C              		IF ((127)>>6) & 1
A50C ED 51        		OUT (C),D
A50E              		ELSE
A50E              		DB 0xED,0x71
A50E              		ENDIF
A50E              		PULSE ((127)>>6) & 1
A50E E1           		POP HL
A50F 00           		NOP
A510              		IF ((127)>>5) & 1
A510 ED 51        		OUT (C),D
A512              		ELSE
A512              		DB 0xED,0x71
A512              		ENDIF
A512              		PULSE ((127)>>5) & 1
A512 7D           		LD A,L
A513 E6 3F        		AND 63
A515 5F           		LD E,A
A516              		IF ((127)>>4) & 1
A516 ED 51        		OUT (C),D
A518              		ELSE
A518              		DB 0xED,0x71
A518              		ENDIF
A518              		PULSE ((127)>>4) & 1
A518 7D           		LD A,L
A519 E6 C0        		AND 192
A51B 6F           		LD L,A
A51C              		IF ((127)>>3) & 1
A51C ED 51        		OUT (C),D
A51E              		ELSE
A51E              		DB 0xED,0x71
A51E              		ENDIF
A51E              		PULSE ((127)>>3) & 1
A51E 00           		NOP
A51F 00           		NOP
A520 00           		NOP
A521              		IF ((127)>>2) & 1
A521 ED 51        		OUT (C),D
A523              		ELSE
A523              		DB 0xED,0x71
A523              		ENDIF
A523              		PULSE ((127)>>2) & 1
A523 3E 00        		LD A,0
A525 3E 00        		LD A,0
A527              		IF ((127)>>1) & 1
A527 ED 51        		OUT (C),D
A529              		ELSE
A529              		DB 0xED,0x71
A529              		ENDIF
A529              		PULSE ((127)>>1) & 1
A529 3E 00        		LD A,0
A52B 00           		NOP
A52C 00           		NOP
A52D              		IF (127) & 1
A52D ED 51        		OUT (C),D
A52F              		ELSE
A52F              		DB 0xED,0x71
A52F              		ENDIF
A52F              		PULSE (127) & 1
A52F 01 FE 00     		LD BC,0x00FE
A532 E9           		JP (HL)
A533              		ASSERT $ <= second_address_127+44
A533              		DS second_address_127+44-$
A534              	        SECOND 127
A534              		ASSERT $ == second_address_128
A534              		IF ((128)>>7) & 1
A534 ED 51        		OUT (C),D
A536              		ELSE
A536              		DB 0xED,0x71
A536              		ENDIF
A536              		PULSE ((128)>>7) & 1
A536 FD E1        		POP IY
A538              		IF ((128)>>6) & 1
A538              		OUT (C),D
A538              		ELSE
A538 71           		DB 0xED,0x71
A53A              		ENDIF
A53A              		PULSE ((128)>>6) & 1
A53A E1           		POP HL
A53B 00           		NOP
A53C              		IF ((128)>>5) & 1
A53C              		OUT (C),D
A53C              		ELSE
A53C 71           		DB 0xED,0x71
A53E              		ENDIF
A53E              		PULSE ((128)>>5) & 1
A53E 7D           		LD A,L
A53F E6 3F        		AND 63
A541 5F           		LD E,A
A542              		IF ((128)>>4) & 1
A542              		OUT (C),D
A542              		ELSE
A542 71           		DB 0xED,0x71
A544              		ENDIF
A544              		PULSE ((128)>>4) & 1
A544 7D           		LD A,L
A545 E6 C0        		AND 192
A547 6F           		LD L,A
A548              		IF ((128)>>3) & 1
A548              		OUT (C),D
A548              		ELSE
A548 71           		DB 0xED,0x71
A54A              		ENDIF
A54A              		PULSE ((128)>>3) & 1
A54A 00           		NOP
A54B 00           		NOP
A54C 00           		NOP
A54D              		IF ((128)>>2) & 1
A54D              		OUT (C),D
A54D              		ELSE
A54D 71           		DB 0xED,0x71
A54F              		ENDIF
A54F              		PULSE ((128)>>2) & 1
A54F 3E 00        		LD A,0
A551 3E 00        		LD A,0
A553              		IF ((128)>>1) & 1
A553              		OUT (C),D
A553              		ELSE
A553 71           		DB 0xED,0x71
A555              		ENDIF
A555              		PULSE ((128)>>1) & 1
A555 3E 00        		LD A,0
A557 00           		NOP
A558 00           		NOP
A559              		IF (128) & 1
A559              		OUT (C),D
A559              		ELSE
A559 71           		DB 0xED,0x71
A55B              		ENDIF
A55B              		PULSE (128) & 1
A55B 01 FE 00     		LD BC,0x00FE
A55E E9           		JP (HL)
A55F              		ASSERT $ <= second_address_128+44
A55F              		DS second_address_128+44-$
A560              	        SECOND 128
A560              		ASSERT $ == second_address_129
A560              		IF ((129)>>7) & 1
A560 ED 51        		OUT (C),D
A562              		ELSE
A562              		DB 0xED,0x71
A562              		ENDIF
A562              		PULSE ((129)>>7) & 1
A562 FD E1        		POP IY
A564              		IF ((129)>>6) & 1
A564              		OUT (C),D
A564              		ELSE
A564 71           		DB 0xED,0x71
A566              		ENDIF
A566              		PULSE ((129)>>6) & 1
A566 E1           		POP HL
A567 00           		NOP
A568              		IF ((129)>>5) & 1
A568              		OUT (C),D
A568              		ELSE
A568 71           		DB 0xED,0x71
A56A              		ENDIF
A56A              		PULSE ((129)>>5) & 1
A56A 7D           		LD A,L
A56B E6 3F        		AND 63
A56D 5F           		LD E,A
A56E              		IF ((129)>>4) & 1
A56E              		OUT (C),D
A56E              		ELSE
A56E 71           		DB 0xED,0x71
A570              		ENDIF
A570              		PULSE ((129)>>4) & 1
A570 7D           		LD A,L
A571 E6 C0        		AND 192
A573 6F           		LD L,A
A574              		IF ((129)>>3) & 1
A574              		OUT (C),D
A574              		ELSE
A574 71           		DB 0xED,0x71
A576              		ENDIF
A576              		PULSE ((129)>>3) & 1
A576 00           		NOP
A577 00           		NOP
A578 00           		NOP
A579              		IF ((129)>>2) & 1
A579              		OUT (C),D
A579              		ELSE
A579 71           		DB 0xED,0x71
A57B              		ENDIF
A57B              		PULSE ((129)>>2) & 1
A57B 3E 00        		LD A,0
A57D 3E 00        		LD A,0
A57F              		IF ((129)>>1) & 1
A57F              		OUT (C),D
A57F              		ELSE
A57F 71           		DB 0xED,0x71
A581              		ENDIF
A581              		PULSE ((129)>>1) & 1
A581 3E 00        		LD A,0
A583 00           		NOP
A584 00           		NOP
A585              		IF (129) & 1
A585 ED 51        		OUT (C),D
A587              		ELSE
A587              		DB 0xED,0x71
A587              		ENDIF
A587              		PULSE (129) & 1
A587 01 FE 00     		LD BC,0x00FE
A58A E9           		JP (HL)
A58B              		ASSERT $ <= second_address_129+44
A58B              		DS second_address_129+44-$
A58C              	        SECOND 129
A58C              		ASSERT $ == second_address_130
A58C              		IF ((130)>>7) & 1
A58C ED 51        		OUT (C),D
A58E              		ELSE
A58E              		DB 0xED,0x71
A58E              		ENDIF
A58E              		PULSE ((130)>>7) & 1
A58E FD E1        		POP IY
A590              		IF ((130)>>6) & 1
A590              		OUT (C),D
A590              		ELSE
A590 71           		DB 0xED,0x71
A592              		ENDIF
A592              		PULSE ((130)>>6) & 1
A592 E1           		POP HL
A593 00           		NOP
A594              		IF ((130)>>5) & 1
A594              		OUT (C),D
A594              		ELSE
A594 71           		DB 0xED,0x71
A596              		ENDIF
A596              		PULSE ((130)>>5) & 1
A596 7D           		LD A,L
A597 E6 3F        		AND 63
A599 5F           		LD E,A
A59A              		IF ((130)>>4) & 1
A59A              		OUT (C),D
A59A              		ELSE
A59A 71           		DB 0xED,0x71
A59C              		ENDIF
A59C              		PULSE ((130)>>4) & 1
A59C 7D           		LD A,L
A59D E6 C0        		AND 192
A59F 6F           		LD L,A
A5A0              		IF ((130)>>3) & 1
A5A0              		OUT (C),D
A5A0              		ELSE
A5A0 71           		DB 0xED,0x71
A5A2              		ENDIF
A5A2              		PULSE ((130)>>3) & 1
A5A2 00           		NOP
A5A3 00           		NOP
A5A4 00           		NOP
A5A5              		IF ((130)>>2) & 1
A5A5              		OUT (C),D
A5A5              		ELSE
A5A5 71           		DB 0xED,0x71
A5A7              		ENDIF
A5A7              		PULSE ((130)>>2) & 1
A5A7 3E 00        		LD A,0
A5A9 3E 00        		LD A,0
A5AB              		IF ((130)>>1) & 1
A5AB ED 51        		OUT (C),D
A5AD              		ELSE
A5AD              		DB 0xED,0x71
A5AD              		ENDIF
A5AD              		PULSE ((130)>>1) & 1
A5AD 3E 00        		LD A,0
A5AF 00           		NOP
A5B0 00           		NOP
A5B1              		IF (130) & 1
A5B1              		OUT (C),D
A5B1              		ELSE
A5B1 71           		DB 0xED,0x71
A5B3              		ENDIF
A5B3              		PULSE (130) & 1
A5B3 01 FE 00     		LD BC,0x00FE
A5B6 E9           		JP (HL)
A5B7              		ASSERT $ <= second_address_130+44
A5B7              		DS second_address_130+44-$
A5B8              	        SECOND 130
A5B8              		ASSERT $ == second_address_132
A5B8              		IF ((132)>>7) & 1
A5B8 ED 51        		OUT (C),D
A5BA              		ELSE
A5BA              		DB 0xED,0x71
A5BA              		ENDIF
A5BA              		PULSE ((132)>>7) & 1
A5BA FD E1        		POP IY
A5BC              		IF ((132)>>6) & 1
A5BC              		OUT (C),D
A5BC              		ELSE
A5BC 71           		DB 0xED,0x71
A5BE              		ENDIF
A5BE              		PULSE ((132)>>6) & 1
A5BE E1           		POP HL
A5BF 00           		NOP
A5C0              		IF ((132)>>5) & 1
A5C0              		OUT (C),D
A5C0              		ELSE
A5C0 71           		DB 0xED,0x71
A5C2              		ENDIF
A5C2              		PULSE ((132)>>5) & 1
A5C2 7D           		LD A,L
A5C3 E6 3F        		AND 63
A5C5 5F           		LD E,A
A5C6              		IF ((132)>>4) & 1
A5C6              		OUT (C),D
A5C6              		ELSE
A5C6 71           		DB 0xED,0x71
A5C8              		ENDIF
A5C8              		PULSE ((132)>>4) & 1
A5C8 7D           		LD A,L
A5C9 E6 C0        		AND 192
A5CB 6F           		LD L,A
A5CC              		IF ((132)>>3) & 1
A5CC              		OUT (C),D
A5CC              		ELSE
A5CC 71           		DB 0xED,0x71
A5CE              		ENDIF
A5CE              		PULSE ((132)>>3) & 1
A5CE 00           		NOP
A5CF 00           		NOP
A5D0 00           		NOP
A5D1              		IF ((132)>>2) & 1
A5D1 ED 51        		OUT (C),D
A5D3              		ELSE
A5D3              		DB 0xED,0x71
A5D3              		ENDIF
A5D3              		PULSE ((132)>>2) & 1
A5D3 3E 00        		LD A,0
A5D5 3E 00        		LD A,0
A5D7              		IF ((132)>>1) & 1
A5D7              		OUT (C),D
A5D7              		ELSE
A5D7 71           		DB 0xED,0x71
A5D9              		ENDIF
A5D9              		PULSE ((132)>>1) & 1
A5D9 3E 00        		LD A,0
A5DB 00           		NOP
A5DC 00           		NOP
A5DD              		IF (132) & 1
A5DD              		OUT (C),D
A5DD              		ELSE
A5DD 71           		DB 0xED,0x71
A5DF              		ENDIF
A5DF              		PULSE (132) & 1
A5DF 01 FE 00     		LD BC,0x00FE
A5E2 E9           		JP (HL)
A5E3              		ASSERT $ <= second_address_132+44
A5E3              		DS second_address_132+44-$
A5E4              	        SECOND 132
A5E4              		ASSERT $ == second_address_136
A5E4              		IF ((136)>>7) & 1
A5E4 ED 51        		OUT (C),D
A5E6              		ELSE
A5E6              		DB 0xED,0x71
A5E6              		ENDIF
A5E6              		PULSE ((136)>>7) & 1
A5E6 FD E1        		POP IY
A5E8              		IF ((136)>>6) & 1
A5E8              		OUT (C),D
A5E8              		ELSE
A5E8 71           		DB 0xED,0x71
A5EA              		ENDIF
A5EA              		PULSE ((136)>>6) & 1
A5EA E1           		POP HL
A5EB 00           		NOP
A5EC              		IF ((136)>>5) & 1
A5EC              		OUT (C),D
A5EC              		ELSE
A5EC 71           		DB 0xED,0x71
A5EE              		ENDIF
A5EE              		PULSE ((136)>>5) & 1
A5EE 7D           		LD A,L
A5EF E6 3F        		AND 63
A5F1 5F           		LD E,A
A5F2              		IF ((136)>>4) & 1
A5F2              		OUT (C),D
A5F2              		ELSE
A5F2 71           		DB 0xED,0x71
A5F4              		ENDIF
A5F4              		PULSE ((136)>>4) & 1
A5F4 7D           		LD A,L
A5F5 E6 C0        		AND 192
A5F7 6F           		LD L,A
A5F8              		IF ((136)>>3) & 1
A5F8 ED 51        		OUT (C),D
A5FA              		ELSE
A5FA              		DB 0xED,0x71
A5FA              		ENDIF
A5FA              		PULSE ((136)>>3) & 1
A5FA 00           		NOP
A5FB 00           		NOP
A5FC 00           		NOP
A5FD              		IF ((136)>>2) & 1
A5FD              		OUT (C),D
A5FD              		ELSE
A5FD 71           		DB 0xED,0x71
A5FF              		ENDIF
A5FF              		PULSE ((136)>>2) & 1
A5FF 3E 00        		LD A,0
A601 3E 00        		LD A,0
A603              		IF ((136)>>1) & 1
A603              		OUT (C),D
A603              		ELSE
A603 71           		DB 0xED,0x71
A605              		ENDIF
A605              		PULSE ((136)>>1) & 1
A605 3E 00        		LD A,0
A607 00           		NOP
A608 00           		NOP
A609              		IF (136) & 1
A609              		OUT (C),D
A609              		ELSE
A609 71           		DB 0xED,0x71
A60B              		ENDIF
A60B              		PULSE (136) & 1
A60B 01 FE 00     		LD BC,0x00FE
A60E E9           		JP (HL)
A60F              		ASSERT $ <= second_address_136+44
A60F              		DS second_address_136+44-$
A610              	        SECOND 136
A610              		ASSERT $ == second_address_137
A610              		IF ((137)>>7) & 1
A610 ED 51        		OUT (C),D
A612              		ELSE
A612              		DB 0xED,0x71
A612              		ENDIF
A612              		PULSE ((137)>>7) & 1
A612 FD E1        		POP IY
A614              		IF ((137)>>6) & 1
A614              		OUT (C),D
A614              		ELSE
A614 71           		DB 0xED,0x71
A616              		ENDIF
A616              		PULSE ((137)>>6) & 1
A616 E1           		POP HL
A617 00           		NOP
A618              		IF ((137)>>5) & 1
A618              		OUT (C),D
A618              		ELSE
A618 71           		DB 0xED,0x71
A61A              		ENDIF
A61A              		PULSE ((137)>>5) & 1
A61A 7D           		LD A,L
A61B E6 3F        		AND 63
A61D 5F           		LD E,A
A61E              		IF ((137)>>4) & 1
A61E              		OUT (C),D
A61E              		ELSE
A61E 71           		DB 0xED,0x71
A620              		ENDIF
A620              		PULSE ((137)>>4) & 1
A620 7D           		LD A,L
A621 E6 C0        		AND 192
A623 6F           		LD L,A
A624              		IF ((137)>>3) & 1
A624 ED 51        		OUT (C),D
A626              		ELSE
A626              		DB 0xED,0x71
A626              		ENDIF
A626              		PULSE ((137)>>3) & 1
A626 00           		NOP
A627 00           		NOP
A628 00           		NOP
A629              		IF ((137)>>2) & 1
A629              		OUT (C),D
A629              		ELSE
A629 71           		DB 0xED,0x71
A62B              		ENDIF
A62B              		PULSE ((137)>>2) & 1
A62B 3E 00        		LD A,0
A62D 3E 00        		LD A,0
A62F              		IF ((137)>>1) & 1
A62F              		OUT (C),D
A62F              		ELSE
A62F 71           		DB 0xED,0x71
A631              		ENDIF
A631              		PULSE ((137)>>1) & 1
A631 3E 00        		LD A,0
A633 00           		NOP
A634 00           		NOP
A635              		IF (137) & 1
A635 ED 51        		OUT (C),D
A637              		ELSE
A637              		DB 0xED,0x71
A637              		ENDIF
A637              		PULSE (137) & 1
A637 01 FE 00     		LD BC,0x00FE
A63A E9           		JP (HL)
A63B              		ASSERT $ <= second_address_137+44
A63B              		DS second_address_137+44-$
A63C              	        SECOND 137
A63C              		ASSERT $ == second_address_138
A63C              		IF ((138)>>7) & 1
A63C ED 51        		OUT (C),D
A63E              		ELSE
A63E              		DB 0xED,0x71
A63E              		ENDIF
A63E              		PULSE ((138)>>7) & 1
A63E FD E1        		POP IY
A640              		IF ((138)>>6) & 1
A640              		OUT (C),D
A640              		ELSE
A640 71           		DB 0xED,0x71
A642              		ENDIF
A642              		PULSE ((138)>>6) & 1
A642 E1           		POP HL
A643 00           		NOP
A644              		IF ((138)>>5) & 1
A644              		OUT (C),D
A644              		ELSE
A644 71           		DB 0xED,0x71
A646              		ENDIF
A646              		PULSE ((138)>>5) & 1
A646 7D           		LD A,L
A647 E6 3F        		AND 63
A649 5F           		LD E,A
A64A              		IF ((138)>>4) & 1
A64A              		OUT (C),D
A64A              		ELSE
A64A 71           		DB 0xED,0x71
A64C              		ENDIF
A64C              		PULSE ((138)>>4) & 1
A64C 7D           		LD A,L
A64D E6 C0        		AND 192
A64F 6F           		LD L,A
A650              		IF ((138)>>3) & 1
A650 ED 51        		OUT (C),D
A652              		ELSE
A652              		DB 0xED,0x71
A652              		ENDIF
A652              		PULSE ((138)>>3) & 1
A652 00           		NOP
A653 00           		NOP
A654 00           		NOP
A655              		IF ((138)>>2) & 1
A655              		OUT (C),D
A655              		ELSE
A655 71           		DB 0xED,0x71
A657              		ENDIF
A657              		PULSE ((138)>>2) & 1
A657 3E 00        		LD A,0
A659 3E 00        		LD A,0
A65B              		IF ((138)>>1) & 1
A65B ED 51        		OUT (C),D
A65D              		ELSE
A65D              		DB 0xED,0x71
A65D              		ENDIF
A65D              		PULSE ((138)>>1) & 1
A65D 3E 00        		LD A,0
A65F 00           		NOP
A660 00           		NOP
A661              		IF (138) & 1
A661              		OUT (C),D
A661              		ELSE
A661 71           		DB 0xED,0x71
A663              		ENDIF
A663              		PULSE (138) & 1
A663 01 FE 00     		LD BC,0x00FE
A666 E9           		JP (HL)
A667              		ASSERT $ <= second_address_138+44
A667              		DS second_address_138+44-$
A668              	        SECOND 138
A668              		ASSERT $ == second_address_145
A668              		IF ((145)>>7) & 1
A668 ED 51        		OUT (C),D
A66A              		ELSE
A66A              		DB 0xED,0x71
A66A              		ENDIF
A66A              		PULSE ((145)>>7) & 1
A66A FD E1        		POP IY
A66C              		IF ((145)>>6) & 1
A66C              		OUT (C),D
A66C              		ELSE
A66C 71           		DB 0xED,0x71
A66E              		ENDIF
A66E              		PULSE ((145)>>6) & 1
A66E E1           		POP HL
A66F 00           		NOP
A670              		IF ((145)>>5) & 1
A670              		OUT (C),D
A670              		ELSE
A670 71           		DB 0xED,0x71
A672              		ENDIF
A672              		PULSE ((145)>>5) & 1
A672 7D           		LD A,L
A673 E6 3F        		AND 63
A675 5F           		LD E,A
A676              		IF ((145)>>4) & 1
A676 ED 51        		OUT (C),D
A678              		ELSE
A678              		DB 0xED,0x71
A678              		ENDIF
A678              		PULSE ((145)>>4) & 1
A678 7D           		LD A,L
A679 E6 C0        		AND 192
A67B 6F           		LD L,A
A67C              		IF ((145)>>3) & 1
A67C              		OUT (C),D
A67C              		ELSE
A67C 71           		DB 0xED,0x71
A67E              		ENDIF
A67E              		PULSE ((145)>>3) & 1
A67E 00           		NOP
A67F 00           		NOP
A680 00           		NOP
A681              		IF ((145)>>2) & 1
A681              		OUT (C),D
A681              		ELSE
A681 71           		DB 0xED,0x71
A683              		ENDIF
A683              		PULSE ((145)>>2) & 1
A683 3E 00        		LD A,0
A685 3E 00        		LD A,0
A687              		IF ((145)>>1) & 1
A687              		OUT (C),D
A687              		ELSE
A687 71           		DB 0xED,0x71
A689              		ENDIF
A689              		PULSE ((145)>>1) & 1
A689 3E 00        		LD A,0
A68B 00           		NOP
A68C 00           		NOP
A68D              		IF (145) & 1
A68D ED 51        		OUT (C),D
A68F              		ELSE
A68F              		DB 0xED,0x71
A68F              		ENDIF
A68F              		PULSE (145) & 1
A68F 01 FE 00     		LD BC,0x00FE
A692 E9           		JP (HL)
A693              		ASSERT $ <= second_address_145+44
A693              		DS second_address_145+44-$
A694              	        SECOND 145
A694              		ASSERT $ == second_address_146
A694              		IF ((146)>>7) & 1
A694 ED 51        		OUT (C),D
A696              		ELSE
A696              		DB 0xED,0x71
A696              		ENDIF
A696              		PULSE ((146)>>7) & 1
A696 FD E1        		POP IY
A698              		IF ((146)>>6) & 1
A698              		OUT (C),D
A698              		ELSE
A698 71           		DB 0xED,0x71
A69A              		ENDIF
A69A              		PULSE ((146)>>6) & 1
A69A E1           		POP HL
A69B 00           		NOP
A69C              		IF ((146)>>5) & 1
A69C              		OUT (C),D
A69C              		ELSE
A69C 71           		DB 0xED,0x71
A69E              		ENDIF
A69E              		PULSE ((146)>>5) & 1
A69E 7D           		LD A,L
A69F E6 3F        		AND 63
A6A1 5F           		LD E,A
A6A2              		IF ((146)>>4) & 1
A6A2 ED 51        		OUT (C),D
A6A4              		ELSE
A6A4              		DB 0xED,0x71
A6A4              		ENDIF
A6A4              		PULSE ((146)>>4) & 1
A6A4 7D           		LD A,L
A6A5 E6 C0        		AND 192
A6A7 6F           		LD L,A
A6A8              		IF ((146)>>3) & 1
A6A8              		OUT (C),D
A6A8              		ELSE
A6A8 71           		DB 0xED,0x71
A6AA              		ENDIF
A6AA              		PULSE ((146)>>3) & 1
A6AA 00           		NOP
A6AB 00           		NOP
A6AC 00           		NOP
A6AD              		IF ((146)>>2) & 1
A6AD              		OUT (C),D
A6AD              		ELSE
A6AD 71           		DB 0xED,0x71
A6AF              		ENDIF
A6AF              		PULSE ((146)>>2) & 1
A6AF 3E 00        		LD A,0
A6B1 3E 00        		LD A,0
A6B3              		IF ((146)>>1) & 1
A6B3 ED 51        		OUT (C),D
A6B5              		ELSE
A6B5              		DB 0xED,0x71
A6B5              		ENDIF
A6B5              		PULSE ((146)>>1) & 1
A6B5 3E 00        		LD A,0
A6B7 00           		NOP
A6B8 00           		NOP
A6B9              		IF (146) & 1
A6B9              		OUT (C),D
A6B9              		ELSE
A6B9 71           		DB 0xED,0x71
A6BB              		ENDIF
A6BB              		PULSE (146) & 1
A6BB 01 FE 00     		LD BC,0x00FE
A6BE E9           		JP (HL)
A6BF              		ASSERT $ <= second_address_146+44
A6BF              		DS second_address_146+44-$
A6C0              	        SECOND 146
A6C0              		ASSERT $ == second_address_148
A6C0              		IF ((148)>>7) & 1
A6C0 ED 51        		OUT (C),D
A6C2              		ELSE
A6C2              		DB 0xED,0x71
A6C2              		ENDIF
A6C2              		PULSE ((148)>>7) & 1
A6C2 FD E1        		POP IY
A6C4              		IF ((148)>>6) & 1
A6C4              		OUT (C),D
A6C4              		ELSE
A6C4 71           		DB 0xED,0x71
A6C6              		ENDIF
A6C6              		PULSE ((148)>>6) & 1
A6C6 E1           		POP HL
A6C7 00           		NOP
A6C8              		IF ((148)>>5) & 1
A6C8              		OUT (C),D
A6C8              		ELSE
A6C8 71           		DB 0xED,0x71
A6CA              		ENDIF
A6CA              		PULSE ((148)>>5) & 1
A6CA 7D           		LD A,L
A6CB E6 3F        		AND 63
A6CD 5F           		LD E,A
A6CE              		IF ((148)>>4) & 1
A6CE ED 51        		OUT (C),D
A6D0              		ELSE
A6D0              		DB 0xED,0x71
A6D0              		ENDIF
A6D0              		PULSE ((148)>>4) & 1
A6D0 7D           		LD A,L
A6D1 E6 C0        		AND 192
A6D3 6F           		LD L,A
A6D4              		IF ((148)>>3) & 1
A6D4              		OUT (C),D
A6D4              		ELSE
A6D4 71           		DB 0xED,0x71
A6D6              		ENDIF
A6D6              		PULSE ((148)>>3) & 1
A6D6 00           		NOP
A6D7 00           		NOP
A6D8 00           		NOP
A6D9              		IF ((148)>>2) & 1
A6D9 ED 51        		OUT (C),D
A6DB              		ELSE
A6DB              		DB 0xED,0x71
A6DB              		ENDIF
A6DB              		PULSE ((148)>>2) & 1
A6DB 3E 00        		LD A,0
A6DD 3E 00        		LD A,0
A6DF              		IF ((148)>>1) & 1
A6DF              		OUT (C),D
A6DF              		ELSE
A6DF 71           		DB 0xED,0x71
A6E1              		ENDIF
A6E1              		PULSE ((148)>>1) & 1
A6E1 3E 00        		LD A,0
A6E3 00           		NOP
A6E4 00           		NOP
A6E5              		IF (148) & 1
A6E5              		OUT (C),D
A6E5              		ELSE
A6E5 71           		DB 0xED,0x71
A6E7              		ENDIF
A6E7              		PULSE (148) & 1
A6E7 01 FE 00     		LD BC,0x00FE
A6EA E9           		JP (HL)
A6EB              		ASSERT $ <= second_address_148+44
A6EB              		DS second_address_148+44-$
A6EC              	        SECOND 148
A6EC              		ASSERT $ == second_address_149
A6EC              		IF ((149)>>7) & 1
A6EC ED 51        		OUT (C),D
A6EE              		ELSE
A6EE              		DB 0xED,0x71
A6EE              		ENDIF
A6EE              		PULSE ((149)>>7) & 1
A6EE FD E1        		POP IY
A6F0              		IF ((149)>>6) & 1
A6F0              		OUT (C),D
A6F0              		ELSE
A6F0 71           		DB 0xED,0x71
A6F2              		ENDIF
A6F2              		PULSE ((149)>>6) & 1
A6F2 E1           		POP HL
A6F3 00           		NOP
A6F4              		IF ((149)>>5) & 1
A6F4              		OUT (C),D
A6F4              		ELSE
A6F4 71           		DB 0xED,0x71
A6F6              		ENDIF
A6F6              		PULSE ((149)>>5) & 1
A6F6 7D           		LD A,L
A6F7 E6 3F        		AND 63
A6F9 5F           		LD E,A
A6FA              		IF ((149)>>4) & 1
A6FA ED 51        		OUT (C),D
A6FC              		ELSE
A6FC              		DB 0xED,0x71
A6FC              		ENDIF
A6FC              		PULSE ((149)>>4) & 1
A6FC 7D           		LD A,L
A6FD E6 C0        		AND 192
A6FF 6F           		LD L,A
A700              		IF ((149)>>3) & 1
A700              		OUT (C),D
A700              		ELSE
A700 71           		DB 0xED,0x71
A702              		ENDIF
A702              		PULSE ((149)>>3) & 1
A702 00           		NOP
A703 00           		NOP
A704 00           		NOP
A705              		IF ((149)>>2) & 1
A705 ED 51        		OUT (C),D
A707              		ELSE
A707              		DB 0xED,0x71
A707              		ENDIF
A707              		PULSE ((149)>>2) & 1
A707 3E 00        		LD A,0
A709 3E 00        		LD A,0
A70B              		IF ((149)>>1) & 1
A70B              		OUT (C),D
A70B              		ELSE
A70B 71           		DB 0xED,0x71
A70D              		ENDIF
A70D              		PULSE ((149)>>1) & 1
A70D 3E 00        		LD A,0
A70F 00           		NOP
A710 00           		NOP
A711              		IF (149) & 1
A711 ED 51        		OUT (C),D
A713              		ELSE
A713              		DB 0xED,0x71
A713              		ENDIF
A713              		PULSE (149) & 1
A713 01 FE 00     		LD BC,0x00FE
A716 E9           		JP (HL)
A717              		ASSERT $ <= second_address_149+44
A717              		DS second_address_149+44-$
A718              	        SECOND 149
A718              		ASSERT $ == second_address_153
A718              		IF ((153)>>7) & 1
A718 ED 51        		OUT (C),D
A71A              		ELSE
A71A              		DB 0xED,0x71
A71A              		ENDIF
A71A              		PULSE ((153)>>7) & 1
A71A FD E1        		POP IY
A71C              		IF ((153)>>6) & 1
A71C              		OUT (C),D
A71C              		ELSE
A71C 71           		DB 0xED,0x71
A71E              		ENDIF
A71E              		PULSE ((153)>>6) & 1
A71E E1           		POP HL
A71F 00           		NOP
A720              		IF ((153)>>5) & 1
A720              		OUT (C),D
A720              		ELSE
A720 71           		DB 0xED,0x71
A722              		ENDIF
A722              		PULSE ((153)>>5) & 1
A722 7D           		LD A,L
A723 E6 3F        		AND 63
A725 5F           		LD E,A
A726              		IF ((153)>>4) & 1
A726 ED 51        		OUT (C),D
A728              		ELSE
A728              		DB 0xED,0x71
A728              		ENDIF
A728              		PULSE ((153)>>4) & 1
A728 7D           		LD A,L
A729 E6 C0        		AND 192
A72B 6F           		LD L,A
A72C              		IF ((153)>>3) & 1
A72C ED 51        		OUT (C),D
A72E              		ELSE
A72E              		DB 0xED,0x71
A72E              		ENDIF
A72E              		PULSE ((153)>>3) & 1
A72E 00           		NOP
A72F 00           		NOP
A730 00           		NOP
A731              		IF ((153)>>2) & 1
A731              		OUT (C),D
A731              		ELSE
A731 71           		DB 0xED,0x71
A733              		ENDIF
A733              		PULSE ((153)>>2) & 1
A733 3E 00        		LD A,0
A735 3E 00        		LD A,0
A737              		IF ((153)>>1) & 1
A737              		OUT (C),D
A737              		ELSE
A737 71           		DB 0xED,0x71
A739              		ENDIF
A739              		PULSE ((153)>>1) & 1
A739 3E 00        		LD A,0
A73B 00           		NOP
A73C 00           		NOP
A73D              		IF (153) & 1
A73D ED 51        		OUT (C),D
A73F              		ELSE
A73F              		DB 0xED,0x71
A73F              		ENDIF
A73F              		PULSE (153) & 1
A73F 01 FE 00     		LD BC,0x00FE
A742 E9           		JP (HL)
A743              		ASSERT $ <= second_address_153+44
A743              		DS second_address_153+44-$
A744              	        SECOND 153
A744              		ASSERT $ == second_address_154
A744              		IF ((154)>>7) & 1
A744 ED 51        		OUT (C),D
A746              		ELSE
A746              		DB 0xED,0x71
A746              		ENDIF
A746              		PULSE ((154)>>7) & 1
A746 FD E1        		POP IY
A748              		IF ((154)>>6) & 1
A748              		OUT (C),D
A748              		ELSE
A748 71           		DB 0xED,0x71
A74A              		ENDIF
A74A              		PULSE ((154)>>6) & 1
A74A E1           		POP HL
A74B 00           		NOP
A74C              		IF ((154)>>5) & 1
A74C              		OUT (C),D
A74C              		ELSE
A74C 71           		DB 0xED,0x71
A74E              		ENDIF
A74E              		PULSE ((154)>>5) & 1
A74E 7D           		LD A,L
A74F E6 3F        		AND 63
A751 5F           		LD E,A
A752              		IF ((154)>>4) & 1
A752 ED 51        		OUT (C),D
A754              		ELSE
A754              		DB 0xED,0x71
A754              		ENDIF
A754              		PULSE ((154)>>4) & 1
A754 7D           		LD A,L
A755 E6 C0        		AND 192
A757 6F           		LD L,A
A758              		IF ((154)>>3) & 1
A758 ED 51        		OUT (C),D
A75A              		ELSE
A75A              		DB 0xED,0x71
A75A              		ENDIF
A75A              		PULSE ((154)>>3) & 1
A75A 00           		NOP
A75B 00           		NOP
A75C 00           		NOP
A75D              		IF ((154)>>2) & 1
A75D              		OUT (C),D
A75D              		ELSE
A75D 71           		DB 0xED,0x71
A75F              		ENDIF
A75F              		PULSE ((154)>>2) & 1
A75F 3E 00        		LD A,0
A761 3E 00        		LD A,0
A763              		IF ((154)>>1) & 1
A763 ED 51        		OUT (C),D
A765              		ELSE
A765              		DB 0xED,0x71
A765              		ENDIF
A765              		PULSE ((154)>>1) & 1
A765 3E 00        		LD A,0
A767 00           		NOP
A768 00           		NOP
A769              		IF (154) & 1
A769              		OUT (C),D
A769              		ELSE
A769 71           		DB 0xED,0x71
A76B              		ENDIF
A76B              		PULSE (154) & 1
A76B 01 FE 00     		LD BC,0x00FE
A76E E9           		JP (HL)
A76F              		ASSERT $ <= second_address_154+44
A76F              		DS second_address_154+44-$
A770              	        SECOND 154
A770              		ASSERT $ == second_address_162
A770              		IF ((162)>>7) & 1
A770 ED 51        		OUT (C),D
A772              		ELSE
A772              		DB 0xED,0x71
A772              		ENDIF
A772              		PULSE ((162)>>7) & 1
A772 FD E1        		POP IY
A774              		IF ((162)>>6) & 1
A774              		OUT (C),D
A774              		ELSE
A774 71           		DB 0xED,0x71
A776              		ENDIF
A776              		PULSE ((162)>>6) & 1
A776 E1           		POP HL
A777 00           		NOP
A778              		IF ((162)>>5) & 1
A778 ED 51        		OUT (C),D
A77A              		ELSE
A77A              		DB 0xED,0x71
A77A              		ENDIF
A77A              		PULSE ((162)>>5) & 1
A77A 7D           		LD A,L
A77B E6 3F        		AND 63
A77D 5F           		LD E,A
A77E              		IF ((162)>>4) & 1
A77E              		OUT (C),D
A77E              		ELSE
A77E 71           		DB 0xED,0x71
A780              		ENDIF
A780              		PULSE ((162)>>4) & 1
A780 7D           		LD A,L
A781 E6 C0        		AND 192
A783 6F           		LD L,A
A784              		IF ((162)>>3) & 1
A784              		OUT (C),D
A784              		ELSE
A784 71           		DB 0xED,0x71
A786              		ENDIF
A786              		PULSE ((162)>>3) & 1
A786 00           		NOP
A787 00           		NOP
A788 00           		NOP
A789              		IF ((162)>>2) & 1
A789              		OUT (C),D
A789              		ELSE
A789 71           		DB 0xED,0x71
A78B              		ENDIF
A78B              		PULSE ((162)>>2) & 1
A78B 3E 00        		LD A,0
A78D 3E 00        		LD A,0
A78F              		IF ((162)>>1) & 1
A78F ED 51        		OUT (C),D
A791              		ELSE
A791              		DB 0xED,0x71
A791              		ENDIF
A791              		PULSE ((162)>>1) & 1
A791 3E 00        		LD A,0
A793 00           		NOP
A794 00           		NOP
A795              		IF (162) & 1
A795              		OUT (C),D
A795              		ELSE
A795 71           		DB 0xED,0x71
A797              		ENDIF
A797              		PULSE (162) & 1
A797 01 FE 00     		LD BC,0x00FE
A79A E9           		JP (HL)
A79B              		ASSERT $ <= second_address_162+44
A79B              		DS second_address_162+44-$
A79C              	        SECOND 162
A79C              		ASSERT $ == second_address_164
A79C              		IF ((164)>>7) & 1
A79C ED 51        		OUT (C),D
A79E              		ELSE
A79E              		DB 0xED,0x71
A79E              		ENDIF
A79E              		PULSE ((164)>>7) & 1
A79E FD E1        		POP IY
A7A0              		IF ((164)>>6) & 1
A7A0              		OUT (C),D
A7A0              		ELSE
A7A0 71           		DB 0xED,0x71
A7A2              		ENDIF
A7A2              		PULSE ((164)>>6) & 1
A7A2 E1           		POP HL
A7A3 00           		NOP
A7A4              		IF ((164)>>5) & 1
A7A4 ED 51        		OUT (C),D
A7A6              		ELSE
A7A6              		DB 0xED,0x71
A7A6              		ENDIF
A7A6              		PULSE ((164)>>5) & 1
A7A6 7D           		LD A,L
A7A7 E6 3F        		AND 63
A7A9 5F           		LD E,A
A7AA              		IF ((164)>>4) & 1
A7AA              		OUT (C),D
A7AA              		ELSE
A7AA 71           		DB 0xED,0x71
A7AC              		ENDIF
A7AC              		PULSE ((164)>>4) & 1
A7AC 7D           		LD A,L
A7AD E6 C0        		AND 192
A7AF 6F           		LD L,A
A7B0              		IF ((164)>>3) & 1
A7B0              		OUT (C),D
A7B0              		ELSE
A7B0 71           		DB 0xED,0x71
A7B2              		ENDIF
A7B2              		PULSE ((164)>>3) & 1
A7B2 00           		NOP
A7B3 00           		NOP
A7B4 00           		NOP
A7B5              		IF ((164)>>2) & 1
A7B5 ED 51        		OUT (C),D
A7B7              		ELSE
A7B7              		DB 0xED,0x71
A7B7              		ENDIF
A7B7              		PULSE ((164)>>2) & 1
A7B7 3E 00        		LD A,0
A7B9 3E 00        		LD A,0
A7BB              		IF ((164)>>1) & 1
A7BB              		OUT (C),D
A7BB              		ELSE
A7BB 71           		DB 0xED,0x71
A7BD              		ENDIF
A7BD              		PULSE ((164)>>1) & 1
A7BD 3E 00        		LD A,0
A7BF 00           		NOP
A7C0 00           		NOP
A7C1              		IF (164) & 1
A7C1              		OUT (C),D
A7C1              		ELSE
A7C1 71           		DB 0xED,0x71
A7C3              		ENDIF
A7C3              		PULSE (164) & 1
A7C3 01 FE 00     		LD BC,0x00FE
A7C6 E9           		JP (HL)
A7C7              		ASSERT $ <= second_address_164+44
A7C7              		DS second_address_164+44-$
A7C8              	        SECOND 164
A7C8              		ASSERT $ == second_address_165
A7C8              		IF ((165)>>7) & 1
A7C8 ED 51        		OUT (C),D
A7CA              		ELSE
A7CA              		DB 0xED,0x71
A7CA              		ENDIF
A7CA              		PULSE ((165)>>7) & 1
A7CA FD E1        		POP IY
A7CC              		IF ((165)>>6) & 1
A7CC              		OUT (C),D
A7CC              		ELSE
A7CC 71           		DB 0xED,0x71
A7CE              		ENDIF
A7CE              		PULSE ((165)>>6) & 1
A7CE E1           		POP HL
A7CF 00           		NOP
A7D0              		IF ((165)>>5) & 1
A7D0 ED 51        		OUT (C),D
A7D2              		ELSE
A7D2              		DB 0xED,0x71
A7D2              		ENDIF
A7D2              		PULSE ((165)>>5) & 1
A7D2 7D           		LD A,L
A7D3 E6 3F        		AND 63
A7D5 5F           		LD E,A
A7D6              		IF ((165)>>4) & 1
A7D6              		OUT (C),D
A7D6              		ELSE
A7D6 71           		DB 0xED,0x71
A7D8              		ENDIF
A7D8              		PULSE ((165)>>4) & 1
A7D8 7D           		LD A,L
A7D9 E6 C0        		AND 192
A7DB 6F           		LD L,A
A7DC              		IF ((165)>>3) & 1
A7DC              		OUT (C),D
A7DC              		ELSE
A7DC 71           		DB 0xED,0x71
A7DE              		ENDIF
A7DE              		PULSE ((165)>>3) & 1
A7DE 00           		NOP
A7DF 00           		NOP
A7E0 00           		NOP
A7E1              		IF ((165)>>2) & 1
A7E1 ED 51        		OUT (C),D
A7E3              		ELSE
A7E3              		DB 0xED,0x71
A7E3              		ENDIF
A7E3              		PULSE ((165)>>2) & 1
A7E3 3E 00        		LD A,0
A7E5 3E 00        		LD A,0
A7E7              		IF ((165)>>1) & 1
A7E7              		OUT (C),D
A7E7              		ELSE
A7E7 71           		DB 0xED,0x71
A7E9              		ENDIF
A7E9              		PULSE ((165)>>1) & 1
A7E9 3E 00        		LD A,0
A7EB 00           		NOP
A7EC 00           		NOP
A7ED              		IF (165) & 1
A7ED ED 51        		OUT (C),D
A7EF              		ELSE
A7EF              		DB 0xED,0x71
A7EF              		ENDIF
A7EF              		PULSE (165) & 1
A7EF 01 FE 00     		LD BC,0x00FE
A7F2 E9           		JP (HL)
A7F3              		ASSERT $ <= second_address_165+44
A7F3              		DS second_address_165+44-$
A7F4              	        SECOND 165
A7F4              		ASSERT $ == second_address_166
A7F4              		IF ((166)>>7) & 1
A7F4 ED 51        		OUT (C),D
A7F6              		ELSE
A7F6              		DB 0xED,0x71
A7F6              		ENDIF
A7F6              		PULSE ((166)>>7) & 1
A7F6 FD E1        		POP IY
A7F8              		IF ((166)>>6) & 1
A7F8              		OUT (C),D
A7F8              		ELSE
A7F8 71           		DB 0xED,0x71
A7FA              		ENDIF
A7FA              		PULSE ((166)>>6) & 1
A7FA E1           		POP HL
A7FB 00           		NOP
A7FC              		IF ((166)>>5) & 1
A7FC ED 51        		OUT (C),D
A7FE              		ELSE
A7FE              		DB 0xED,0x71
A7FE              		ENDIF
A7FE              		PULSE ((166)>>5) & 1
A7FE 7D           		LD A,L
A7FF E6 3F        		AND 63
A801 5F           		LD E,A
A802              		IF ((166)>>4) & 1
A802              		OUT (C),D
A802              		ELSE
A802 71           		DB 0xED,0x71
A804              		ENDIF
A804              		PULSE ((166)>>4) & 1
A804 7D           		LD A,L
A805 E6 C0        		AND 192
A807 6F           		LD L,A
A808              		IF ((166)>>3) & 1
A808              		OUT (C),D
A808              		ELSE
A808 71           		DB 0xED,0x71
A80A              		ENDIF
A80A              		PULSE ((166)>>3) & 1
A80A 00           		NOP
A80B 00           		NOP
A80C 00           		NOP
A80D              		IF ((166)>>2) & 1
A80D ED 51        		OUT (C),D
A80F              		ELSE
A80F              		DB 0xED,0x71
A80F              		ENDIF
A80F              		PULSE ((166)>>2) & 1
A80F 3E 00        		LD A,0
A811 3E 00        		LD A,0
A813              		IF ((166)>>1) & 1
A813 ED 51        		OUT (C),D
A815              		ELSE
A815              		DB 0xED,0x71
A815              		ENDIF
A815              		PULSE ((166)>>1) & 1
A815 3E 00        		LD A,0
A817 00           		NOP
A818 00           		NOP
A819              		IF (166) & 1
A819              		OUT (C),D
A819              		ELSE
A819 71           		DB 0xED,0x71
A81B              		ENDIF
A81B              		PULSE (166) & 1
A81B 01 FE 00     		LD BC,0x00FE
A81E E9           		JP (HL)
A81F              		ASSERT $ <= second_address_166+44
A81F              		DS second_address_166+44-$
A820              	        SECOND 166
A820              		ASSERT $ == second_address_169
A820              		IF ((169)>>7) & 1
A820 ED 51        		OUT (C),D
A822              		ELSE
A822              		DB 0xED,0x71
A822              		ENDIF
A822              		PULSE ((169)>>7) & 1
A822 FD E1        		POP IY
A824              		IF ((169)>>6) & 1
A824              		OUT (C),D
A824              		ELSE
A824 71           		DB 0xED,0x71
A826              		ENDIF
A826              		PULSE ((169)>>6) & 1
A826 E1           		POP HL
A827 00           		NOP
A828              		IF ((169)>>5) & 1
A828 ED 51        		OUT (C),D
A82A              		ELSE
A82A              		DB 0xED,0x71
A82A              		ENDIF
A82A              		PULSE ((169)>>5) & 1
A82A 7D           		LD A,L
A82B E6 3F        		AND 63
A82D 5F           		LD E,A
A82E              		IF ((169)>>4) & 1
A82E              		OUT (C),D
A82E              		ELSE
A82E 71           		DB 0xED,0x71
A830              		ENDIF
A830              		PULSE ((169)>>4) & 1
A830 7D           		LD A,L
A831 E6 C0        		AND 192
A833 6F           		LD L,A
A834              		IF ((169)>>3) & 1
A834 ED 51        		OUT (C),D
A836              		ELSE
A836              		DB 0xED,0x71
A836              		ENDIF
A836              		PULSE ((169)>>3) & 1
A836 00           		NOP
A837 00           		NOP
A838 00           		NOP
A839              		IF ((169)>>2) & 1
A839              		OUT (C),D
A839              		ELSE
A839 71           		DB 0xED,0x71
A83B              		ENDIF
A83B              		PULSE ((169)>>2) & 1
A83B 3E 00        		LD A,0
A83D 3E 00        		LD A,0
A83F              		IF ((169)>>1) & 1
A83F              		OUT (C),D
A83F              		ELSE
A83F 71           		DB 0xED,0x71
A841              		ENDIF
A841              		PULSE ((169)>>1) & 1
A841 3E 00        		LD A,0
A843 00           		NOP
A844 00           		NOP
A845              		IF (169) & 1
A845 ED 51        		OUT (C),D
A847              		ELSE
A847              		DB 0xED,0x71
A847              		ENDIF
A847              		PULSE (169) & 1
A847 01 FE 00     		LD BC,0x00FE
A84A E9           		JP (HL)
A84B              		ASSERT $ <= second_address_169+44
A84B              		DS second_address_169+44-$
A84C              	        SECOND 169
A84C              		ASSERT $ == second_address_170
A84C              		IF ((170)>>7) & 1
A84C ED 51        		OUT (C),D
A84E              		ELSE
A84E              		DB 0xED,0x71
A84E              		ENDIF
A84E              		PULSE ((170)>>7) & 1
A84E FD E1        		POP IY
A850              		IF ((170)>>6) & 1
A850              		OUT (C),D
A850              		ELSE
A850 71           		DB 0xED,0x71
A852              		ENDIF
A852              		PULSE ((170)>>6) & 1
A852 E1           		POP HL
A853 00           		NOP
A854              		IF ((170)>>5) & 1
A854 ED 51        		OUT (C),D
A856              		ELSE
A856              		DB 0xED,0x71
A856              		ENDIF
A856              		PULSE ((170)>>5) & 1
A856 7D           		LD A,L
A857 E6 3F        		AND 63
A859 5F           		LD E,A
A85A              		IF ((170)>>4) & 1
A85A              		OUT (C),D
A85A              		ELSE
A85A 71           		DB 0xED,0x71
A85C              		ENDIF
A85C              		PULSE ((170)>>4) & 1
A85C 7D           		LD A,L
A85D E6 C0        		AND 192
A85F 6F           		LD L,A
A860              		IF ((170)>>3) & 1
A860 ED 51        		OUT (C),D
A862              		ELSE
A862              		DB 0xED,0x71
A862              		ENDIF
A862              		PULSE ((170)>>3) & 1
A862 00           		NOP
A863 00           		NOP
A864 00           		NOP
A865              		IF ((170)>>2) & 1
A865              		OUT (C),D
A865              		ELSE
A865 71           		DB 0xED,0x71
A867              		ENDIF
A867              		PULSE ((170)>>2) & 1
A867 3E 00        		LD A,0
A869 3E 00        		LD A,0
A86B              		IF ((170)>>1) & 1
A86B ED 51        		OUT (C),D
A86D              		ELSE
A86D              		DB 0xED,0x71
A86D              		ENDIF
A86D              		PULSE ((170)>>1) & 1
A86D 3E 00        		LD A,0
A86F 00           		NOP
A870 00           		NOP
A871              		IF (170) & 1
A871              		OUT (C),D
A871              		ELSE
A871 71           		DB 0xED,0x71
A873              		ENDIF
A873              		PULSE (170) & 1
A873 01 FE 00     		LD BC,0x00FE
A876 E9           		JP (HL)
A877              		ASSERT $ <= second_address_170+44
A877              		DS second_address_170+44-$
A878              	        SECOND 170
A878              		ASSERT $ == second_address_171
A878              		IF ((171)>>7) & 1
A878 ED 51        		OUT (C),D
A87A              		ELSE
A87A              		DB 0xED,0x71
A87A              		ENDIF
A87A              		PULSE ((171)>>7) & 1
A87A FD E1        		POP IY
A87C              		IF ((171)>>6) & 1
A87C              		OUT (C),D
A87C              		ELSE
A87C 71           		DB 0xED,0x71
A87E              		ENDIF
A87E              		PULSE ((171)>>6) & 1
A87E E1           		POP HL
A87F 00           		NOP
A880              		IF ((171)>>5) & 1
A880 ED 51        		OUT (C),D
A882              		ELSE
A882              		DB 0xED,0x71
A882              		ENDIF
A882              		PULSE ((171)>>5) & 1
A882 7D           		LD A,L
A883 E6 3F        		AND 63
A885 5F           		LD E,A
A886              		IF ((171)>>4) & 1
A886              		OUT (C),D
A886              		ELSE
A886 71           		DB 0xED,0x71
A888              		ENDIF
A888              		PULSE ((171)>>4) & 1
A888 7D           		LD A,L
A889 E6 C0        		AND 192
A88B 6F           		LD L,A
A88C              		IF ((171)>>3) & 1
A88C ED 51        		OUT (C),D
A88E              		ELSE
A88E              		DB 0xED,0x71
A88E              		ENDIF
A88E              		PULSE ((171)>>3) & 1
A88E 00           		NOP
A88F 00           		NOP
A890 00           		NOP
A891              		IF ((171)>>2) & 1
A891              		OUT (C),D
A891              		ELSE
A891 71           		DB 0xED,0x71
A893              		ENDIF
A893              		PULSE ((171)>>2) & 1
A893 3E 00        		LD A,0
A895 3E 00        		LD A,0
A897              		IF ((171)>>1) & 1
A897 ED 51        		OUT (C),D
A899              		ELSE
A899              		DB 0xED,0x71
A899              		ENDIF
A899              		PULSE ((171)>>1) & 1
A899 3E 00        		LD A,0
A89B 00           		NOP
A89C 00           		NOP
A89D              		IF (171) & 1
A89D ED 51        		OUT (C),D
A89F              		ELSE
A89F              		DB 0xED,0x71
A89F              		ENDIF
A89F              		PULSE (171) & 1
A89F 01 FE 00     		LD BC,0x00FE
A8A2 E9           		JP (HL)
A8A3              		ASSERT $ <= second_address_171+44
A8A3              		DS second_address_171+44-$
A8A4              	        SECOND 171
A8A4              		ASSERT $ == second_address_172
A8A4              		IF ((172)>>7) & 1
A8A4 ED 51        		OUT (C),D
A8A6              		ELSE
A8A6              		DB 0xED,0x71
A8A6              		ENDIF
A8A6              		PULSE ((172)>>7) & 1
A8A6 FD E1        		POP IY
A8A8              		IF ((172)>>6) & 1
A8A8              		OUT (C),D
A8A8              		ELSE
A8A8 71           		DB 0xED,0x71
A8AA              		ENDIF
A8AA              		PULSE ((172)>>6) & 1
A8AA E1           		POP HL
A8AB 00           		NOP
A8AC              		IF ((172)>>5) & 1
A8AC ED 51        		OUT (C),D
A8AE              		ELSE
A8AE              		DB 0xED,0x71
A8AE              		ENDIF
A8AE              		PULSE ((172)>>5) & 1
A8AE 7D           		LD A,L
A8AF E6 3F        		AND 63
A8B1 5F           		LD E,A
A8B2              		IF ((172)>>4) & 1
A8B2              		OUT (C),D
A8B2              		ELSE
A8B2 71           		DB 0xED,0x71
A8B4              		ENDIF
A8B4              		PULSE ((172)>>4) & 1
A8B4 7D           		LD A,L
A8B5 E6 C0        		AND 192
A8B7 6F           		LD L,A
A8B8              		IF ((172)>>3) & 1
A8B8 ED 51        		OUT (C),D
A8BA              		ELSE
A8BA              		DB 0xED,0x71
A8BA              		ENDIF
A8BA              		PULSE ((172)>>3) & 1
A8BA 00           		NOP
A8BB 00           		NOP
A8BC 00           		NOP
A8BD              		IF ((172)>>2) & 1
A8BD ED 51        		OUT (C),D
A8BF              		ELSE
A8BF              		DB 0xED,0x71
A8BF              		ENDIF
A8BF              		PULSE ((172)>>2) & 1
A8BF 3E 00        		LD A,0
A8C1 3E 00        		LD A,0
A8C3              		IF ((172)>>1) & 1
A8C3              		OUT (C),D
A8C3              		ELSE
A8C3 71           		DB 0xED,0x71
A8C5              		ENDIF
A8C5              		PULSE ((172)>>1) & 1
A8C5 3E 00        		LD A,0
A8C7 00           		NOP
A8C8 00           		NOP
A8C9              		IF (172) & 1
A8C9              		OUT (C),D
A8C9              		ELSE
A8C9 71           		DB 0xED,0x71
A8CB              		ENDIF
A8CB              		PULSE (172) & 1
A8CB 01 FE 00     		LD BC,0x00FE
A8CE E9           		JP (HL)
A8CF              		ASSERT $ <= second_address_172+44
A8CF              		DS second_address_172+44-$
A8D0              	        SECOND 172
A8D0              		ASSERT $ == second_address_173
A8D0              		IF ((173)>>7) & 1
A8D0 ED 51        		OUT (C),D
A8D2              		ELSE
A8D2              		DB 0xED,0x71
A8D2              		ENDIF
A8D2              		PULSE ((173)>>7) & 1
A8D2 FD E1        		POP IY
A8D4              		IF ((173)>>6) & 1
A8D4              		OUT (C),D
A8D4              		ELSE
A8D4 71           		DB 0xED,0x71
A8D6              		ENDIF
A8D6              		PULSE ((173)>>6) & 1
A8D6 E1           		POP HL
A8D7 00           		NOP
A8D8              		IF ((173)>>5) & 1
A8D8 ED 51        		OUT (C),D
A8DA              		ELSE
A8DA              		DB 0xED,0x71
A8DA              		ENDIF
A8DA              		PULSE ((173)>>5) & 1
A8DA 7D           		LD A,L
A8DB E6 3F        		AND 63
A8DD 5F           		LD E,A
A8DE              		IF ((173)>>4) & 1
A8DE              		OUT (C),D
A8DE              		ELSE
A8DE 71           		DB 0xED,0x71
A8E0              		ENDIF
A8E0              		PULSE ((173)>>4) & 1
A8E0 7D           		LD A,L
A8E1 E6 C0        		AND 192
A8E3 6F           		LD L,A
A8E4              		IF ((173)>>3) & 1
A8E4 ED 51        		OUT (C),D
A8E6              		ELSE
A8E6              		DB 0xED,0x71
A8E6              		ENDIF
A8E6              		PULSE ((173)>>3) & 1
A8E6 00           		NOP
A8E7 00           		NOP
A8E8 00           		NOP
A8E9              		IF ((173)>>2) & 1
A8E9 ED 51        		OUT (C),D
A8EB              		ELSE
A8EB              		DB 0xED,0x71
A8EB              		ENDIF
A8EB              		PULSE ((173)>>2) & 1
A8EB 3E 00        		LD A,0
A8ED 3E 00        		LD A,0
A8EF              		IF ((173)>>1) & 1
A8EF              		OUT (C),D
A8EF              		ELSE
A8EF 71           		DB 0xED,0x71
A8F1              		ENDIF
A8F1              		PULSE ((173)>>1) & 1
A8F1 3E 00        		LD A,0
A8F3 00           		NOP
A8F4 00           		NOP
A8F5              		IF (173) & 1
A8F5 ED 51        		OUT (C),D
A8F7              		ELSE
A8F7              		DB 0xED,0x71
A8F7              		ENDIF
A8F7              		PULSE (173) & 1
A8F7 01 FE 00     		LD BC,0x00FE
A8FA E9           		JP (HL)
A8FB              		ASSERT $ <= second_address_173+44
A8FB              		DS second_address_173+44-$
A8FC              	        SECOND 173
A8FC              		ASSERT $ == second_address_174
A8FC              		IF ((174)>>7) & 1
A8FC ED 51        		OUT (C),D
A8FE              		ELSE
A8FE              		DB 0xED,0x71
A8FE              		ENDIF
A8FE              		PULSE ((174)>>7) & 1
A8FE FD E1        		POP IY
A900              		IF ((174)>>6) & 1
A900              		OUT (C),D
A900              		ELSE
A900 71           		DB 0xED,0x71
A902              		ENDIF
A902              		PULSE ((174)>>6) & 1
A902 E1           		POP HL
A903 00           		NOP
A904              		IF ((174)>>5) & 1
A904 ED 51        		OUT (C),D
A906              		ELSE
A906              		DB 0xED,0x71
A906              		ENDIF
A906              		PULSE ((174)>>5) & 1
A906 7D           		LD A,L
A907 E6 3F        		AND 63
A909 5F           		LD E,A
A90A              		IF ((174)>>4) & 1
A90A              		OUT (C),D
A90A              		ELSE
A90A 71           		DB 0xED,0x71
A90C              		ENDIF
A90C              		PULSE ((174)>>4) & 1
A90C 7D           		LD A,L
A90D E6 C0        		AND 192
A90F 6F           		LD L,A
A910              		IF ((174)>>3) & 1
A910 ED 51        		OUT (C),D
A912              		ELSE
A912              		DB 0xED,0x71
A912              		ENDIF
A912              		PULSE ((174)>>3) & 1
A912 00           		NOP
A913 00           		NOP
A914 00           		NOP
A915              		IF ((174)>>2) & 1
A915 ED 51        		OUT (C),D
A917              		ELSE
A917              		DB 0xED,0x71
A917              		ENDIF
A917              		PULSE ((174)>>2) & 1
A917 3E 00        		LD A,0
A919 3E 00        		LD A,0
A91B              		IF ((174)>>1) & 1
A91B ED 51        		OUT (C),D
A91D              		ELSE
A91D              		DB 0xED,0x71
A91D              		ENDIF
A91D              		PULSE ((174)>>1) & 1
A91D 3E 00        		LD A,0
A91F 00           		NOP
A920 00           		NOP
A921              		IF (174) & 1
A921              		OUT (C),D
A921              		ELSE
A921 71           		DB 0xED,0x71
A923              		ENDIF
A923              		PULSE (174) & 1
A923 01 FE 00     		LD BC,0x00FE
A926 E9           		JP (HL)
A927              		ASSERT $ <= second_address_174+44
A927              		DS second_address_174+44-$
A928              	        SECOND 174
A928              		ASSERT $ == second_address_178
A928              		IF ((178)>>7) & 1
A928 ED 51        		OUT (C),D
A92A              		ELSE
A92A              		DB 0xED,0x71
A92A              		ENDIF
A92A              		PULSE ((178)>>7) & 1
A92A FD E1        		POP IY
A92C              		IF ((178)>>6) & 1
A92C              		OUT (C),D
A92C              		ELSE
A92C 71           		DB 0xED,0x71
A92E              		ENDIF
A92E              		PULSE ((178)>>6) & 1
A92E E1           		POP HL
A92F 00           		NOP
A930              		IF ((178)>>5) & 1
A930 ED 51        		OUT (C),D
A932              		ELSE
A932              		DB 0xED,0x71
A932              		ENDIF
A932              		PULSE ((178)>>5) & 1
A932 7D           		LD A,L
A933 E6 3F        		AND 63
A935 5F           		LD E,A
A936              		IF ((178)>>4) & 1
A936 ED 51        		OUT (C),D
A938              		ELSE
A938              		DB 0xED,0x71
A938              		ENDIF
A938              		PULSE ((178)>>4) & 1
A938 7D           		LD A,L
A939 E6 C0        		AND 192
A93B 6F           		LD L,A
A93C              		IF ((178)>>3) & 1
A93C              		OUT (C),D
A93C              		ELSE
A93C 71           		DB 0xED,0x71
A93E              		ENDIF
A93E              		PULSE ((178)>>3) & 1
A93E 00           		NOP
A93F 00           		NOP
A940 00           		NOP
A941              		IF ((178)>>2) & 1
A941              		OUT (C),D
A941              		ELSE
A941 71           		DB 0xED,0x71
A943              		ENDIF
A943              		PULSE ((178)>>2) & 1
A943 3E 00        		LD A,0
A945 3E 00        		LD A,0
A947              		IF ((178)>>1) & 1
A947 ED 51        		OUT (C),D
A949              		ELSE
A949              		DB 0xED,0x71
A949              		ENDIF
A949              		PULSE ((178)>>1) & 1
A949 3E 00        		LD A,0
A94B 00           		NOP
A94C 00           		NOP
A94D              		IF (178) & 1
A94D              		OUT (C),D
A94D              		ELSE
A94D 71           		DB 0xED,0x71
A94F              		ENDIF
A94F              		PULSE (178) & 1
A94F 01 FE 00     		LD BC,0x00FE
A952 E9           		JP (HL)
A953              		ASSERT $ <= second_address_178+44
A953              		DS second_address_178+44-$
A954              	        SECOND 178
A954              		ASSERT $ == second_address_179
A954              		IF ((179)>>7) & 1
A954 ED 51        		OUT (C),D
A956              		ELSE
A956              		DB 0xED,0x71
A956              		ENDIF
A956              		PULSE ((179)>>7) & 1
A956 FD E1        		POP IY
A958              		IF ((179)>>6) & 1
A958              		OUT (C),D
A958              		ELSE
A958 71           		DB 0xED,0x71
A95A              		ENDIF
A95A              		PULSE ((179)>>6) & 1
A95A E1           		POP HL
A95B 00           		NOP
A95C              		IF ((179)>>5) & 1
A95C ED 51        		OUT (C),D
A95E              		ELSE
A95E              		DB 0xED,0x71
A95E              		ENDIF
A95E              		PULSE ((179)>>5) & 1
A95E 7D           		LD A,L
A95F E6 3F        		AND 63
A961 5F           		LD E,A
A962              		IF ((179)>>4) & 1
A962 ED 51        		OUT (C),D
A964              		ELSE
A964              		DB 0xED,0x71
A964              		ENDIF
A964              		PULSE ((179)>>4) & 1
A964 7D           		LD A,L
A965 E6 C0        		AND 192
A967 6F           		LD L,A
A968              		IF ((179)>>3) & 1
A968              		OUT (C),D
A968              		ELSE
A968 71           		DB 0xED,0x71
A96A              		ENDIF
A96A              		PULSE ((179)>>3) & 1
A96A 00           		NOP
A96B 00           		NOP
A96C 00           		NOP
A96D              		IF ((179)>>2) & 1
A96D              		OUT (C),D
A96D              		ELSE
A96D 71           		DB 0xED,0x71
A96F              		ENDIF
A96F              		PULSE ((179)>>2) & 1
A96F 3E 00        		LD A,0
A971 3E 00        		LD A,0
A973              		IF ((179)>>1) & 1
A973 ED 51        		OUT (C),D
A975              		ELSE
A975              		DB 0xED,0x71
A975              		ENDIF
A975              		PULSE ((179)>>1) & 1
A975 3E 00        		LD A,0
A977 00           		NOP
A978 00           		NOP
A979              		IF (179) & 1
A979 ED 51        		OUT (C),D
A97B              		ELSE
A97B              		DB 0xED,0x71
A97B              		ENDIF
A97B              		PULSE (179) & 1
A97B 01 FE 00     		LD BC,0x00FE
A97E E9           		JP (HL)
A97F              		ASSERT $ <= second_address_179+44
A97F              		DS second_address_179+44-$
A980              	        SECOND 179
A980              		ASSERT $ == second_address_181
A980              		IF ((181)>>7) & 1
A980 ED 51        		OUT (C),D
A982              		ELSE
A982              		DB 0xED,0x71
A982              		ENDIF
A982              		PULSE ((181)>>7) & 1
A982 FD E1        		POP IY
A984              		IF ((181)>>6) & 1
A984              		OUT (C),D
A984              		ELSE
A984 71           		DB 0xED,0x71
A986              		ENDIF
A986              		PULSE ((181)>>6) & 1
A986 E1           		POP HL
A987 00           		NOP
A988              		IF ((181)>>5) & 1
A988 ED 51        		OUT (C),D
A98A              		ELSE
A98A              		DB 0xED,0x71
A98A              		ENDIF
A98A              		PULSE ((181)>>5) & 1
A98A 7D           		LD A,L
A98B E6 3F        		AND 63
A98D 5F           		LD E,A
A98E              		IF ((181)>>4) & 1
A98E ED 51        		OUT (C),D
A990              		ELSE
A990              		DB 0xED,0x71
A990              		ENDIF
A990              		PULSE ((181)>>4) & 1
A990 7D           		LD A,L
A991 E6 C0        		AND 192
A993 6F           		LD L,A
A994              		IF ((181)>>3) & 1
A994              		OUT (C),D
A994              		ELSE
A994 71           		DB 0xED,0x71
A996              		ENDIF
A996              		PULSE ((181)>>3) & 1
A996 00           		NOP
A997 00           		NOP
A998 00           		NOP
A999              		IF ((181)>>2) & 1
A999 ED 51        		OUT (C),D
A99B              		ELSE
A99B              		DB 0xED,0x71
A99B              		ENDIF
A99B              		PULSE ((181)>>2) & 1
A99B 3E 00        		LD A,0
A99D 3E 00        		LD A,0
A99F              		IF ((181)>>1) & 1
A99F              		OUT (C),D
A99F              		ELSE
A99F 71           		DB 0xED,0x71
A9A1              		ENDIF
A9A1              		PULSE ((181)>>1) & 1
A9A1 3E 00        		LD A,0
A9A3 00           		NOP
A9A4 00           		NOP
A9A5              		IF (181) & 1
A9A5 ED 51        		OUT (C),D
A9A7              		ELSE
A9A7              		DB 0xED,0x71
A9A7              		ENDIF
A9A7              		PULSE (181) & 1
A9A7 01 FE 00     		LD BC,0x00FE
A9AA E9           		JP (HL)
A9AB              		ASSERT $ <= second_address_181+44
A9AB              		DS second_address_181+44-$
A9AC              	        SECOND 181
A9AC              		ASSERT $ == second_address_182
A9AC              		IF ((182)>>7) & 1
A9AC ED 51        		OUT (C),D
A9AE              		ELSE
A9AE              		DB 0xED,0x71
A9AE              		ENDIF
A9AE              		PULSE ((182)>>7) & 1
A9AE FD E1        		POP IY
A9B0              		IF ((182)>>6) & 1
A9B0              		OUT (C),D
A9B0              		ELSE
A9B0 71           		DB 0xED,0x71
A9B2              		ENDIF
A9B2              		PULSE ((182)>>6) & 1
A9B2 E1           		POP HL
A9B3 00           		NOP
A9B4              		IF ((182)>>5) & 1
A9B4 ED 51        		OUT (C),D
A9B6              		ELSE
A9B6              		DB 0xED,0x71
A9B6              		ENDIF
A9B6              		PULSE ((182)>>5) & 1
A9B6 7D           		LD A,L
A9B7 E6 3F        		AND 63
A9B9 5F           		LD E,A
A9BA              		IF ((182)>>4) & 1
A9BA ED 51        		OUT (C),D
A9BC              		ELSE
A9BC              		DB 0xED,0x71
A9BC              		ENDIF
A9BC              		PULSE ((182)>>4) & 1
A9BC 7D           		LD A,L
A9BD E6 C0        		AND 192
A9BF 6F           		LD L,A
A9C0              		IF ((182)>>3) & 1
A9C0              		OUT (C),D
A9C0              		ELSE
A9C0 71           		DB 0xED,0x71
A9C2              		ENDIF
A9C2              		PULSE ((182)>>3) & 1
A9C2 00           		NOP
A9C3 00           		NOP
A9C4 00           		NOP
A9C5              		IF ((182)>>2) & 1
A9C5 ED 51        		OUT (C),D
A9C7              		ELSE
A9C7              		DB 0xED,0x71
A9C7              		ENDIF
A9C7              		PULSE ((182)>>2) & 1
A9C7 3E 00        		LD A,0
A9C9 3E 00        		LD A,0
A9CB              		IF ((182)>>1) & 1
A9CB ED 51        		OUT (C),D
A9CD              		ELSE
A9CD              		DB 0xED,0x71
A9CD              		ENDIF
A9CD              		PULSE ((182)>>1) & 1
A9CD 3E 00        		LD A,0
A9CF 00           		NOP
A9D0 00           		NOP
A9D1              		IF (182) & 1
A9D1              		OUT (C),D
A9D1              		ELSE
A9D1 71           		DB 0xED,0x71
A9D3              		ENDIF
A9D3              		PULSE (182) & 1
A9D3 01 FE 00     		LD BC,0x00FE
A9D6 E9           		JP (HL)
A9D7              		ASSERT $ <= second_address_182+44
A9D7              		DS second_address_182+44-$
A9D8              	        SECOND 182
A9D8              		ASSERT $ == second_address_183
A9D8              		IF ((183)>>7) & 1
A9D8 ED 51        		OUT (C),D
A9DA              		ELSE
A9DA              		DB 0xED,0x71
A9DA              		ENDIF
A9DA              		PULSE ((183)>>7) & 1
A9DA FD E1        		POP IY
A9DC              		IF ((183)>>6) & 1
A9DC              		OUT (C),D
A9DC              		ELSE
A9DC 71           		DB 0xED,0x71
A9DE              		ENDIF
A9DE              		PULSE ((183)>>6) & 1
A9DE E1           		POP HL
A9DF 00           		NOP
A9E0              		IF ((183)>>5) & 1
A9E0 ED 51        		OUT (C),D
A9E2              		ELSE
A9E2              		DB 0xED,0x71
A9E2              		ENDIF
A9E2              		PULSE ((183)>>5) & 1
A9E2 7D           		LD A,L
A9E3 E6 3F        		AND 63
A9E5 5F           		LD E,A
A9E6              		IF ((183)>>4) & 1
A9E6 ED 51        		OUT (C),D
A9E8              		ELSE
A9E8              		DB 0xED,0x71
A9E8              		ENDIF
A9E8              		PULSE ((183)>>4) & 1
A9E8 7D           		LD A,L
A9E9 E6 C0        		AND 192
A9EB 6F           		LD L,A
A9EC              		IF ((183)>>3) & 1
A9EC              		OUT (C),D
A9EC              		ELSE
A9EC 71           		DB 0xED,0x71
A9EE              		ENDIF
A9EE              		PULSE ((183)>>3) & 1
A9EE 00           		NOP
A9EF 00           		NOP
A9F0 00           		NOP
A9F1              		IF ((183)>>2) & 1
A9F1 ED 51        		OUT (C),D
A9F3              		ELSE
A9F3              		DB 0xED,0x71
A9F3              		ENDIF
A9F3              		PULSE ((183)>>2) & 1
A9F3 3E 00        		LD A,0
A9F5 3E 00        		LD A,0
A9F7              		IF ((183)>>1) & 1
A9F7 ED 51        		OUT (C),D
A9F9              		ELSE
A9F9              		DB 0xED,0x71
A9F9              		ENDIF
A9F9              		PULSE ((183)>>1) & 1
A9F9 3E 00        		LD A,0
A9FB 00           		NOP
A9FC 00           		NOP
A9FD              		IF (183) & 1
A9FD ED 51        		OUT (C),D
A9FF              		ELSE
A9FF              		DB 0xED,0x71
A9FF              		ENDIF
A9FF              		PULSE (183) & 1
A9FF 01 FE 00     		LD BC,0x00FE
AA02 E9           		JP (HL)
AA03              		ASSERT $ <= second_address_183+44
AA03              		DS second_address_183+44-$
AA04              	        SECOND 183
AA04              		ASSERT $ == second_address_187
AA04              		IF ((187)>>7) & 1
AA04 ED 51        		OUT (C),D
AA06              		ELSE
AA06              		DB 0xED,0x71
AA06              		ENDIF
AA06              		PULSE ((187)>>7) & 1
AA06 FD E1        		POP IY
AA08              		IF ((187)>>6) & 1
AA08              		OUT (C),D
AA08              		ELSE
AA08 71           		DB 0xED,0x71
AA0A              		ENDIF
AA0A              		PULSE ((187)>>6) & 1
AA0A E1           		POP HL
AA0B 00           		NOP
AA0C              		IF ((187)>>5) & 1
AA0C ED 51        		OUT (C),D
AA0E              		ELSE
AA0E              		DB 0xED,0x71
AA0E              		ENDIF
AA0E              		PULSE ((187)>>5) & 1
AA0E 7D           		LD A,L
AA0F E6 3F        		AND 63
AA11 5F           		LD E,A
AA12              		IF ((187)>>4) & 1
AA12 ED 51        		OUT (C),D
AA14              		ELSE
AA14              		DB 0xED,0x71
AA14              		ENDIF
AA14              		PULSE ((187)>>4) & 1
AA14 7D           		LD A,L
AA15 E6 C0        		AND 192
AA17 6F           		LD L,A
AA18              		IF ((187)>>3) & 1
AA18 ED 51        		OUT (C),D
AA1A              		ELSE
AA1A              		DB 0xED,0x71
AA1A              		ENDIF
AA1A              		PULSE ((187)>>3) & 1
AA1A 00           		NOP
AA1B 00           		NOP
AA1C 00           		NOP
AA1D              		IF ((187)>>2) & 1
AA1D              		OUT (C),D
AA1D              		ELSE
AA1D 71           		DB 0xED,0x71
AA1F              		ENDIF
AA1F              		PULSE ((187)>>2) & 1
AA1F 3E 00        		LD A,0
AA21 3E 00        		LD A,0
AA23              		IF ((187)>>1) & 1
AA23 ED 51        		OUT (C),D
AA25              		ELSE
AA25              		DB 0xED,0x71
AA25              		ENDIF
AA25              		PULSE ((187)>>1) & 1
AA25 3E 00        		LD A,0
AA27 00           		NOP
AA28 00           		NOP
AA29              		IF (187) & 1
AA29 ED 51        		OUT (C),D
AA2B              		ELSE
AA2B              		DB 0xED,0x71
AA2B              		ENDIF
AA2B              		PULSE (187) & 1
AA2B 01 FE 00     		LD BC,0x00FE
AA2E E9           		JP (HL)
AA2F              		ASSERT $ <= second_address_187+44
AA2F              		DS second_address_187+44-$
AA30              	        SECOND 187
AA30              		ASSERT $ == second_address_189
AA30              		IF ((189)>>7) & 1
AA30 ED 51        		OUT (C),D
AA32              		ELSE
AA32              		DB 0xED,0x71
AA32              		ENDIF
AA32              		PULSE ((189)>>7) & 1
AA32 FD E1        		POP IY
AA34              		IF ((189)>>6) & 1
AA34              		OUT (C),D
AA34              		ELSE
AA34 71           		DB 0xED,0x71
AA36              		ENDIF
AA36              		PULSE ((189)>>6) & 1
AA36 E1           		POP HL
AA37 00           		NOP
AA38              		IF ((189)>>5) & 1
AA38 ED 51        		OUT (C),D
AA3A              		ELSE
AA3A              		DB 0xED,0x71
AA3A              		ENDIF
AA3A              		PULSE ((189)>>5) & 1
AA3A 7D           		LD A,L
AA3B E6 3F        		AND 63
AA3D 5F           		LD E,A
AA3E              		IF ((189)>>4) & 1
AA3E ED 51        		OUT (C),D
AA40              		ELSE
AA40              		DB 0xED,0x71
AA40              		ENDIF
AA40              		PULSE ((189)>>4) & 1
AA40 7D           		LD A,L
AA41 E6 C0        		AND 192
AA43 6F           		LD L,A
AA44              		IF ((189)>>3) & 1
AA44 ED 51        		OUT (C),D
AA46              		ELSE
AA46              		DB 0xED,0x71
AA46              		ENDIF
AA46              		PULSE ((189)>>3) & 1
AA46 00           		NOP
AA47 00           		NOP
AA48 00           		NOP
AA49              		IF ((189)>>2) & 1
AA49 ED 51        		OUT (C),D
AA4B              		ELSE
AA4B              		DB 0xED,0x71
AA4B              		ENDIF
AA4B              		PULSE ((189)>>2) & 1
AA4B 3E 00        		LD A,0
AA4D 3E 00        		LD A,0
AA4F              		IF ((189)>>1) & 1
AA4F              		OUT (C),D
AA4F              		ELSE
AA4F 71           		DB 0xED,0x71
AA51              		ENDIF
AA51              		PULSE ((189)>>1) & 1
AA51 3E 00        		LD A,0
AA53 00           		NOP
AA54 00           		NOP
AA55              		IF (189) & 1
AA55 ED 51        		OUT (C),D
AA57              		ELSE
AA57              		DB 0xED,0x71
AA57              		ENDIF
AA57              		PULSE (189) & 1
AA57 01 FE 00     		LD BC,0x00FE
AA5A E9           		JP (HL)
AA5B              		ASSERT $ <= second_address_189+44
AA5B              		DS second_address_189+44-$
AA5C              	        SECOND 189
AA5C              		ASSERT $ == second_address_190
AA5C              		IF ((190)>>7) & 1
AA5C ED 51        		OUT (C),D
AA5E              		ELSE
AA5E              		DB 0xED,0x71
AA5E              		ENDIF
AA5E              		PULSE ((190)>>7) & 1
AA5E FD E1        		POP IY
AA60              		IF ((190)>>6) & 1
AA60              		OUT (C),D
AA60              		ELSE
AA60 71           		DB 0xED,0x71
AA62              		ENDIF
AA62              		PULSE ((190)>>6) & 1
AA62 E1           		POP HL
AA63 00           		NOP
AA64              		IF ((190)>>5) & 1
AA64 ED 51        		OUT (C),D
AA66              		ELSE
AA66              		DB 0xED,0x71
AA66              		ENDIF
AA66              		PULSE ((190)>>5) & 1
AA66 7D           		LD A,L
AA67 E6 3F        		AND 63
AA69 5F           		LD E,A
AA6A              		IF ((190)>>4) & 1
AA6A ED 51        		OUT (C),D
AA6C              		ELSE
AA6C              		DB 0xED,0x71
AA6C              		ENDIF
AA6C              		PULSE ((190)>>4) & 1
AA6C 7D           		LD A,L
AA6D E6 C0        		AND 192
AA6F 6F           		LD L,A
AA70              		IF ((190)>>3) & 1
AA70 ED 51        		OUT (C),D
AA72              		ELSE
AA72              		DB 0xED,0x71
AA72              		ENDIF
AA72              		PULSE ((190)>>3) & 1
AA72 00           		NOP
AA73 00           		NOP
AA74 00           		NOP
AA75              		IF ((190)>>2) & 1
AA75 ED 51        		OUT (C),D
AA77              		ELSE
AA77              		DB 0xED,0x71
AA77              		ENDIF
AA77              		PULSE ((190)>>2) & 1
AA77 3E 00        		LD A,0
AA79 3E 00        		LD A,0
AA7B              		IF ((190)>>1) & 1
AA7B ED 51        		OUT (C),D
AA7D              		ELSE
AA7D              		DB 0xED,0x71
AA7D              		ENDIF
AA7D              		PULSE ((190)>>1) & 1
AA7D 3E 00        		LD A,0
AA7F 00           		NOP
AA80 00           		NOP
AA81              		IF (190) & 1
AA81              		OUT (C),D
AA81              		ELSE
AA81 71           		DB 0xED,0x71
AA83              		ENDIF
AA83              		PULSE (190) & 1
AA83 01 FE 00     		LD BC,0x00FE
AA86 E9           		JP (HL)
AA87              		ASSERT $ <= second_address_190+44
AA87              		DS second_address_190+44-$
AA88              	        SECOND 190
AA88              		ASSERT $ == second_address_191
AA88              		IF ((191)>>7) & 1
AA88 ED 51        		OUT (C),D
AA8A              		ELSE
AA8A              		DB 0xED,0x71
AA8A              		ENDIF
AA8A              		PULSE ((191)>>7) & 1
AA8A FD E1        		POP IY
AA8C              		IF ((191)>>6) & 1
AA8C              		OUT (C),D
AA8C              		ELSE
AA8C 71           		DB 0xED,0x71
AA8E              		ENDIF
AA8E              		PULSE ((191)>>6) & 1
AA8E E1           		POP HL
AA8F 00           		NOP
AA90              		IF ((191)>>5) & 1
AA90 ED 51        		OUT (C),D
AA92              		ELSE
AA92              		DB 0xED,0x71
AA92              		ENDIF
AA92              		PULSE ((191)>>5) & 1
AA92 7D           		LD A,L
AA93 E6 3F        		AND 63
AA95 5F           		LD E,A
AA96              		IF ((191)>>4) & 1
AA96 ED 51        		OUT (C),D
AA98              		ELSE
AA98              		DB 0xED,0x71
AA98              		ENDIF
AA98              		PULSE ((191)>>4) & 1
AA98 7D           		LD A,L
AA99 E6 C0        		AND 192
AA9B 6F           		LD L,A
AA9C              		IF ((191)>>3) & 1
AA9C ED 51        		OUT (C),D
AA9E              		ELSE
AA9E              		DB 0xED,0x71
AA9E              		ENDIF
AA9E              		PULSE ((191)>>3) & 1
AA9E 00           		NOP
AA9F 00           		NOP
AAA0 00           		NOP
AAA1              		IF ((191)>>2) & 1
AAA1 ED 51        		OUT (C),D
AAA3              		ELSE
AAA3              		DB 0xED,0x71
AAA3              		ENDIF
AAA3              		PULSE ((191)>>2) & 1
AAA3 3E 00        		LD A,0
AAA5 3E 00        		LD A,0
AAA7              		IF ((191)>>1) & 1
AAA7 ED 51        		OUT (C),D
AAA9              		ELSE
AAA9              		DB 0xED,0x71
AAA9              		ENDIF
AAA9              		PULSE ((191)>>1) & 1
AAA9 3E 00        		LD A,0
AAAB 00           		NOP
AAAC 00           		NOP
AAAD              		IF (191) & 1
AAAD ED 51        		OUT (C),D
AAAF              		ELSE
AAAF              		DB 0xED,0x71
AAAF              		ENDIF
AAAF              		PULSE (191) & 1
AAAF 01 FE 00     		LD BC,0x00FE
AAB2 E9           		JP (HL)
AAB3              		ASSERT $ <= second_address_191+44
AAB3              		DS second_address_191+44-$
AAB4              	        SECOND 191
AAB4              		ASSERT $ == second_address_202
AAB4              		IF ((202)>>7) & 1
AAB4 ED 51        		OUT (C),D
AAB6              		ELSE
AAB6              		DB 0xED,0x71
AAB6              		ENDIF
AAB6              		PULSE ((202)>>7) & 1
AAB6 FD E1        		POP IY
AAB8              		IF ((202)>>6) & 1
AAB8 ED 51        		OUT (C),D
AABA              		ELSE
AABA              		DB 0xED,0x71
AABA              		ENDIF
AABA              		PULSE ((202)>>6) & 1
AABA E1           		POP HL
AABB 00           		NOP
AABC              		IF ((202)>>5) & 1
AABC              		OUT (C),D
AABC              		ELSE
AABC 71           		DB 0xED,0x71
AABE              		ENDIF
AABE              		PULSE ((202)>>5) & 1
AABE 7D           		LD A,L
AABF E6 3F        		AND 63
AAC1 5F           		LD E,A
AAC2              		IF ((202)>>4) & 1
AAC2              		OUT (C),D
AAC2              		ELSE
AAC2 71           		DB 0xED,0x71
AAC4              		ENDIF
AAC4              		PULSE ((202)>>4) & 1
AAC4 7D           		LD A,L
AAC5 E6 C0        		AND 192
AAC7 6F           		LD L,A
AAC8              		IF ((202)>>3) & 1
AAC8 ED 51        		OUT (C),D
AACA              		ELSE
AACA              		DB 0xED,0x71
AACA              		ENDIF
AACA              		PULSE ((202)>>3) & 1
AACA 00           		NOP
AACB 00           		NOP
AACC 00           		NOP
AACD              		IF ((202)>>2) & 1
AACD              		OUT (C),D
AACD              		ELSE
AACD 71           		DB 0xED,0x71
AACF              		ENDIF
AACF              		PULSE ((202)>>2) & 1
AACF 3E 00        		LD A,0
AAD1 3E 00        		LD A,0
AAD3              		IF ((202)>>1) & 1
AAD3 ED 51        		OUT (C),D
AAD5              		ELSE
AAD5              		DB 0xED,0x71
AAD5              		ENDIF
AAD5              		PULSE ((202)>>1) & 1
AAD5 3E 00        		LD A,0
AAD7 00           		NOP
AAD8 00           		NOP
AAD9              		IF (202) & 1
AAD9              		OUT (C),D
AAD9              		ELSE
AAD9 71           		DB 0xED,0x71
AADB              		ENDIF
AADB              		PULSE (202) & 1
AADB 01 FE 00     		LD BC,0x00FE
AADE E9           		JP (HL)
AADF              		ASSERT $ <= second_address_202+44
AADF              		DS second_address_202+44-$
AAE0              	        SECOND 202
AAE0              		ASSERT $ == second_address_204
AAE0              		IF ((204)>>7) & 1
AAE0 ED 51        		OUT (C),D
AAE2              		ELSE
AAE2              		DB 0xED,0x71
AAE2              		ENDIF
AAE2              		PULSE ((204)>>7) & 1
AAE2 FD E1        		POP IY
AAE4              		IF ((204)>>6) & 1
AAE4 ED 51        		OUT (C),D
AAE6              		ELSE
AAE6              		DB 0xED,0x71
AAE6              		ENDIF
AAE6              		PULSE ((204)>>6) & 1
AAE6 E1           		POP HL
AAE7 00           		NOP
AAE8              		IF ((204)>>5) & 1
AAE8              		OUT (C),D
AAE8              		ELSE
AAE8 71           		DB 0xED,0x71
AAEA              		ENDIF
AAEA              		PULSE ((204)>>5) & 1
AAEA 7D           		LD A,L
AAEB E6 3F        		AND 63
AAED 5F           		LD E,A
AAEE              		IF ((204)>>4) & 1
AAEE              		OUT (C),D
AAEE              		ELSE
AAEE 71           		DB 0xED,0x71
AAF0              		ENDIF
AAF0              		PULSE ((204)>>4) & 1
AAF0 7D           		LD A,L
AAF1 E6 C0        		AND 192
AAF3 6F           		LD L,A
AAF4              		IF ((204)>>3) & 1
AAF4 ED 51        		OUT (C),D
AAF6              		ELSE
AAF6              		DB 0xED,0x71
AAF6              		ENDIF
AAF6              		PULSE ((204)>>3) & 1
AAF6 00           		NOP
AAF7 00           		NOP
AAF8 00           		NOP
AAF9              		IF ((204)>>2) & 1
AAF9 ED 51        		OUT (C),D
AAFB              		ELSE
AAFB              		DB 0xED,0x71
AAFB              		ENDIF
AAFB              		PULSE ((204)>>2) & 1
AAFB 3E 00        		LD A,0
AAFD 3E 00        		LD A,0
AAFF              		IF ((204)>>1) & 1
AAFF              		OUT (C),D
AAFF              		ELSE
AAFF 71           		DB 0xED,0x71
AB01              		ENDIF
AB01              		PULSE ((204)>>1) & 1
AB01 3E 00        		LD A,0
AB03 00           		NOP
AB04 00           		NOP
AB05              		IF (204) & 1
AB05              		OUT (C),D
AB05              		ELSE
AB05 71           		DB 0xED,0x71
AB07              		ENDIF
AB07              		PULSE (204) & 1
AB07 01 FE 00     		LD BC,0x00FE
AB0A E9           		JP (HL)
AB0B              		ASSERT $ <= second_address_204+44
AB0B              		DS second_address_204+44-$
AB0C              	        SECOND 204
AB0C              		ASSERT $ == second_address_205
AB0C              		IF ((205)>>7) & 1
AB0C ED 51        		OUT (C),D
AB0E              		ELSE
AB0E              		DB 0xED,0x71
AB0E              		ENDIF
AB0E              		PULSE ((205)>>7) & 1
AB0E FD E1        		POP IY
AB10              		IF ((205)>>6) & 1
AB10 ED 51        		OUT (C),D
AB12              		ELSE
AB12              		DB 0xED,0x71
AB12              		ENDIF
AB12              		PULSE ((205)>>6) & 1
AB12 E1           		POP HL
AB13 00           		NOP
AB14              		IF ((205)>>5) & 1
AB14              		OUT (C),D
AB14              		ELSE
AB14 71           		DB 0xED,0x71
AB16              		ENDIF
AB16              		PULSE ((205)>>5) & 1
AB16 7D           		LD A,L
AB17 E6 3F        		AND 63
AB19 5F           		LD E,A
AB1A              		IF ((205)>>4) & 1
AB1A              		OUT (C),D
AB1A              		ELSE
AB1A 71           		DB 0xED,0x71
AB1C              		ENDIF
AB1C              		PULSE ((205)>>4) & 1
AB1C 7D           		LD A,L
AB1D E6 C0        		AND 192
AB1F 6F           		LD L,A
AB20              		IF ((205)>>3) & 1
AB20 ED 51        		OUT (C),D
AB22              		ELSE
AB22              		DB 0xED,0x71
AB22              		ENDIF
AB22              		PULSE ((205)>>3) & 1
AB22 00           		NOP
AB23 00           		NOP
AB24 00           		NOP
AB25              		IF ((205)>>2) & 1
AB25 ED 51        		OUT (C),D
AB27              		ELSE
AB27              		DB 0xED,0x71
AB27              		ENDIF
AB27              		PULSE ((205)>>2) & 1
AB27 3E 00        		LD A,0
AB29 3E 00        		LD A,0
AB2B              		IF ((205)>>1) & 1
AB2B              		OUT (C),D
AB2B              		ELSE
AB2B 71           		DB 0xED,0x71
AB2D              		ENDIF
AB2D              		PULSE ((205)>>1) & 1
AB2D 3E 00        		LD A,0
AB2F 00           		NOP
AB30 00           		NOP
AB31              		IF (205) & 1
AB31 ED 51        		OUT (C),D
AB33              		ELSE
AB33              		DB 0xED,0x71
AB33              		ENDIF
AB33              		PULSE (205) & 1
AB33 01 FE 00     		LD BC,0x00FE
AB36 E9           		JP (HL)
AB37              		ASSERT $ <= second_address_205+44
AB37              		DS second_address_205+44-$
AB38              	        SECOND 205
AB38              		ASSERT $ == second_address_210
AB38              		IF ((210)>>7) & 1
AB38 ED 51        		OUT (C),D
AB3A              		ELSE
AB3A              		DB 0xED,0x71
AB3A              		ENDIF
AB3A              		PULSE ((210)>>7) & 1
AB3A FD E1        		POP IY
AB3C              		IF ((210)>>6) & 1
AB3C ED 51        		OUT (C),D
AB3E              		ELSE
AB3E              		DB 0xED,0x71
AB3E              		ENDIF
AB3E              		PULSE ((210)>>6) & 1
AB3E E1           		POP HL
AB3F 00           		NOP
AB40              		IF ((210)>>5) & 1
AB40              		OUT (C),D
AB40              		ELSE
AB40 71           		DB 0xED,0x71
AB42              		ENDIF
AB42              		PULSE ((210)>>5) & 1
AB42 7D           		LD A,L
AB43 E6 3F        		AND 63
AB45 5F           		LD E,A
AB46              		IF ((210)>>4) & 1
AB46 ED 51        		OUT (C),D
AB48              		ELSE
AB48              		DB 0xED,0x71
AB48              		ENDIF
AB48              		PULSE ((210)>>4) & 1
AB48 7D           		LD A,L
AB49 E6 C0        		AND 192
AB4B 6F           		LD L,A
AB4C              		IF ((210)>>3) & 1
AB4C              		OUT (C),D
AB4C              		ELSE
AB4C 71           		DB 0xED,0x71
AB4E              		ENDIF
AB4E              		PULSE ((210)>>3) & 1
AB4E 00           		NOP
AB4F 00           		NOP
AB50 00           		NOP
AB51              		IF ((210)>>2) & 1
AB51              		OUT (C),D
AB51              		ELSE
AB51 71           		DB 0xED,0x71
AB53              		ENDIF
AB53              		PULSE ((210)>>2) & 1
AB53 3E 00        		LD A,0
AB55 3E 00        		LD A,0
AB57              		IF ((210)>>1) & 1
AB57 ED 51        		OUT (C),D
AB59              		ELSE
AB59              		DB 0xED,0x71
AB59              		ENDIF
AB59              		PULSE ((210)>>1) & 1
AB59 3E 00        		LD A,0
AB5B 00           		NOP
AB5C 00           		NOP
AB5D              		IF (210) & 1
AB5D              		OUT (C),D
AB5D              		ELSE
AB5D 71           		DB 0xED,0x71
AB5F              		ENDIF
AB5F              		PULSE (210) & 1
AB5F 01 FE 00     		LD BC,0x00FE
AB62 E9           		JP (HL)
AB63              		ASSERT $ <= second_address_210+44
AB63              		DS second_address_210+44-$
AB64              	        SECOND 210
AB64              		ASSERT $ == second_address_211
AB64              		IF ((211)>>7) & 1
AB64 ED 51        		OUT (C),D
AB66              		ELSE
AB66              		DB 0xED,0x71
AB66              		ENDIF
AB66              		PULSE ((211)>>7) & 1
AB66 FD E1        		POP IY
AB68              		IF ((211)>>6) & 1
AB68 ED 51        		OUT (C),D
AB6A              		ELSE
AB6A              		DB 0xED,0x71
AB6A              		ENDIF
AB6A              		PULSE ((211)>>6) & 1
AB6A E1           		POP HL
AB6B 00           		NOP
AB6C              		IF ((211)>>5) & 1
AB6C              		OUT (C),D
AB6C              		ELSE
AB6C 71           		DB 0xED,0x71
AB6E              		ENDIF
AB6E              		PULSE ((211)>>5) & 1
AB6E 7D           		LD A,L
AB6F E6 3F        		AND 63
AB71 5F           		LD E,A
AB72              		IF ((211)>>4) & 1
AB72 ED 51        		OUT (C),D
AB74              		ELSE
AB74              		DB 0xED,0x71
AB74              		ENDIF
AB74              		PULSE ((211)>>4) & 1
AB74 7D           		LD A,L
AB75 E6 C0        		AND 192
AB77 6F           		LD L,A
AB78              		IF ((211)>>3) & 1
AB78              		OUT (C),D
AB78              		ELSE
AB78 71           		DB 0xED,0x71
AB7A              		ENDIF
AB7A              		PULSE ((211)>>3) & 1
AB7A 00           		NOP
AB7B 00           		NOP
AB7C 00           		NOP
AB7D              		IF ((211)>>2) & 1
AB7D              		OUT (C),D
AB7D              		ELSE
AB7D 71           		DB 0xED,0x71
AB7F              		ENDIF
AB7F              		PULSE ((211)>>2) & 1
AB7F 3E 00        		LD A,0
AB81 3E 00        		LD A,0
AB83              		IF ((211)>>1) & 1
AB83 ED 51        		OUT (C),D
AB85              		ELSE
AB85              		DB 0xED,0x71
AB85              		ENDIF
AB85              		PULSE ((211)>>1) & 1
AB85 3E 00        		LD A,0
AB87 00           		NOP
AB88 00           		NOP
AB89              		IF (211) & 1
AB89 ED 51        		OUT (C),D
AB8B              		ELSE
AB8B              		DB 0xED,0x71
AB8B              		ENDIF
AB8B              		PULSE (211) & 1
AB8B 01 FE 00     		LD BC,0x00FE
AB8E E9           		JP (HL)
AB8F              		ASSERT $ <= second_address_211+44
AB8F              		DS second_address_211+44-$
AB90              	        SECOND 211
AB90              		ASSERT $ == second_address_213
AB90              		IF ((213)>>7) & 1
AB90 ED 51        		OUT (C),D
AB92              		ELSE
AB92              		DB 0xED,0x71
AB92              		ENDIF
AB92              		PULSE ((213)>>7) & 1
AB92 FD E1        		POP IY
AB94              		IF ((213)>>6) & 1
AB94 ED 51        		OUT (C),D
AB96              		ELSE
AB96              		DB 0xED,0x71
AB96              		ENDIF
AB96              		PULSE ((213)>>6) & 1
AB96 E1           		POP HL
AB97 00           		NOP
AB98              		IF ((213)>>5) & 1
AB98              		OUT (C),D
AB98              		ELSE
AB98 71           		DB 0xED,0x71
AB9A              		ENDIF
AB9A              		PULSE ((213)>>5) & 1
AB9A 7D           		LD A,L
AB9B E6 3F        		AND 63
AB9D 5F           		LD E,A
AB9E              		IF ((213)>>4) & 1
AB9E ED 51        		OUT (C),D
ABA0              		ELSE
ABA0              		DB 0xED,0x71
ABA0              		ENDIF
ABA0              		PULSE ((213)>>4) & 1
ABA0 7D           		LD A,L
ABA1 E6 C0        		AND 192
ABA3 6F           		LD L,A
ABA4              		IF ((213)>>3) & 1
ABA4              		OUT (C),D
ABA4              		ELSE
ABA4 71           		DB 0xED,0x71
ABA6              		ENDIF
ABA6              		PULSE ((213)>>3) & 1
ABA6 00           		NOP
ABA7 00           		NOP
ABA8 00           		NOP
ABA9              		IF ((213)>>2) & 1
ABA9 ED 51        		OUT (C),D
ABAB              		ELSE
ABAB              		DB 0xED,0x71
ABAB              		ENDIF
ABAB              		PULSE ((213)>>2) & 1
ABAB 3E 00        		LD A,0
ABAD 3E 00        		LD A,0
ABAF              		IF ((213)>>1) & 1
ABAF              		OUT (C),D
ABAF              		ELSE
ABAF 71           		DB 0xED,0x71
ABB1              		ENDIF
ABB1              		PULSE ((213)>>1) & 1
ABB1 3E 00        		LD A,0
ABB3 00           		NOP
ABB4 00           		NOP
ABB5              		IF (213) & 1
ABB5 ED 51        		OUT (C),D
ABB7              		ELSE
ABB7              		DB 0xED,0x71
ABB7              		ENDIF
ABB7              		PULSE (213) & 1
ABB7 01 FE 00     		LD BC,0x00FE
ABBA E9           		JP (HL)
ABBB              		ASSERT $ <= second_address_213+44
ABBB              		DS second_address_213+44-$
ABBC              	        SECOND 213
ABBC              		ASSERT $ == second_address_214
ABBC              		IF ((214)>>7) & 1
ABBC ED 51        		OUT (C),D
ABBE              		ELSE
ABBE              		DB 0xED,0x71
ABBE              		ENDIF
ABBE              		PULSE ((214)>>7) & 1
ABBE FD E1        		POP IY
ABC0              		IF ((214)>>6) & 1
ABC0 ED 51        		OUT (C),D
ABC2              		ELSE
ABC2              		DB 0xED,0x71
ABC2              		ENDIF
ABC2              		PULSE ((214)>>6) & 1
ABC2 E1           		POP HL
ABC3 00           		NOP
ABC4              		IF ((214)>>5) & 1
ABC4              		OUT (C),D
ABC4              		ELSE
ABC4 71           		DB 0xED,0x71
ABC6              		ENDIF
ABC6              		PULSE ((214)>>5) & 1
ABC6 7D           		LD A,L
ABC7 E6 3F        		AND 63
ABC9 5F           		LD E,A
ABCA              		IF ((214)>>4) & 1
ABCA ED 51        		OUT (C),D
ABCC              		ELSE
ABCC              		DB 0xED,0x71
ABCC              		ENDIF
ABCC              		PULSE ((214)>>4) & 1
ABCC 7D           		LD A,L
ABCD E6 C0        		AND 192
ABCF 6F           		LD L,A
ABD0              		IF ((214)>>3) & 1
ABD0              		OUT (C),D
ABD0              		ELSE
ABD0 71           		DB 0xED,0x71
ABD2              		ENDIF
ABD2              		PULSE ((214)>>3) & 1
ABD2 00           		NOP
ABD3 00           		NOP
ABD4 00           		NOP
ABD5              		IF ((214)>>2) & 1
ABD5 ED 51        		OUT (C),D
ABD7              		ELSE
ABD7              		DB 0xED,0x71
ABD7              		ENDIF
ABD7              		PULSE ((214)>>2) & 1
ABD7 3E 00        		LD A,0
ABD9 3E 00        		LD A,0
ABDB              		IF ((214)>>1) & 1
ABDB ED 51        		OUT (C),D
ABDD              		ELSE
ABDD              		DB 0xED,0x71
ABDD              		ENDIF
ABDD              		PULSE ((214)>>1) & 1
ABDD 3E 00        		LD A,0
ABDF 00           		NOP
ABE0 00           		NOP
ABE1              		IF (214) & 1
ABE1              		OUT (C),D
ABE1              		ELSE
ABE1 71           		DB 0xED,0x71
ABE3              		ENDIF
ABE3              		PULSE (214) & 1
ABE3 01 FE 00     		LD BC,0x00FE
ABE6 E9           		JP (HL)
ABE7              		ASSERT $ <= second_address_214+44
ABE7              		DS second_address_214+44-$
ABE8              	        SECOND 214
ABE8              		ASSERT $ == second_address_215
ABE8              		IF ((215)>>7) & 1
ABE8 ED 51        		OUT (C),D
ABEA              		ELSE
ABEA              		DB 0xED,0x71
ABEA              		ENDIF
ABEA              		PULSE ((215)>>7) & 1
ABEA FD E1        		POP IY
ABEC              		IF ((215)>>6) & 1
ABEC ED 51        		OUT (C),D
ABEE              		ELSE
ABEE              		DB 0xED,0x71
ABEE              		ENDIF
ABEE              		PULSE ((215)>>6) & 1
ABEE E1           		POP HL
ABEF 00           		NOP
ABF0              		IF ((215)>>5) & 1
ABF0              		OUT (C),D
ABF0              		ELSE
ABF0 71           		DB 0xED,0x71
ABF2              		ENDIF
ABF2              		PULSE ((215)>>5) & 1
ABF2 7D           		LD A,L
ABF3 E6 3F        		AND 63
ABF5 5F           		LD E,A
ABF6              		IF ((215)>>4) & 1
ABF6 ED 51        		OUT (C),D
ABF8              		ELSE
ABF8              		DB 0xED,0x71
ABF8              		ENDIF
ABF8              		PULSE ((215)>>4) & 1
ABF8 7D           		LD A,L
ABF9 E6 C0        		AND 192
ABFB 6F           		LD L,A
ABFC              		IF ((215)>>3) & 1
ABFC              		OUT (C),D
ABFC              		ELSE
ABFC 71           		DB 0xED,0x71
ABFE              		ENDIF
ABFE              		PULSE ((215)>>3) & 1
ABFE 00           		NOP
ABFF 00           		NOP
AC00 00           		NOP
AC01              		IF ((215)>>2) & 1
AC01 ED 51        		OUT (C),D
AC03              		ELSE
AC03              		DB 0xED,0x71
AC03              		ENDIF
AC03              		PULSE ((215)>>2) & 1
AC03 3E 00        		LD A,0
AC05 3E 00        		LD A,0
AC07              		IF ((215)>>1) & 1
AC07 ED 51        		OUT (C),D
AC09              		ELSE
AC09              		DB 0xED,0x71
AC09              		ENDIF
AC09              		PULSE ((215)>>1) & 1
AC09 3E 00        		LD A,0
AC0B 00           		NOP
AC0C 00           		NOP
AC0D              		IF (215) & 1
AC0D ED 51        		OUT (C),D
AC0F              		ELSE
AC0F              		DB 0xED,0x71
AC0F              		ENDIF
AC0F              		PULSE (215) & 1
AC0F 01 FE 00     		LD BC,0x00FE
AC12 E9           		JP (HL)
AC13              		ASSERT $ <= second_address_215+44
AC13              		DS second_address_215+44-$
AC14              	        SECOND 215
AC14              		ASSERT $ == second_address_218
AC14              		IF ((218)>>7) & 1
AC14 ED 51        		OUT (C),D
AC16              		ELSE
AC16              		DB 0xED,0x71
AC16              		ENDIF
AC16              		PULSE ((218)>>7) & 1
AC16 FD E1        		POP IY
AC18              		IF ((218)>>6) & 1
AC18 ED 51        		OUT (C),D
AC1A              		ELSE
AC1A              		DB 0xED,0x71
AC1A              		ENDIF
AC1A              		PULSE ((218)>>6) & 1
AC1A E1           		POP HL
AC1B 00           		NOP
AC1C              		IF ((218)>>5) & 1
AC1C              		OUT (C),D
AC1C              		ELSE
AC1C 71           		DB 0xED,0x71
AC1E              		ENDIF
AC1E              		PULSE ((218)>>5) & 1
AC1E 7D           		LD A,L
AC1F E6 3F        		AND 63
AC21 5F           		LD E,A
AC22              		IF ((218)>>4) & 1
AC22 ED 51        		OUT (C),D
AC24              		ELSE
AC24              		DB 0xED,0x71
AC24              		ENDIF
AC24              		PULSE ((218)>>4) & 1
AC24 7D           		LD A,L
AC25 E6 C0        		AND 192
AC27 6F           		LD L,A
AC28              		IF ((218)>>3) & 1
AC28 ED 51        		OUT (C),D
AC2A              		ELSE
AC2A              		DB 0xED,0x71
AC2A              		ENDIF
AC2A              		PULSE ((218)>>3) & 1
AC2A 00           		NOP
AC2B 00           		NOP
AC2C 00           		NOP
AC2D              		IF ((218)>>2) & 1
AC2D              		OUT (C),D
AC2D              		ELSE
AC2D 71           		DB 0xED,0x71
AC2F              		ENDIF
AC2F              		PULSE ((218)>>2) & 1
AC2F 3E 00        		LD A,0
AC31 3E 00        		LD A,0
AC33              		IF ((218)>>1) & 1
AC33 ED 51        		OUT (C),D
AC35              		ELSE
AC35              		DB 0xED,0x71
AC35              		ENDIF
AC35              		PULSE ((218)>>1) & 1
AC35 3E 00        		LD A,0
AC37 00           		NOP
AC38 00           		NOP
AC39              		IF (218) & 1
AC39              		OUT (C),D
AC39              		ELSE
AC39 71           		DB 0xED,0x71
AC3B              		ENDIF
AC3B              		PULSE (218) & 1
AC3B 01 FE 00     		LD BC,0x00FE
AC3E E9           		JP (HL)
AC3F              		ASSERT $ <= second_address_218+44
AC3F              		DS second_address_218+44-$
AC40              	        SECOND 218
AC40              		ASSERT $ == second_address_219
AC40              		IF ((219)>>7) & 1
AC40 ED 51        		OUT (C),D
AC42              		ELSE
AC42              		DB 0xED,0x71
AC42              		ENDIF
AC42              		PULSE ((219)>>7) & 1
AC42 FD E1        		POP IY
AC44              		IF ((219)>>6) & 1
AC44 ED 51        		OUT (C),D
AC46              		ELSE
AC46              		DB 0xED,0x71
AC46              		ENDIF
AC46              		PULSE ((219)>>6) & 1
AC46 E1           		POP HL
AC47 00           		NOP
AC48              		IF ((219)>>5) & 1
AC48              		OUT (C),D
AC48              		ELSE
AC48 71           		DB 0xED,0x71
AC4A              		ENDIF
AC4A              		PULSE ((219)>>5) & 1
AC4A 7D           		LD A,L
AC4B E6 3F        		AND 63
AC4D 5F           		LD E,A
AC4E              		IF ((219)>>4) & 1
AC4E ED 51        		OUT (C),D
AC50              		ELSE
AC50              		DB 0xED,0x71
AC50              		ENDIF
AC50              		PULSE ((219)>>4) & 1
AC50 7D           		LD A,L
AC51 E6 C0        		AND 192
AC53 6F           		LD L,A
AC54              		IF ((219)>>3) & 1
AC54 ED 51        		OUT (C),D
AC56              		ELSE
AC56              		DB 0xED,0x71
AC56              		ENDIF
AC56              		PULSE ((219)>>3) & 1
AC56 00           		NOP
AC57 00           		NOP
AC58 00           		NOP
AC59              		IF ((219)>>2) & 1
AC59              		OUT (C),D
AC59              		ELSE
AC59 71           		DB 0xED,0x71
AC5B              		ENDIF
AC5B              		PULSE ((219)>>2) & 1
AC5B 3E 00        		LD A,0
AC5D 3E 00        		LD A,0
AC5F              		IF ((219)>>1) & 1
AC5F ED 51        		OUT (C),D
AC61              		ELSE
AC61              		DB 0xED,0x71
AC61              		ENDIF
AC61              		PULSE ((219)>>1) & 1
AC61 3E 00        		LD A,0
AC63 00           		NOP
AC64 00           		NOP
AC65              		IF (219) & 1
AC65 ED 51        		OUT (C),D
AC67              		ELSE
AC67              		DB 0xED,0x71
AC67              		ENDIF
AC67              		PULSE (219) & 1
AC67 01 FE 00     		LD BC,0x00FE
AC6A E9           		JP (HL)
AC6B              		ASSERT $ <= second_address_219+44
AC6B              		DS second_address_219+44-$
AC6C              	        SECOND 219
AC6C              		ASSERT $ == second_address_221
AC6C              		IF ((221)>>7) & 1
AC6C ED 51        		OUT (C),D
AC6E              		ELSE
AC6E              		DB 0xED,0x71
AC6E              		ENDIF
AC6E              		PULSE ((221)>>7) & 1
AC6E FD E1        		POP IY
AC70              		IF ((221)>>6) & 1
AC70 ED 51        		OUT (C),D
AC72              		ELSE
AC72              		DB 0xED,0x71
AC72              		ENDIF
AC72              		PULSE ((221)>>6) & 1
AC72 E1           		POP HL
AC73 00           		NOP
AC74              		IF ((221)>>5) & 1
AC74              		OUT (C),D
AC74              		ELSE
AC74 71           		DB 0xED,0x71
AC76              		ENDIF
AC76              		PULSE ((221)>>5) & 1
AC76 7D           		LD A,L
AC77 E6 3F        		AND 63
AC79 5F           		LD E,A
AC7A              		IF ((221)>>4) & 1
AC7A ED 51        		OUT (C),D
AC7C              		ELSE
AC7C              		DB 0xED,0x71
AC7C              		ENDIF
AC7C              		PULSE ((221)>>4) & 1
AC7C 7D           		LD A,L
AC7D E6 C0        		AND 192
AC7F 6F           		LD L,A
AC80              		IF ((221)>>3) & 1
AC80 ED 51        		OUT (C),D
AC82              		ELSE
AC82              		DB 0xED,0x71
AC82              		ENDIF
AC82              		PULSE ((221)>>3) & 1
AC82 00           		NOP
AC83 00           		NOP
AC84 00           		NOP
AC85              		IF ((221)>>2) & 1
AC85 ED 51        		OUT (C),D
AC87              		ELSE
AC87              		DB 0xED,0x71
AC87              		ENDIF
AC87              		PULSE ((221)>>2) & 1
AC87 3E 00        		LD A,0
AC89 3E 00        		LD A,0
AC8B              		IF ((221)>>1) & 1
AC8B              		OUT (C),D
AC8B              		ELSE
AC8B 71           		DB 0xED,0x71
AC8D              		ENDIF
AC8D              		PULSE ((221)>>1) & 1
AC8D 3E 00        		LD A,0
AC8F 00           		NOP
AC90 00           		NOP
AC91              		IF (221) & 1
AC91 ED 51        		OUT (C),D
AC93              		ELSE
AC93              		DB 0xED,0x71
AC93              		ENDIF
AC93              		PULSE (221) & 1
AC93 01 FE 00     		LD BC,0x00FE
AC96 E9           		JP (HL)
AC97              		ASSERT $ <= second_address_221+44
AC97              		DS second_address_221+44-$
AC98              	        SECOND 221
AC98              		ASSERT $ == second_address_222
AC98              		IF ((222)>>7) & 1
AC98 ED 51        		OUT (C),D
AC9A              		ELSE
AC9A              		DB 0xED,0x71
AC9A              		ENDIF
AC9A              		PULSE ((222)>>7) & 1
AC9A FD E1        		POP IY
AC9C              		IF ((222)>>6) & 1
AC9C ED 51        		OUT (C),D
AC9E              		ELSE
AC9E              		DB 0xED,0x71
AC9E              		ENDIF
AC9E              		PULSE ((222)>>6) & 1
AC9E E1           		POP HL
AC9F 00           		NOP
ACA0              		IF ((222)>>5) & 1
ACA0              		OUT (C),D
ACA0              		ELSE
ACA0 71           		DB 0xED,0x71
ACA2              		ENDIF
ACA2              		PULSE ((222)>>5) & 1
ACA2 7D           		LD A,L
ACA3 E6 3F        		AND 63
ACA5 5F           		LD E,A
ACA6              		IF ((222)>>4) & 1
ACA6 ED 51        		OUT (C),D
ACA8              		ELSE
ACA8              		DB 0xED,0x71
ACA8              		ENDIF
ACA8              		PULSE ((222)>>4) & 1
ACA8 7D           		LD A,L
ACA9 E6 C0        		AND 192
ACAB 6F           		LD L,A
ACAC              		IF ((222)>>3) & 1
ACAC ED 51        		OUT (C),D
ACAE              		ELSE
ACAE              		DB 0xED,0x71
ACAE              		ENDIF
ACAE              		PULSE ((222)>>3) & 1
ACAE 00           		NOP
ACAF 00           		NOP
ACB0 00           		NOP
ACB1              		IF ((222)>>2) & 1
ACB1 ED 51        		OUT (C),D
ACB3              		ELSE
ACB3              		DB 0xED,0x71
ACB3              		ENDIF
ACB3              		PULSE ((222)>>2) & 1
ACB3 3E 00        		LD A,0
ACB5 3E 00        		LD A,0
ACB7              		IF ((222)>>1) & 1
ACB7 ED 51        		OUT (C),D
ACB9              		ELSE
ACB9              		DB 0xED,0x71
ACB9              		ENDIF
ACB9              		PULSE ((222)>>1) & 1
ACB9 3E 00        		LD A,0
ACBB 00           		NOP
ACBC 00           		NOP
ACBD              		IF (222) & 1
ACBD              		OUT (C),D
ACBD              		ELSE
ACBD 71           		DB 0xED,0x71
ACBF              		ENDIF
ACBF              		PULSE (222) & 1
ACBF 01 FE 00     		LD BC,0x00FE
ACC2 E9           		JP (HL)
ACC3              		ASSERT $ <= second_address_222+44
ACC3              		DS second_address_222+44-$
ACC4              	        SECOND 222
ACC4              		ASSERT $ == second_address_223
ACC4              		IF ((223)>>7) & 1
ACC4 ED 51        		OUT (C),D
ACC6              		ELSE
ACC6              		DB 0xED,0x71
ACC6              		ENDIF
ACC6              		PULSE ((223)>>7) & 1
ACC6 FD E1        		POP IY
ACC8              		IF ((223)>>6) & 1
ACC8 ED 51        		OUT (C),D
ACCA              		ELSE
ACCA              		DB 0xED,0x71
ACCA              		ENDIF
ACCA              		PULSE ((223)>>6) & 1
ACCA E1           		POP HL
ACCB 00           		NOP
ACCC              		IF ((223)>>5) & 1
ACCC              		OUT (C),D
ACCC              		ELSE
ACCC 71           		DB 0xED,0x71
ACCE              		ENDIF
ACCE              		PULSE ((223)>>5) & 1
ACCE 7D           		LD A,L
ACCF E6 3F        		AND 63
ACD1 5F           		LD E,A
ACD2              		IF ((223)>>4) & 1
ACD2 ED 51        		OUT (C),D
ACD4              		ELSE
ACD4              		DB 0xED,0x71
ACD4              		ENDIF
ACD4              		PULSE ((223)>>4) & 1
ACD4 7D           		LD A,L
ACD5 E6 C0        		AND 192
ACD7 6F           		LD L,A
ACD8              		IF ((223)>>3) & 1
ACD8 ED 51        		OUT (C),D
ACDA              		ELSE
ACDA              		DB 0xED,0x71
ACDA              		ENDIF
ACDA              		PULSE ((223)>>3) & 1
ACDA 00           		NOP
ACDB 00           		NOP
ACDC 00           		NOP
ACDD              		IF ((223)>>2) & 1
ACDD ED 51        		OUT (C),D
ACDF              		ELSE
ACDF              		DB 0xED,0x71
ACDF              		ENDIF
ACDF              		PULSE ((223)>>2) & 1
ACDF 3E 00        		LD A,0
ACE1 3E 00        		LD A,0
ACE3              		IF ((223)>>1) & 1
ACE3 ED 51        		OUT (C),D
ACE5              		ELSE
ACE5              		DB 0xED,0x71
ACE5              		ENDIF
ACE5              		PULSE ((223)>>1) & 1
ACE5 3E 00        		LD A,0
ACE7 00           		NOP
ACE8 00           		NOP
ACE9              		IF (223) & 1
ACE9 ED 51        		OUT (C),D
ACEB              		ELSE
ACEB              		DB 0xED,0x71
ACEB              		ENDIF
ACEB              		PULSE (223) & 1
ACEB 01 FE 00     		LD BC,0x00FE
ACEE E9           		JP (HL)
ACEF              		ASSERT $ <= second_address_223+44
ACEF              		DS second_address_223+44-$
ACF0              	        SECOND 223
ACF0              		ASSERT $ == second_address_235
ACF0              		IF ((235)>>7) & 1
ACF0 ED 51        		OUT (C),D
ACF2              		ELSE
ACF2              		DB 0xED,0x71
ACF2              		ENDIF
ACF2              		PULSE ((235)>>7) & 1
ACF2 FD E1        		POP IY
ACF4              		IF ((235)>>6) & 1
ACF4 ED 51        		OUT (C),D
ACF6              		ELSE
ACF6              		DB 0xED,0x71
ACF6              		ENDIF
ACF6              		PULSE ((235)>>6) & 1
ACF6 E1           		POP HL
ACF7 00           		NOP
ACF8              		IF ((235)>>5) & 1
ACF8 ED 51        		OUT (C),D
ACFA              		ELSE
ACFA              		DB 0xED,0x71
ACFA              		ENDIF
ACFA              		PULSE ((235)>>5) & 1
ACFA 7D           		LD A,L
ACFB E6 3F        		AND 63
ACFD 5F           		LD E,A
ACFE              		IF ((235)>>4) & 1
ACFE              		OUT (C),D
ACFE              		ELSE
ACFE 71           		DB 0xED,0x71
AD00              		ENDIF
AD00              		PULSE ((235)>>4) & 1
AD00 7D           		LD A,L
AD01 E6 C0        		AND 192
AD03 6F           		LD L,A
AD04              		IF ((235)>>3) & 1
AD04 ED 51        		OUT (C),D
AD06              		ELSE
AD06              		DB 0xED,0x71
AD06              		ENDIF
AD06              		PULSE ((235)>>3) & 1
AD06 00           		NOP
AD07 00           		NOP
AD08 00           		NOP
AD09              		IF ((235)>>2) & 1
AD09              		OUT (C),D
AD09              		ELSE
AD09 71           		DB 0xED,0x71
AD0B              		ENDIF
AD0B              		PULSE ((235)>>2) & 1
AD0B 3E 00        		LD A,0
AD0D 3E 00        		LD A,0
AD0F              		IF ((235)>>1) & 1
AD0F ED 51        		OUT (C),D
AD11              		ELSE
AD11              		DB 0xED,0x71
AD11              		ENDIF
AD11              		PULSE ((235)>>1) & 1
AD11 3E 00        		LD A,0
AD13 00           		NOP
AD14 00           		NOP
AD15              		IF (235) & 1
AD15 ED 51        		OUT (C),D
AD17              		ELSE
AD17              		DB 0xED,0x71
AD17              		ENDIF
AD17              		PULSE (235) & 1
AD17 01 FE 00     		LD BC,0x00FE
AD1A E9           		JP (HL)
AD1B              		ASSERT $ <= second_address_235+44
AD1B              		DS second_address_235+44-$
AD1C              	        SECOND 235
AD1C              		ASSERT $ == second_address_237
AD1C              		IF ((237)>>7) & 1
AD1C ED 51        		OUT (C),D
AD1E              		ELSE
AD1E              		DB 0xED,0x71
AD1E              		ENDIF
AD1E              		PULSE ((237)>>7) & 1
AD1E FD E1        		POP IY
AD20              		IF ((237)>>6) & 1
AD20 ED 51        		OUT (C),D
AD22              		ELSE
AD22              		DB 0xED,0x71
AD22              		ENDIF
AD22              		PULSE ((237)>>6) & 1
AD22 E1           		POP HL
AD23 00           		NOP
AD24              		IF ((237)>>5) & 1
AD24 ED 51        		OUT (C),D
AD26              		ELSE
AD26              		DB 0xED,0x71
AD26              		ENDIF
AD26              		PULSE ((237)>>5) & 1
AD26 7D           		LD A,L
AD27 E6 3F        		AND 63
AD29 5F           		LD E,A
AD2A              		IF ((237)>>4) & 1
AD2A              		OUT (C),D
AD2A              		ELSE
AD2A 71           		DB 0xED,0x71
AD2C              		ENDIF
AD2C              		PULSE ((237)>>4) & 1
AD2C 7D           		LD A,L
AD2D E6 C0        		AND 192
AD2F 6F           		LD L,A
AD30              		IF ((237)>>3) & 1
AD30 ED 51        		OUT (C),D
AD32              		ELSE
AD32              		DB 0xED,0x71
AD32              		ENDIF
AD32              		PULSE ((237)>>3) & 1
AD32 00           		NOP
AD33 00           		NOP
AD34 00           		NOP
AD35              		IF ((237)>>2) & 1
AD35 ED 51        		OUT (C),D
AD37              		ELSE
AD37              		DB 0xED,0x71
AD37              		ENDIF
AD37              		PULSE ((237)>>2) & 1
AD37 3E 00        		LD A,0
AD39 3E 00        		LD A,0
AD3B              		IF ((237)>>1) & 1
AD3B              		OUT (C),D
AD3B              		ELSE
AD3B 71           		DB 0xED,0x71
AD3D              		ENDIF
AD3D              		PULSE ((237)>>1) & 1
AD3D 3E 00        		LD A,0
AD3F 00           		NOP
AD40 00           		NOP
AD41              		IF (237) & 1
AD41 ED 51        		OUT (C),D
AD43              		ELSE
AD43              		DB 0xED,0x71
AD43              		ENDIF
AD43              		PULSE (237) & 1
AD43 01 FE 00     		LD BC,0x00FE
AD46 E9           		JP (HL)
AD47              		ASSERT $ <= second_address_237+44
AD47              		DS second_address_237+44-$
AD48              	        SECOND 237
AD48              		ASSERT $ == second_address_238
AD48              		IF ((238)>>7) & 1
AD48 ED 51        		OUT (C),D
AD4A              		ELSE
AD4A              		DB 0xED,0x71
AD4A              		ENDIF
AD4A              		PULSE ((238)>>7) & 1
AD4A FD E1        		POP IY
AD4C              		IF ((238)>>6) & 1
AD4C ED 51        		OUT (C),D
AD4E              		ELSE
AD4E              		DB 0xED,0x71
AD4E              		ENDIF
AD4E              		PULSE ((238)>>6) & 1
AD4E E1           		POP HL
AD4F 00           		NOP
AD50              		IF ((238)>>5) & 1
AD50 ED 51        		OUT (C),D
AD52              		ELSE
AD52              		DB 0xED,0x71
AD52              		ENDIF
AD52              		PULSE ((238)>>5) & 1
AD52 7D           		LD A,L
AD53 E6 3F        		AND 63
AD55 5F           		LD E,A
AD56              		IF ((238)>>4) & 1
AD56              		OUT (C),D
AD56              		ELSE
AD56 71           		DB 0xED,0x71
AD58              		ENDIF
AD58              		PULSE ((238)>>4) & 1
AD58 7D           		LD A,L
AD59 E6 C0        		AND 192
AD5B 6F           		LD L,A
AD5C              		IF ((238)>>3) & 1
AD5C ED 51        		OUT (C),D
AD5E              		ELSE
AD5E              		DB 0xED,0x71
AD5E              		ENDIF
AD5E              		PULSE ((238)>>3) & 1
AD5E 00           		NOP
AD5F 00           		NOP
AD60 00           		NOP
AD61              		IF ((238)>>2) & 1
AD61 ED 51        		OUT (C),D
AD63              		ELSE
AD63              		DB 0xED,0x71
AD63              		ENDIF
AD63              		PULSE ((238)>>2) & 1
AD63 3E 00        		LD A,0
AD65 3E 00        		LD A,0
AD67              		IF ((238)>>1) & 1
AD67 ED 51        		OUT (C),D
AD69              		ELSE
AD69              		DB 0xED,0x71
AD69              		ENDIF
AD69              		PULSE ((238)>>1) & 1
AD69 3E 00        		LD A,0
AD6B 00           		NOP
AD6C 00           		NOP
AD6D              		IF (238) & 1
AD6D              		OUT (C),D
AD6D              		ELSE
AD6D 71           		DB 0xED,0x71
AD6F              		ENDIF
AD6F              		PULSE (238) & 1
AD6F 01 FE 00     		LD BC,0x00FE
AD72 E9           		JP (HL)
AD73              		ASSERT $ <= second_address_238+44
AD73              		DS second_address_238+44-$
AD74              	        SECOND 238
AD74              		ASSERT $ == second_address_239
AD74              		IF ((239)>>7) & 1
AD74 ED 51        		OUT (C),D
AD76              		ELSE
AD76              		DB 0xED,0x71
AD76              		ENDIF
AD76              		PULSE ((239)>>7) & 1
AD76 FD E1        		POP IY
AD78              		IF ((239)>>6) & 1
AD78 ED 51        		OUT (C),D
AD7A              		ELSE
AD7A              		DB 0xED,0x71
AD7A              		ENDIF
AD7A              		PULSE ((239)>>6) & 1
AD7A E1           		POP HL
AD7B 00           		NOP
AD7C              		IF ((239)>>5) & 1
AD7C ED 51        		OUT (C),D
AD7E              		ELSE
AD7E              		DB 0xED,0x71
AD7E              		ENDIF
AD7E              		PULSE ((239)>>5) & 1
AD7E 7D           		LD A,L
AD7F E6 3F        		AND 63
AD81 5F           		LD E,A
AD82              		IF ((239)>>4) & 1
AD82              		OUT (C),D
AD82              		ELSE
AD82 71           		DB 0xED,0x71
AD84              		ENDIF
AD84              		PULSE ((239)>>4) & 1
AD84 7D           		LD A,L
AD85 E6 C0        		AND 192
AD87 6F           		LD L,A
AD88              		IF ((239)>>3) & 1
AD88 ED 51        		OUT (C),D
AD8A              		ELSE
AD8A              		DB 0xED,0x71
AD8A              		ENDIF
AD8A              		PULSE ((239)>>3) & 1
AD8A 00           		NOP
AD8B 00           		NOP
AD8C 00           		NOP
AD8D              		IF ((239)>>2) & 1
AD8D ED 51        		OUT (C),D
AD8F              		ELSE
AD8F              		DB 0xED,0x71
AD8F              		ENDIF
AD8F              		PULSE ((239)>>2) & 1
AD8F 3E 00        		LD A,0
AD91 3E 00        		LD A,0
AD93              		IF ((239)>>1) & 1
AD93 ED 51        		OUT (C),D
AD95              		ELSE
AD95              		DB 0xED,0x71
AD95              		ENDIF
AD95              		PULSE ((239)>>1) & 1
AD95 3E 00        		LD A,0
AD97 00           		NOP
AD98 00           		NOP
AD99              		IF (239) & 1
AD99 ED 51        		OUT (C),D
AD9B              		ELSE
AD9B              		DB 0xED,0x71
AD9B              		ENDIF
AD9B              		PULSE (239) & 1
AD9B 01 FE 00     		LD BC,0x00FE
AD9E E9           		JP (HL)
AD9F              		ASSERT $ <= second_address_239+44
AD9F              		DS second_address_239+44-$
ADA0              	        SECOND 239
ADA0              		ASSERT $ == second_address_246
ADA0              		IF ((246)>>7) & 1
ADA0 ED 51        		OUT (C),D
ADA2              		ELSE
ADA2              		DB 0xED,0x71
ADA2              		ENDIF
ADA2              		PULSE ((246)>>7) & 1
ADA2 FD E1        		POP IY
ADA4              		IF ((246)>>6) & 1
ADA4 ED 51        		OUT (C),D
ADA6              		ELSE
ADA6              		DB 0xED,0x71
ADA6              		ENDIF
ADA6              		PULSE ((246)>>6) & 1
ADA6 E1           		POP HL
ADA7 00           		NOP
ADA8              		IF ((246)>>5) & 1
ADA8 ED 51        		OUT (C),D
ADAA              		ELSE
ADAA              		DB 0xED,0x71
ADAA              		ENDIF
ADAA              		PULSE ((246)>>5) & 1
ADAA 7D           		LD A,L
ADAB E6 3F        		AND 63
ADAD 5F           		LD E,A
ADAE              		IF ((246)>>4) & 1
ADAE ED 51        		OUT (C),D
ADB0              		ELSE
ADB0              		DB 0xED,0x71
ADB0              		ENDIF
ADB0              		PULSE ((246)>>4) & 1
ADB0 7D           		LD A,L
ADB1 E6 C0        		AND 192
ADB3 6F           		LD L,A
ADB4              		IF ((246)>>3) & 1
ADB4              		OUT (C),D
ADB4              		ELSE
ADB4 71           		DB 0xED,0x71
ADB6              		ENDIF
ADB6              		PULSE ((246)>>3) & 1
ADB6 00           		NOP
ADB7 00           		NOP
ADB8 00           		NOP
ADB9              		IF ((246)>>2) & 1
ADB9 ED 51        		OUT (C),D
ADBB              		ELSE
ADBB              		DB 0xED,0x71
ADBB              		ENDIF
ADBB              		PULSE ((246)>>2) & 1
ADBB 3E 00        		LD A,0
ADBD 3E 00        		LD A,0
ADBF              		IF ((246)>>1) & 1
ADBF ED 51        		OUT (C),D
ADC1              		ELSE
ADC1              		DB 0xED,0x71
ADC1              		ENDIF
ADC1              		PULSE ((246)>>1) & 1
ADC1 3E 00        		LD A,0
ADC3 00           		NOP
ADC4 00           		NOP
ADC5              		IF (246) & 1
ADC5              		OUT (C),D
ADC5              		ELSE
ADC5 71           		DB 0xED,0x71
ADC7              		ENDIF
ADC7              		PULSE (246) & 1
ADC7 01 FE 00     		LD BC,0x00FE
ADCA E9           		JP (HL)
ADCB              		ASSERT $ <= second_address_246+44
ADCB              		DS second_address_246+44-$
ADCC              	        SECOND 246
ADCC              		ASSERT $ == second_address_247
ADCC              		IF ((247)>>7) & 1
ADCC ED 51        		OUT (C),D
ADCE              		ELSE
ADCE              		DB 0xED,0x71
ADCE              		ENDIF
ADCE              		PULSE ((247)>>7) & 1
ADCE FD E1        		POP IY
ADD0              		IF ((247)>>6) & 1
ADD0 ED 51        		OUT (C),D
ADD2              		ELSE
ADD2              		DB 0xED,0x71
ADD2              		ENDIF
ADD2              		PULSE ((247)>>6) & 1
ADD2 E1           		POP HL
ADD3 00           		NOP
ADD4              		IF ((247)>>5) & 1
ADD4 ED 51        		OUT (C),D
ADD6              		ELSE
ADD6              		DB 0xED,0x71
ADD6              		ENDIF
ADD6              		PULSE ((247)>>5) & 1
ADD6 7D           		LD A,L
ADD7 E6 3F        		AND 63
ADD9 5F           		LD E,A
ADDA              		IF ((247)>>4) & 1
ADDA ED 51        		OUT (C),D
ADDC              		ELSE
ADDC              		DB 0xED,0x71
ADDC              		ENDIF
ADDC              		PULSE ((247)>>4) & 1
ADDC 7D           		LD A,L
ADDD E6 C0        		AND 192
ADDF 6F           		LD L,A
ADE0              		IF ((247)>>3) & 1
ADE0              		OUT (C),D
ADE0              		ELSE
ADE0 71           		DB 0xED,0x71
ADE2              		ENDIF
ADE2              		PULSE ((247)>>3) & 1
ADE2 00           		NOP
ADE3 00           		NOP
ADE4 00           		NOP
ADE5              		IF ((247)>>2) & 1
ADE5 ED 51        		OUT (C),D
ADE7              		ELSE
ADE7              		DB 0xED,0x71
ADE7              		ENDIF
ADE7              		PULSE ((247)>>2) & 1
ADE7 3E 00        		LD A,0
ADE9 3E 00        		LD A,0
ADEB              		IF ((247)>>1) & 1
ADEB ED 51        		OUT (C),D
ADED              		ELSE
ADED              		DB 0xED,0x71
ADED              		ENDIF
ADED              		PULSE ((247)>>1) & 1
ADED 3E 00        		LD A,0
ADEF 00           		NOP
ADF0 00           		NOP
ADF1              		IF (247) & 1
ADF1 ED 51        		OUT (C),D
ADF3              		ELSE
ADF3              		DB 0xED,0x71
ADF3              		ENDIF
ADF3              		PULSE (247) & 1
ADF3 01 FE 00     		LD BC,0x00FE
ADF6 E9           		JP (HL)
ADF7              		ASSERT $ <= second_address_247+44
ADF7              		DS second_address_247+44-$
ADF8              	        SECOND 247
ADF8              		ASSERT $ == second_address_251
ADF8              		IF ((251)>>7) & 1
ADF8 ED 51        		OUT (C),D
ADFA              		ELSE
ADFA              		DB 0xED,0x71
ADFA              		ENDIF
ADFA              		PULSE ((251)>>7) & 1
ADFA FD E1        		POP IY
ADFC              		IF ((251)>>6) & 1
ADFC ED 51        		OUT (C),D
ADFE              		ELSE
ADFE              		DB 0xED,0x71
ADFE              		ENDIF
ADFE              		PULSE ((251)>>6) & 1
ADFE E1           		POP HL
ADFF 00           		NOP
AE00              		IF ((251)>>5) & 1
AE00 ED 51        		OUT (C),D
AE02              		ELSE
AE02              		DB 0xED,0x71
AE02              		ENDIF
AE02              		PULSE ((251)>>5) & 1
AE02 7D           		LD A,L
AE03 E6 3F        		AND 63
AE05 5F           		LD E,A
AE06              		IF ((251)>>4) & 1
AE06 ED 51        		OUT (C),D
AE08              		ELSE
AE08              		DB 0xED,0x71
AE08              		ENDIF
AE08              		PULSE ((251)>>4) & 1
AE08 7D           		LD A,L
AE09 E6 C0        		AND 192
AE0B 6F           		LD L,A
AE0C              		IF ((251)>>3) & 1
AE0C ED 51        		OUT (C),D
AE0E              		ELSE
AE0E              		DB 0xED,0x71
AE0E              		ENDIF
AE0E              		PULSE ((251)>>3) & 1
AE0E 00           		NOP
AE0F 00           		NOP
AE10 00           		NOP
AE11              		IF ((251)>>2) & 1
AE11              		OUT (C),D
AE11              		ELSE
AE11 71           		DB 0xED,0x71
AE13              		ENDIF
AE13              		PULSE ((251)>>2) & 1
AE13 3E 00        		LD A,0
AE15 3E 00        		LD A,0
AE17              		IF ((251)>>1) & 1
AE17 ED 51        		OUT (C),D
AE19              		ELSE
AE19              		DB 0xED,0x71
AE19              		ENDIF
AE19              		PULSE ((251)>>1) & 1
AE19 3E 00        		LD A,0
AE1B 00           		NOP
AE1C 00           		NOP
AE1D              		IF (251) & 1
AE1D ED 51        		OUT (C),D
AE1F              		ELSE
AE1F              		DB 0xED,0x71
AE1F              		ENDIF
AE1F              		PULSE (251) & 1
AE1F 01 FE 00     		LD BC,0x00FE
AE22 E9           		JP (HL)
AE23              		ASSERT $ <= second_address_251+44
AE23              		DS second_address_251+44-$
AE24              	        SECOND 251
AE24              		ASSERT $ == second_address_253
AE24              		IF ((253)>>7) & 1
AE24 ED 51        		OUT (C),D
AE26              		ELSE
AE26              		DB 0xED,0x71
AE26              		ENDIF
AE26              		PULSE ((253)>>7) & 1
AE26 FD E1        		POP IY
AE28              		IF ((253)>>6) & 1
AE28 ED 51        		OUT (C),D
AE2A              		ELSE
AE2A              		DB 0xED,0x71
AE2A              		ENDIF
AE2A              		PULSE ((253)>>6) & 1
AE2A E1           		POP HL
AE2B 00           		NOP
AE2C              		IF ((253)>>5) & 1
AE2C ED 51        		OUT (C),D
AE2E              		ELSE
AE2E              		DB 0xED,0x71
AE2E              		ENDIF
AE2E              		PULSE ((253)>>5) & 1
AE2E 7D           		LD A,L
AE2F E6 3F        		AND 63
AE31 5F           		LD E,A
AE32              		IF ((253)>>4) & 1
AE32 ED 51        		OUT (C),D
AE34              		ELSE
AE34              		DB 0xED,0x71
AE34              		ENDIF
AE34              		PULSE ((253)>>4) & 1
AE34 7D           		LD A,L
AE35 E6 C0        		AND 192
AE37 6F           		LD L,A
AE38              		IF ((253)>>3) & 1
AE38 ED 51        		OUT (C),D
AE3A              		ELSE
AE3A              		DB 0xED,0x71
AE3A              		ENDIF
AE3A              		PULSE ((253)>>3) & 1
AE3A 00           		NOP
AE3B 00           		NOP
AE3C 00           		NOP
AE3D              		IF ((253)>>2) & 1
AE3D ED 51        		OUT (C),D
AE3F              		ELSE
AE3F              		DB 0xED,0x71
AE3F              		ENDIF
AE3F              		PULSE ((253)>>2) & 1
AE3F 3E 00        		LD A,0
AE41 3E 00        		LD A,0
AE43              		IF ((253)>>1) & 1
AE43              		OUT (C),D
AE43              		ELSE
AE43 71           		DB 0xED,0x71
AE45              		ENDIF
AE45              		PULSE ((253)>>1) & 1
AE45 3E 00        		LD A,0
AE47 00           		NOP
AE48 00           		NOP
AE49              		IF (253) & 1
AE49 ED 51        		OUT (C),D
AE4B              		ELSE
AE4B              		DB 0xED,0x71
AE4B              		ENDIF
AE4B              		PULSE (253) & 1
AE4B 01 FE 00     		LD BC,0x00FE
AE4E E9           		JP (HL)
AE4F              		ASSERT $ <= second_address_253+44
AE4F              		DS second_address_253+44-$
AE50              	        SECOND 253
AE50              		ASSERT $ == second_address_254
AE50              		IF ((254)>>7) & 1
AE50 ED 51        		OUT (C),D
AE52              		ELSE
AE52              		DB 0xED,0x71
AE52              		ENDIF
AE52              		PULSE ((254)>>7) & 1
AE52 FD E1        		POP IY
AE54              		IF ((254)>>6) & 1
AE54 ED 51        		OUT (C),D
AE56              		ELSE
AE56              		DB 0xED,0x71
AE56              		ENDIF
AE56              		PULSE ((254)>>6) & 1
AE56 E1           		POP HL
AE57 00           		NOP
AE58              		IF ((254)>>5) & 1
AE58 ED 51        		OUT (C),D
AE5A              		ELSE
AE5A              		DB 0xED,0x71
AE5A              		ENDIF
AE5A              		PULSE ((254)>>5) & 1
AE5A 7D           		LD A,L
AE5B E6 3F        		AND 63
AE5D 5F           		LD E,A
AE5E              		IF ((254)>>4) & 1
AE5E ED 51        		OUT (C),D
AE60              		ELSE
AE60              		DB 0xED,0x71
AE60              		ENDIF
AE60              		PULSE ((254)>>4) & 1
AE60 7D           		LD A,L
AE61 E6 C0        		AND 192
AE63 6F           		LD L,A
AE64              		IF ((254)>>3) & 1
AE64 ED 51        		OUT (C),D
AE66              		ELSE
AE66              		DB 0xED,0x71
AE66              		ENDIF
AE66              		PULSE ((254)>>3) & 1
AE66 00           		NOP
AE67 00           		NOP
AE68 00           		NOP
AE69              		IF ((254)>>2) & 1
AE69 ED 51        		OUT (C),D
AE6B              		ELSE
AE6B              		DB 0xED,0x71
AE6B              		ENDIF
AE6B              		PULSE ((254)>>2) & 1
AE6B 3E 00        		LD A,0
AE6D 3E 00        		LD A,0
AE6F              		IF ((254)>>1) & 1
AE6F ED 51        		OUT (C),D
AE71              		ELSE
AE71              		DB 0xED,0x71
AE71              		ENDIF
AE71              		PULSE ((254)>>1) & 1
AE71 3E 00        		LD A,0
AE73 00           		NOP
AE74 00           		NOP
AE75              		IF (254) & 1
AE75              		OUT (C),D
AE75              		ELSE
AE75 71           		DB 0xED,0x71
AE77              		ENDIF
AE77              		PULSE (254) & 1
AE77 01 FE 00     		LD BC,0x00FE
AE7A E9           		JP (HL)
AE7B              		ASSERT $ <= second_address_254+44
AE7B              		DS second_address_254+44-$
AE7C              	        SECOND 254
AE7C              		ASSERT $ == second_address_255
AE7C              		IF ((255)>>7) & 1
AE7C ED 51        		OUT (C),D
AE7E              		ELSE
AE7E              		DB 0xED,0x71
AE7E              		ENDIF
AE7E              		PULSE ((255)>>7) & 1
AE7E FD E1        		POP IY
AE80              		IF ((255)>>6) & 1
AE80 ED 51        		OUT (C),D
AE82              		ELSE
AE82              		DB 0xED,0x71
AE82              		ENDIF
AE82              		PULSE ((255)>>6) & 1
AE82 E1           		POP HL
AE83 00           		NOP
AE84              		IF ((255)>>5) & 1
AE84 ED 51        		OUT (C),D
AE86              		ELSE
AE86              		DB 0xED,0x71
AE86              		ENDIF
AE86              		PULSE ((255)>>5) & 1
AE86 7D           		LD A,L
AE87 E6 3F        		AND 63
AE89 5F           		LD E,A
AE8A              		IF ((255)>>4) & 1
AE8A ED 51        		OUT (C),D
AE8C              		ELSE
AE8C              		DB 0xED,0x71
AE8C              		ENDIF
AE8C              		PULSE ((255)>>4) & 1
AE8C 7D           		LD A,L
AE8D E6 C0        		AND 192
AE8F 6F           		LD L,A
AE90              		IF ((255)>>3) & 1
AE90 ED 51        		OUT (C),D
AE92              		ELSE
AE92              		DB 0xED,0x71
AE92              		ENDIF
AE92              		PULSE ((255)>>3) & 1
AE92 00           		NOP
AE93 00           		NOP
AE94 00           		NOP
AE95              		IF ((255)>>2) & 1
AE95 ED 51        		OUT (C),D
AE97              		ELSE
AE97              		DB 0xED,0x71
AE97              		ENDIF
AE97              		PULSE ((255)>>2) & 1
AE97 3E 00        		LD A,0
AE99 3E 00        		LD A,0
AE9B              		IF ((255)>>1) & 1
AE9B ED 51        		OUT (C),D
AE9D              		ELSE
AE9D              		DB 0xED,0x71
AE9D              		ENDIF
AE9D              		PULSE ((255)>>1) & 1
AE9D 3E 00        		LD A,0
AE9F 00           		NOP
AEA0 00           		NOP
AEA1              		IF (255) & 1
AEA1 ED 51        		OUT (C),D
AEA3              		ELSE
AEA3              		DB 0xED,0x71
AEA3              		ENDIF
AEA3              		PULSE (255) & 1
AEA3 01 FE 00     		LD BC,0x00FE
AEA6 E9           		JP (HL)
AEA7              		ASSERT $ <= second_address_255+44
AEA7              		DS second_address_255+44-$
AEA8              	        SECOND 255
AEA8              	        INCLUDE "second.inc"
AEA8              	        ASSERT $ <= packet_map
AEA8              	        DS packet_map-$
AF00 00 40 80 C0 00 40 80 C0 00 40 80 C0 00 40 80 C0 00 40 80 C0 00 40 80 C0 00 40 80 C0 00 40 80 C0 00 40 80 C0 00 40 80 C0 00 40 80 C0 00 40 80 C0 00 40 80 C0 00 40 80 C0 00 40 80 C0 00 40 80 C0 00 40 80 C0 00 40 80 C0 00 40 80 C0 00 40 80 C0 00 40 80 C0 00 40 40 80 C0 00 00 40 40 80 C0 C0 00 00 40 40 80 C0 C0 00 40 40 80 80 80 C0 00 40 40 40 40 80 C0 C0 00 00 00 00 00 00 00 00 40 40 C0 80 40 00 C0 80 40 00 C0 80 40 00 C0 80 40 00 C0 80 40 00 C0 80 40 00 C0 80 40 00 C0 80 40 00 C0 80 40 00 C0 80 40 00 C0 80 40 00 C0 80 40 00 C0 80 40 00 C0 80 40 00 C0 80 40 00 C0 80 40 00 C0 80 40 00 C0 80 40 00 C0 80 40 00 C0 80 40 00 C0 80 40 00 C0 80 80 80 40 00 C0 80 80 40 00 00 C0 C0 80 80 40 00 00 C0 80 80 40 40 40 00 C0 80 80 80 80 40 00 00 C0 80 80 80 80 80 80 80 40 40 40 40 40 40 41 41 41 41 42 42 42 42 43 43 43 43 44 44 44 44 45 45 45 45 46 46 46 46 47 47 47 47 48 48 48 48 49 49 49 49 4A 4A 4A 4A 4B 4B 4B 4B 4C 4C 4C 4C 4D 4D 4D 4D 4E 4E 4E 4E 4F 4F 4F 4F 50 50 50 50 51 51 51 51 52 52 52 52 53 53 53 53 54 54 54 54 55 55 55 55 55 56 56 56 56 56 56 56 57 57 57 57 57 57 57 58 58 58 58 58 58 58 59 59 59 59 59 59 59 59 5A 5A 5A 5A 5A 5A 5A 5A 5A 5A 78 78 78 78 77 77 77 77 76 76 76 76 75 75 75 75 74 74 74 74 73 73 73 73 72 72 72 72 71 71 71 71 70 70 70 70 6F 6F 6F 6F 6E 6E 6E 6E 6D 6D 6D 6D 6C 6C 6C 6C 6B 6B 6B 6B 6A 6A 6A 6A 69 69 69 69 68 68 68 68 67 67 67 67 66 66 66 66 65 65 65 65 64 64 64 64 63 63 63 63 63 63 62 62 62 62 62 62 61 61 61 61 61 61 61 60 60 60 60 60 60 60 5B 5B 5B 5B 5B 5B 5B 5B 5A 5A 5A 5A 5A 5A 5A 5A 5A 5A 	        MDAT "map.bin"
                 	resident_end:
B100              	        ASSERT $ == 0x8000+resident_reserve
B100              	        DS 0xC000-$
C000 00 00 00 00 00 00 00 00 00 00 00 00 00 00 00 00 00 00 00 00 00 00 00 00 00 00 00 00 00 00 00 00 00 00 00 00 00 00 00 00 08 00 00 00 48 00 00 00 00 00 90 00 00 80 20 00 00 00 00 00 00 00 00 00 00 00 00 00 00 00 00 00 0F CF 87 8F 49 08 F4 0F 1D 1E 91 F0 1E 8F 31 E0 00 00 00 00 00 00 00 00 00 00 00 00 00 00 00 00 00 00 00 00 00 00 00 00 00 00 00 00 00 00 00 00 00 00 00 00 00 00 00 00 00 00 00 00 00 00 00 00 02 8A 41 02 02 44 52 04 10 22 24 01 09 04 A2 80 00 00 00 00 00 00 00 00 00 00 00 00 00 00 00 00 00 00 00 00 00 00 00 00 00 00 00 00 00 00 00 00 00 00 00 00 00 00 00 00 00 00 00 00 00 00 00 00 00 00 00 00 00 00 00 00 00 00 00 00 00 00 00 00 00 00 00 00 00 00 00 00 00 00 00 00 00 00 00 00 00 00 00 00 00 00 00 00 00 00 00 00 00 00 00 00 00 00 00 00 00 00 00 00 00 00 00 00 00 00 00 00 00 00 00 00 00 00 00 00 00 00 00 00 00 00 00 00 00 00 00 00 00 00 00 00 00 00 00 00 00 00 00 00 08 00 00 00 40 00 00 00 00 00 80 00 00 80 20 00 00 00 00 00 00 00 00 00 00 00 00 00 00 00 00 00 00 00 00 00 00 01 04 00 00 00 00 00 00 00 00 00 00 00 00 00 00 00 00 00 00 00 00 00 00 00 00 00 00 00 00 00 00 00 00 00 00 00 00 00 00 00 00 00 00 00 00 00 00 00 00 00 00 00 00 00 00 00 00 00 02 8A 41 02 02 62 92 08 10 22 27 C1 F1 04 A2 80 00 00 00 00 00 00 00 00 00 00 00 00 00 00 00 00 00 00 00 00 00 00 00 00 00 00 00 00 00 00 00 00 00 00 00 00 00 00 00 00 00 00 00 00 00 00 00 00 00 00 00 00 00 00 00 00 00 00 00 00 00 00 00 00 00 00 00 00 00 00 00 00 00 00 00 00 00 00 00 00 00 00 00 00 00 00 00 00 00 00 00 00 00 00 00 00 00 00 00 00 00 00 00 00 00 00 00 00 00 00 00 00 00 00 00 00 00 00 00 00 00 00 00 00 00 00 00 00 00 00 00 00 00 00 00 00 00 00 00 00 00 00 00 00 08 0F 07 07 C9 70 7C 0E 21 0F 91 E0 0F 8E 71 C0 00 00 00 00 00 00 00 00 00 00 00 00 00 00 00 00 00 00 00 00 00 01 8C 00 00 00 00 00 00 00 00 00 00 00 00 00 00 00 00 00 00 00 00 00 00 00 00 00 00 00 00 00 00 00 00 00 00 00 00 00 00 00 00 00 00 00 00 00 00 00 00 00 00 00 00 00 00 00 00 00 02 52 41 72 03 E2 92 08 10 22 44 01 01 04 94 80 00 00 00 00 00 00 00 00 00 00 00 00 00 00 00 00 00 00 00 00 00 00 00 00 00 00 00 00 00 00 00 00 00 00 00 00 00 00 00 00 00 00 00 00 00 00 00 00 00 00 00 00 00 00 00 00 00 00 00 00 00 00 00 00 00 00 00 00 00 00 00 00 00 00 00 00 00 00 00 3C 07 C4 FE 07 C0 FC 30 30 13 08 30 67 EC 18 78 7C 82 00 00 00 00 00 00 00 00 00 00 00 00 00 00 00 00 00 00 00 00 00 00 00 00 00 00 00 00 00 00 00 00 00 00 00 00 00 00 00 00 00 00 00 00 00 00 00 08 18 8C 88 C9 88 8C 19 21 11 93 10 11 99 23 20 00 00 00 00 00 00 00 00 00 00 00 00 00 00 00 00 00 00 00 00 00 00 F8 00 00 00 00 00 00 00 00 00 00 00 00 00 00 00 00 00 00 00 00 00 00 00 00 00 00 00 00 00 00 00 00 00 00 00 00 00 00 00 00 00 00 00 00 00 00 00 00 00 00 00 00 00 00 00 00 00 02 52 41 02 04 22 8C 08 10 21 44 01 01 04 94 80 00 00 00 00 00 00 00 00 00 00 00 00 00 00 00 00 00 00 00 00 00 00 00 00 00 00 00 00 00 00 00 00 00 00 00 00 00 00 00 00 00 00 00 00 00 00 00 00 00 00 00 00 00 00 00 00 00 00 00 00 00 00 00 00 00 00 00 00 00 00 00 00 00 00 00 00 00 00 00 42 04 24 10 08 60 0C D0 D0 13 08 30 64 0C 18 84 42 44 00 00 00 00 00 00 00 00 00 00 00 00 00 00 00 00 00 00 00 00 00 00 00 00 00 00 00 00 00 00 00 00 00 00 00 00 00 00 00 00 00 00 00 00 00 00 00 08 10 40 90 49 09 04 01 21 20 92 08 20 81 20 20 00 00 00 00 00 00 00 00 00 00 00 00 00 00 00 00 00 00 00 00 00 00 00 00 00 00 00 00 00 00 00 00 00 00 00 00 00 00 00 00 00 00 00 00 00 00 00 00 00 00 00 00 00 00 00 00 00 00 00 00 00 00 00 00 00 00 00 00 00 00 00 00 00 00 00 00 00 00 00 00 02 52 63 02 04 32 8C 10 10 21 44 01 01 08 94 80 00 00 00 00 00 00 00 00 00 00 00 00 00 00 00 00 00 00 00 00 00 00 00 00 00 00 00 00 00 00 00 00 00 00 00 00 00 00 00 00 00 00 00 00 00 00 00 00 00 00 00 00 00 00 00 00 00 00 00 00 00 00 00 00 00 00 00 00 00 00 00 00 00 00 00 00 00 00 00 42 04 24 10 10 20 08 90 90 12 88 38 E4 0E 39 02 42 64 00 00 00 00 00 00 00 00 00 00 00 00 00 00 00 00 00 00 00 00 00 00 00 00 00 00 00 00 00 00 00 00 00 00 00 00 00 00 00 00 00 00 00 00 00 00 00 08 10 47 90 49 09 04 0F 21 20 92 08 20 8F 21 E0 00 00 00 00 00 00 00 00 00 00 00 00 00 00 00 00 00 00 00 00 00 00 00 00 00 00 00 00 00 00 00 00 00 00 00 00 00 00 00 00 00 00 00 00 00 00 00 00 03 06 41 02 01 8C 61 02 10 24 17 E1 F1 F0 C1 80 00 00 00 00 00 00 00 00 00 00 00 00 00 00 00 00 02 22 3E 03 F4 11 0C 10 1F A1 87 E1 01 F0 88 80 00 00 00 00 00 00 00 00 00 00 00 00 00 00 00 00 00 00 00 00 00 00 00 00 00 00 00 00 00 00 00 00 00 00 00 00 00 00 00 00 00 00 00 00 00 00 00 00 00 00 00 00 00 00 00 00 00 00 00 00 00 00 00 00 00 00 00 00 00 00 00 00 00 00 00 00 00 00 00 42 04 24 10 10 00 10 10 10 12 C8 28 A4 0A 29 02 42 28 00 00 00 00 00 00 00 00 00 00 00 00 00 00 00 00 00 00 00 00 00 00 00 00 00 00 00 00 00 00 00 00 00 00 00 00 00 00 00 00 00 00 00 00 00 00 00 08 10 48 90 49 09 04 11 21 20 92 08 20 91 22 20 00 00 00 00 00 00 00 00 00 00 00 00 00 00 00 00 00 00 00 00 00 00 00 00 00 00 00 00 00 00 00 00 00 00 00 00 00 00 00 00 00 00 00 00 00 00 00 00 03 06 41 02 01 44 61 04 10 24 14 01 09 08 C1 80 00 00 00 00 00 00 00 00 00 00 00 00 00 00 00 00 00 00 00 00 00 00 00 10 00 00 00 00 00 00 00 00 00 00 00 00 00 00 00 00 00 00 00 00 00 00 00 00 00 00 00 00 00 00 00 00 00 00 00 00 00 00 00 00 00 00 00 00 00 00 00 00 00 00 00 00 00 00 00 00 00 00 00 00 00 00 00 00 00 00 00 00 00 00 00 00 00 00 00 00 00 00 00 00 00 00 00 00 00 00 00 3C 07 C4 10 10 E0 10 10 10 12 48 28 A7 CA 29 02 7C 38 00 00 00 00 00 00 00 00 00 00 00 00 00 00 00 00 00 00 00 00 00 00 00 00 00 00 00 00 00 00 00 00 00 00 00 00 00 00 00 00 00 00 00 00 00 00 00 08 18 88 98 C9 09 8C 11 23 31 93 10 31 91 22 20 00 00 00 00 00 00 00 00 00 00 00 00 00 00 00 00 00 00 00 00 00 00 00 00 00 00 00 00 00 00 00 00 00 00 00 00 00 00 00 00 00 00 00 00 00 00 00 00 03 8E 41 02 01 44 53 04 10 24 24 01 09 04 E3 80 00 00 00 00 00 00 00 00 00 00 00 00 00 00 00 00 00 00 00 00 00 00 00 00 00 00 00 00 00 00 00 00 00 00 00 00 00 00 00 00 00 00 00 00 00 00 00 00 00 00 00 00 00 00 00 00 00 00 00 00 00 00 00 00 00 00 00 00 00 00 00 00 00 00 00 00 00 00 00 00 00 00 00 00 00 00 00 00 00 00 00 00 00 00 00 00 00 00 00 00 00 00 00 00 00 00 00 00 00 00 00 42 E4 24 10 10 20 20 10 10 12 68 25 24 09 49 02 44 10 00 00 00 00 00 00 00 00 00 00 00 00 00 00 42 04 24 10 18 20 20 10 10 12 28 25 24 09 49 02 42 10 00 00 00 00 00 00 00 00 00 00 00 00 00 00 00 00 00 00 00 00 00 00 00 00 00 00 00 00 00 00 00 00 00 00 00 00 00 00 00 00 00 00 00 00 00 00 00 00 00 00 00 00 00 00 00 00 00 00 00 00 00 00 00 00 00 00 00 00 00 00 00 00 00 00 00 00 00 84 40 42 21 10 88 00 A3 09 08 10 90 0A 22 04 23 08 01 21 12 00 00 00 00 00 00 00 00 00 00 00 00 00 00 00 00 00 00 00 00 00 00 00 00 00 00 00 00 00 00 00 00 00 00 00 00 00 00 00 00 00 00 00 00 00 00 00 00 00 00 00 00 00 00 00 00 00 00 00 00 00 00 00 00 00 00 00 00 00 00 00 00 00 00 00 00 00 00 00 00 00 00 00 00 00 00 00 00 00 00 00 00 00 00 00 00 00 00 00 00 00 00 00 00 00 00 00 00 0F 10 90 90 83 F8 20 40 A2 90 24 92 04 07 10 24 13 E2 01 F0 00 00 00 00 00 00 00 00 00 00 00 00 00 42 04 24 10 08 60 40 10 10 12 18 25 24 09 48 84 42 10 00 00 00 00 00 00 00 00 00 00 00 00 00 00 00 00 00 00 00 00 00 00 00 00 00 00 00 00 00 00 00 00 00 00 00 00 00 00 00 00 00 00 00 00 00 00 00 00 00 00 00 00 00 00 00 00 00 00 00 00 00 00 00 00 00 00 00 00 00 00 00 00 00 00 00 00 00 82 40 83 40 90 48 00 A2 89 04 10 90 0A 32 08 12 88 02 21 21 00 00 00 00 00 00 00 00 00 00 00 00 00 00 00 00 00 00 00 00 00 00 00 00 00 00 00 00 00 00 00 00 00 00 00 00 00 00 00 00 00 00 00 00 00 00 00 00 00 00 00 00 00 00 00 00 00 00 00 00 00 00 00 00 00 00 00 00 00 00 00 00 00 00 00 00 00 00 00 00 00 00 00 00 00 00 00 00 00 00 00 00 00 00 00 00 00 00 00 00 00 00 00 00 00 00 00 00 10 90 90 90 82 08 40 40 94 90 24 D2 04 00 90 24 12 22 01 00 00 00 00 00 00 00 00 00 00 00 00 00 00 3C 07 C4 10 07 A4 40 10 10 12 18 22 27 E8 88 78 42 10 00 00 00 00 00 00 00 00 00 00 00 00 00 00 00 00 00 00 00 00 00 00 00 00 00 00 00 00 00 00 00 00 00 00 00 00 00 00 00 00 00 00 00 00 00 00 00 00 00 00 00 00 00 00 00 00 00 00 00 00 00 00 00 00 00 00 00 00 00 00 00 00 00 00 00 00 00 82 40 80 40 90 48 01 22 C9 04 10 90 12 14 08 12 C8 06 21 21 00 00 00 00 00 00 00 00 00 00 00 00 00 00 00 00 00 00 00 00 00 00 00 00 00 00 00 00 00 00 00 00 00 00 00 00 00 00 00 00 00 00 00 00 00 00 00 00 00 00 00 00 00 00 00 00 00 00 00 00 00 00 00 00 00 00 00 00 00 00 00 00 00 00 00 00 00 00 00 00 00 00 00 00 00 00 00 00 00 00 00 00 00 00 00 00 00 00 00 00 00 00 00 00 00 00 00 00 10 90 90 90 82 08 C0 40 94 90 24 52 04 10 90 24 12 12 09 00 00 00 00 00 00 00 00 00 00 00 00 00 00 00 00 00 00 00 00 00 00 00 00 00 00 00 00 00 00 00 00 00 00 00 00 00 00 00 00 00 00 00 00 00 00 00 00 00 00 00 00 00 00 00 00 00 00 00 00 00 00 00 00 00 00 00 00 00 00 00 00 00 00 00 00 00 00 00 00 00 00 00 00 00 00 00 00 00 00 00 00 00 00 00 00 00 00 00 00 00 00 00 00 00 00 00 00 00 82 7C 80 40 90 4F 81 32 49 04 1F 10 13 1C 08 12 48 04 1E 21 00 00 00 00 00 00 00 00 00 00 00 00 00 00 00 00 00 00 00 00 00 00 00 00 00 00 00 00 00 00 00 00 00 00 00 00 00 00 00 00 00 00 00 00 00 00 00 00 00 00 00 00 00 00 00 00 00 00 00 00 00 00 00 00 00 00 00 00 00 00 00 00 00 00 00 00 00 00 00 00 00 00 00 00 00 00 00 00 00 00 00 00 00 00 00 00 00 00 00 00 00 00 00 00 00 00 00 00 10 89 09 09 02 09 80 80 94 88 44 31 08 10 88 46 32 11 09 00 00 00 00 00 00 00 00 00 00 00 00 00 00 00 00 00 00 00 00 00 00 00 00 00 00 00 00 00 00 00 00 00 00 00 00 00 00 00 00 00 00 00 00 00 00 00 00 00 00 00 00 00 00 00 00 00 00 00 00 00 00 00 00 00 00 00 00 00 00 00 00 00 00 00 00 00 00 00 00 00 00 00 00 00 00 00 00 00 00 00 00 00 00 00 00 00 00 00 00 00 00 00 00 00 00 00 00 00 82 40 80 40 90 48 01 F2 69 04 10 10 1F 08 08 12 68 08 21 21 00 00 00 00 00 00 00 00 00 00 00 00 00 00 00 00 00 00 00 00 00 00 00 00 00 00 00 00 00 00 00 00 00 00 00 00 00 00 00 00 00 00 00 00 00 00 00 00 00 00 00 00 00 00 00 00 00 00 00 00 00 00 00 00 00 00 00 00 00 00 00 00 00 00 00 00 0F 0F 0F 0F 02 08 00 10 C1 87 86 10 F0 0F 07 84 13 E0 F1 F8 00 00 00 00 00 00 00 00 00 00 00 00 0F 0F 0F 0F 02 09 F8 80 88 87 84 30 F0 0F 07 83 E2 10 F1 F8 00 00 00 00 00 00 00 00 00 00 00 00 00 00 00 00 00 00 00 00 00 00 00 00 00 00 00 00 00 00 00 00 00 00 00 00 00 00 00 00 00 00 00 00 00 00 00 00 00 00 00 00 00 00 00 00 00 00 00 00 00 00 00 00 00 00 00 00 00 00 00 00 00 00 00 00 00 00 00 00 00 00 00 00 00 00 00 00 00 00 00 00 00 00 00 00 00 00 00 00 00 00 00 00 00 00 00 00 82 40 82 40 90 48 02 12 29 04 10 10 21 08 08 12 28 10 21 21 00 00 00 00 00 00 00 00 00 00 00 00 00 00 00 00 00 00 00 00 00 00 00 00 00 00 00 00 00 00 00 00 00 00 00 00 00 00 00 00 00 00 00 00 00 00 00 00 00 00 00 00 00 00 00 00 00 00 00 00 00 00 00 00 00 00 00 00 00 00 00 00 00 00 00 00 10 89 09 09 02 08 00 20 C1 88 46 11 08 11 88 44 12 11 09 00 00 00 00 00 00 00 00 00 00 00 00 00 00 00 00 00 00 00 00 80 00 00 00 00 00 00 00 00 00 00 00 00 00 00 00 00 00 00 00 00 00 00 00 00 00 00 00 00 00 00 00 00 00 00 00 00 00 00 00 00 00 00 00 00 00 00 00 00 00 00 00 00 00 00 00 00 00 00 00 00 00 00 00 00 00 00 00 00 00 00 00 00 00 00 00 00 00 00 00 00 00 00 00 00 00 00 00 00 00 00 00 00 00 00 00 00 00 00 00 00 00 00 00 00 00 00 00 00 00 00 00 00 00 00 00 00 00 00 00 00 84 40 42 21 10 88 02 1A 19 08 10 10 21 88 04 22 18 30 21 12 00 00 00 00 00 00 00 00 00 00 00 00 00 00 00 00 00 00 00 00 00 00 00 00 00 00 00 00 00 00 00 00 00 00 00 00 00 00 00 00 00 00 00 00 00 00 00 00 00 00 00 00 00 00 00 00 00 00 00 00 00 00 00 00 00 00 00 00 00 00 00 00 00 00 00 00 10 90 90 90 82 09 F8 20 E3 90 25 12 04 10 90 24 12 12 0D 00 00 00 00 00 00 00 00 00 00 00 00 00 00 00 00 00 00 00 00 00 00 00 00 00 00 00 00 00 00 00 00 00 00 00 00 00 00 00 00 00 00 00 00 00 00 00 00 00 00 00 00 00 00 00 00 00 00 00 00 00 00 00 00 00 00 00 00 00 00 00 00 00 00 00 00 00 00 00 00 00 00 00 00 00 00 00 00 00 00 00 00 00 00 00 00 00 00 00 00 00 00 00 00 00 00 00 00 00 F8 7E 3C 1E 1F 0F C0 C3 09 F0 1F 10 0C 41 03 C3 08 3F 9E 1E 00 00 00 00 00 00 00 00 00 00 00 00 F8 7E 3C 1E 1F 0F C2 0A 19 F0 10 1F A0 88 03 C2 18 3F 9E 1E 00 00 00 00 00 00 00 00 00 00 00 00 00 00 00 00 00 00 00 00 00 00 00 00 00 00 00 00 00 00 00 00 00 00 00 00 00 00 00 00 00 00 00 00 00 00 00 00 00 00 00 00 00 00 00 00 00 00 00 00 00 00 00 00 00 00 00 00 00 00 00 00 00 00 00 00 10 90 90 90 82 08 10 20 A2 90 25 92 04 18 10 24 12 12 01 00 00 00 00 00 00 00 00 00 00 00 00 00 00 00 00 00 00 00 00 00 00 00 00 00 00 00 00 00 00 00 00 00 00 00 00 00 00 00 00 00 00 00 00 00 00 00 00 00 00 00 00 00 00 00 00 00 00 00 00 00 00 00 00 00 00 00 00 00 00 00 00 00 00 00 00 00 00 00 00 00 00 00 00 00 00 00 00 00 00 00 00 00 00 00 00 00 00 00 00 00 00 00 00 00 00 00 00 00 00 00 00 00 00 00 00 00 00 00 00 00 00 00 00 00 00 00 00 00 00 00 00 00 00 00 00 00 00 00 00 00 00 00 00 00 10 82 19 08 02 12 1A 52 40 40 81 08 00 00 00 00 00 00 00 00 00 00 00 00 00 00 00 00 00 00 00 00 00 00 00 00 00 00 00 00 00 00 00 00 00 00 00 00 00 00 00 00 00 00 00 00 00 00 00 00 00 00 00 00 00 00 00 00 00 00 00 00 00 00 00 00 00 00 00 00 00 00 00 00 00 00 00 00 00 00 00 00 00 20 40 90 27 C0 81 F1 F0 E3 E0 80 10 81 01 C0 84 09 F0 00 00 00 00 00 00 00 00 00 00 00 00 00 00 00 00 00 00 00 00 00 00 00 00 00 00 00 00 00 00 00 00 00 00 00 00 00 00 00 00 00 00 00 00 00 00 00 00 00 00 00 00 00 00 00 00 00 00 00 00 00 00 00 00 00 00 00 00 00 00 00 00 00 00 00 00 00 00 00 00 00 00 00 00 00 00 00 00 00 00 00 00 00 00 00 00 00 00 00 00 00 00 00 00 00 00 00 00 00 00 00 00 00 0F 06 0F 0F 01 E0 C3 06 7C 40 FC F0 00 00 00 00 00 00 00 00 00 00 00 00 00 00 00 00 00 00 00 00 0F 02 0E 1F 81 E2 0A 22 40 7E FC F0 00 00 00 00 00 00 00 00 00 00 00 00 00 00 00 00 00 00 00 00 00 00 00 00 00 00 00 00 00 00 00 00 00 00 00 00 00 00 00 00 00 00 00 00 00 00 00 00 00 00 00 00 00 00 00 00 00 00 00 00 00 00 00 00 00 00 00 00 00 00 00 00 00 00 00 00 00 00 00 00 00 20 40 90 24 00 81 11 00 12 00 80 10 81 00 20 84 09 00 00 00 00 00 00 00 00 00 00 00 00 00 00 00 00 00 00 00 00 00 00 00 00 00 00 00 00 00 00 00 00 00 00 00 00 00 00 00 00 00 00 00 00 00 00 00 00 00 00 00 00 00 00 00 00 00 00 00 00 00 00 00 00 00 00 00 00 00 00 00 00 00 00 00 00 00 00 00 00 00 00 00 00 00 00 00 00 00 00 00 00 00 00 00 00 00 00 00 00 00 00 00 00 00 00 00 00 00 00 00 00 00 00 10 9A 19 88 82 30 A3 06 42 40 81 18 00 00 00 00 00 00 00 00 00 00 00 00 00 00 00 00 00 00 00 00 00 00 00 00 00 00 00 00 00 00 00 00 00 00 00 00 00 00 00 00 00 00 00 00 00 00 00 00 00 00 00 00 00 00 00 00 00 00 00 00 00 00 00 00 00 00 00 00 00 00 00 00 00 00 00 00 00 00 00 00 00 00 00 00 00 00 00 00 00 00 00 00 00 00 00 00 00 00 00 00 00 00 00 00 00 00 00 00 00 00 00 00 00 20 40 90 24 00 81 09 02 12 00 80 10 81 04 20 84 09 00 00 00 00 00 00 00 00 00 00 00 00 00 00 00 00 00 00 00 00 00 00 00 00 00 00 00 00 00 00 00 00 00 00 00 00 00 00 00 00 00 00 00 00 00 00 00 00 00 00 00 00 00 00 00 00 00 00 00 00 00 00 00 00 00 00 00 00 00 00 00 00 00 00 00 00 00 00 00 00 00 00 00 00 00 00 00 00 00 00 00 00 00 00 00 00 00 00 00 00 00 00 00 00 00 00 00 00 00 00 00 00 00 00 10 92 10 90 82 10 A3 8E 42 40 81 08 00 00 00 00 00 00 00 00 00 00 00 00 00 00 00 00 00 00 00 00 00 00 00 00 00 00 00 00 00 00 00 00 00 00 00 00 00 00 00 00 00 00 00 00 00 00 00 00 00 00 00 00 00 00 00 00 00 00 00 00 00 00 00 00 00 00 00 00 00 00 00 00 00 00 00 00 00 00 00 00 00 00 00 00 00 00 00 00 00 00 00 00 00 00 00 00 00 00 00 00 00 00 00 00 00 00 00 00 00 00 00 00 00 20 21 08 44 01 01 09 02 12 00 80 10 42 04 20 82 11 00 00 00 00 00 00 00 00 00 00 00 00 00 00 00 00 00 00 00 00 00 00 00 00 00 00 00 00 00 00 00 00 00 00 00 00 00 00 00 00 00 00 00 00 00 00 00 00 00 00 00 00 00 00 00 00 00 00 00 00 00 00 00 00 00 00 00 00 00 00 00 00 00 00 00 00 00 00 00 00 00 00 00 00 00 00 00 00 00 00 00 00 00 00 00 00 00 00 00 00 00 00 00 00 00 00 00 00 00 00 00 00 00 00 10 82 10 80 83 01 22 8A 42 40 81 80 00 00 00 00 00 00 00 00 00 00 00 00 00 00 00 00 00 00 00 00 00 00 00 00 00 00 00 00 00 00 00 00 00 00 00 00 00 00 00 00 00 00 00 00 00 00 00 00 00 00 00 00 00 00 00 00 00 00 00 00 00 00 00 00 00 00 00 00 00 00 00 00 00 00 00 00 00 00 00 00 00 20 1E 07 87 C0 21 F1 F9 E3 F7 F0 FE 3C 03 C7 F1 E1 F0 00 00 00 00 00 00 00 00 00 00 00 00 00 00 3F 1E 07 84 01 01 09 F9 E3 F0 80 10 3C 03 C0 81 E1 00 00 00 00 00 00 00 00 00 00 00 00 00 00 00 00 00 00 00 00 00 00 00 00 00 00 00 00 00 00 00 00 00 00 00 00 00 00 00 00 00 00 00 00 00 00 00 00 00 00 00 00 00 00 00 00 00 00 00 00 00 00 00 00 00 00 00 00 00 00 00 00 00 00 00 00 00 00 00 00 00 00 00 00 00 00 00 00 00 00 00 00 00 00 00 00 00 00 00 00 00 00 00 00 00 00 00 00 00 00 00 00 00 00 0F 02 19 81 00 E1 32 8A 7C 40 F8 70 00 00 00 00 00 00 00 00 00 00 00 00 00 00 00 00 00 00 00 00 00 00 00 00 00 00 00 00 00 00 00 00 00 00 00 00 00 00 00 00 00 00 00 00 00 00 00 00 00 00 00 00 00 00 00 00 00 00 00 00 00 00 00 00 00 00 00 00 00 00 00 00 00 00 00 00 00 00 00 00 00 20 21 08 44 20 41 09 02 32 00 80 10 42 04 60 82 11 08 00 00 00 00 00 00 00 00 00 00 00 00 00 00 00 00 00 00 01 00 00 00 00 00 00 00 00 00 00 00 00 00 00 00 00 00 00 00 00 00 00 00 00 00 00 00 00 00 00 00 00 00 00 00 00 00 00 00 00 00 00 00 00 00 00 00 00 00 00 00 00 00 00 00 00 00 00 00 00 00 00 00 00 00 00 00 00 00 00 00 00 00 00 00 00 00 00 00 00 00 00 00 00 00 00 00 00 00 00 00 00 00 00 00 00 00 00 00 00 00 00 00 00 00 00 00 00 00 00 00 00 00 00 00 00 00 00 00 00 00 00 00 00 00 00 10 82 0E 82 00 11 F2 52 40 40 80 08 00 00 00 00 00 00 00 00 00 00 00 00 00 00 00 00 00 00 00 00 00 00 00 00 00 00 00 00 00 00 00 00 00 00 00 00 00 00 00 00 00 00 00 00 00 00 00 00 00 00 00 00 00 00 00 00 00 00 00 00 00 00 00 00 00 00 00 00 00 00 00 00 00 00 00 00 00 00 00 00 00 20 40 90 24 20 41 09 02 12 00 80 10 81 04 20 84 09 08 00 00 00 00 00 00 00 00 00 00 00 00 00 00 00 00 00 00 00 00 00 00 00 00 00 00 00 00 00 00 00 00 00 00 00 00 00 00 00 00 00 00 00 00 00 00 00 00 00 00 00 00 00 00 00 00 00 00 00 00 00 00 00 00 00 00 00 00 00 00 00 00 00 00 00 00 00 00 00 00 00 00 00 00 00 00 00 00 00 00 00 00 00 00 00 00 00 00 00 00 00 00 00 00 00 00 00 00 00 00 00 00 00 00 00 00 00 00 00 00 00 00 00 00 00 00 00 00 00 00 00 00 00 00 00 00 00 00 00 00 00 00 00 00 00 10 82 10 84 02 12 12 52 40 40 81 08 00 00 00 00 00 00 00 00 00 00 00 00 00 00 00 00 00 00 00 00 00 00 00 00 00 00 00 00 00 00 00 00 00 00 00 00 00 00 00 00 00 00 00 00 00 00 00 00 00 00 00 00 00 00 00 00 00 00 00 00 00 00 00 00 00 00 00 00 00 00 00 00 00 00 00 00 00 00 00 00 00 20 40 90 24 20 41 09 03 02 00 80 10 81 06 00 84 09 08 00 00 00 00 00 00 00 00 00 00 00 00 00 00 00 00 00 00 00 00 00 00 00 00 00 00 00 00 00 00 00 00 00 00 00 00 00 00 00 00 00 00 00 00 00 00 00 00 00 00 00 00 00 00 00 00 00 00 00 00 00 00 00 00 00 00 00 00 00 00 00 00 00 00 00 00 00 00 00 00 00 00 00 00 00 00 00 00 00 00 00 00 00 00 00 00 00 00 00 00 00 00 00 00 00 00 00 00 00 00 00 00 00 00 00 00 00 00 00 00 00 00 00 00 00 00 00 00 00 00 00 00 00 00 00 00 00 00 00 00 00 00 00 00 00 00 00 00 00 00 00 00 00 00 00 00 00 00 00 00 00 00 00 00 00 00 00 47 47 47 47 47 47 47 47 47 47 47 47 47 47 47 47 47 47 47 47 47 47 47 47 47 47 47 47 47 47 47 47 47 47 47 47 47 47 47 47 47 47 47 47 47 47 47 47 47 47 47 47 47 47 47 47 47 47 47 47 47 47 47 47 47 47 47 47 47 47 47 47 47 47 47 47 47 47 47 47 47 47 47 47 47 47 47 47 47 47 47 47 47 47 47 47 47 47 47 47 47 47 47 47 47 47 47 47 47 47 47 47 47 47 47 47 47 47 47 47 47 47 47 47 47 47 47 47 47 47 47 47 47 47 47 47 47 47 47 47 47 47 47 47 47 47 47 47 47 47 47 47 47 47 47 47 47 47 47 47 47 47 47 47 47 47 47 47 47 47 47 47 47 47 47 47 47 47 47 47 47 47 47 47 47 47 47 47 47 47 47 47 47 47 47 47 47 47 47 47 47 47 47 47 47 47 47 47 47 47 47 47 47 47 47 47 47 47 47 47 47 47 47 47 47 47 47 47 47 47 47 47 47 47 47 47 47 47 47 47 47 47 47 47 47 47 47 47 47 47 47 47 47 47 47 47 47 47 47 47 47 47 47 47 47 47 47 47 47 47 47 47 47 47 47 47 47 47 47 47 47 47 47 47 47 47 47 47 47 47 47 47 47 47 47 47 47 47 47 47 47 47 47 47 47 47 47 47 47 47 47 47 47 47 47 47 47 47 47 47 47 47 47 47 47 47 47 47 47 47 47 47 47 47 47 47 47 47 47 47 47 47 47 47 47 47 47 47 47 47 47 47 47 47 47 47 47 47 47 47 47 47 47 47 47 47 47 47 47 47 47 47 47 47 47 47 47 47 47 47 47 47 47 47 47 47 47 47 47 47 47 47 47 47 47 47 47 47 47 47 47 47 47 47 47 47 47 47 47 47 47 47 47 47 47 47 47 47 47 47 47 47 47 47 47 47 47 47 47 47 47 47 47 47 47 47 47 47 47 47 47 47 47 47 47 47 47 47 47 47 47 47 47 47 47 47 47 47 47 47 47 47 47 47 47 47 47 47 47 47 47 47 47 47 47 47 47 47 47 47 47 47 47 47 47 47 47 47 47 47 47 47 47 47 47 47 47 47 47 47 47 47 47 47 47 47 47 47 47 47 47 47 47 47 47 47 47 47 47 47 47 47 47 47 47 47 47 47 47 47 47 47 47 47 47 47 47 47 47 47 47 47 47 47 47 47 47 47 47 47 47 47 47 47 47 47 47 47 47 47 47 47 47 47 47 47 47 47 47 47 47 47 47 47 47 47 47 47 47 47 47 47 47 47 47 47 47 47 47 47 47 47 47 47 47 47 47 47 47 47 47 47 47 47 47 47 47 47 47 47 47 47 47 47 47 47 47 47 47 47 47 47 47 47 47 47 47 47 47 47 47 47 47 47 47 47 47 47 47 47 47 47 47 47 47 47 47 47 47 47 47 47 47 47 47 47 47 47 47 47 47 47 47 47 47 47 47 47 47 47 47 47 	screen_data: MDAT "screen.bin"
